TransactionID,isFraud,TransactionDT,TransactionAmt,ProductCD,card1,card2,card3,card4,card5,card6,addr1,addr2,dist1,dist2,P_emaildomain,R_emaildomain,C1,C2,C3,C4,C5,C6,C7,C8,C9,C10,C11,C12,C13,C14,D1,D2,D3,D4,D5,D6,D7,D8,D9,D10,D11,D12,D13,D14,D15,M1,M2,M3,M4,M5,M6,M7,M8,M9,V1,V2,V3,V4,V5,V6,V7,V8,V9,V10,V11,V12,V13,V14,V15,V16,V17,V18,V19,V20,V21,V22,V23,V24,V25,V26,V27,V28,V29,V30,V31,V32,V33,V34,V35,V36,V37,V38,V39,V40
2987000,0,105789,49.12,S,1794.0,164.0,185.0,visa,183.0,credit,389.0,87.0,2.5308537,209.80388,gmail.com,hotmail.com,18.0,5.0,29.0,3.0,30.0,16.0,20.0,10.0,13.0,4.0,7.0,18.0,14.0,22.0,588.0,42.0,481.0,544.0,561.0,99.0,371.0,577.0,110.0,312.0,3.0,286.0,176.0,548.0,271.0,T,T,T,T,T,F,T,F,T,3.0,6.0,0.0,6.0,7.0,4.0,0.0,0.0,4.0,6.0,3.0,3.0,7.0,6.0,6.0,7.0,2.0,7.0,0.0,6.0,1.0,6.0,0.0,0.0,2.0,3.0,2.0,4.0,3.0,1.0,5.0,6.0,2.0,4.0,5.0,5.0,6.0,3.0,2.0,3.0
2987001,0,110536,188.83,H,13816.0,170.0,150.0,american express,231.0,credit,359.0,87.0,40.803776,,gmail.com,gmail.com,19.0,9.0,13.0,38.0,32.0,18.0,28.0,35.0,14.0,26.0,14.0,37.0,28.0,6.0,445.0,109.0,531.0,66.0,243.0,591.0,142.0,8.0,183.0,555.0,562.0,578.0,500.0,505.0,429.0,T,F,T,F,F,F,T,T,F,7.0,6.0,6.0,3.0,5.0,2.0,,7.0,2.0,7.0,5.0,3.0,5.0,7.0,6.0,0.0,3.0,5.0,3.0,4.0,0.0,0.0,1.0,7.0,6.0,0.0,5.0,4.0,7.0,5.0,4.0,3.0,0.0,2.0,4.0,1.0,2.0,7.0,6.0,2.0
2987002,0,112514,4.44,W,9523.0,231.0,150.0,american express,192.0,credit,335.0,87.0,29.841946,,yahoo.com,gmail.com,32.0,8.0,25.0,26.0,4.0,31.0,36.0,7.0,31.0,0.0,8.0,26.0,0.0,0.0,567.0,343.0,,129.0,63.0,523.0,500.0,123.0,35.0,149.0,167.0,177.0,165.0,390.0,597.0,F,T,T,F,F,F,F,F,F,3.0,2.0,1.0,2.0,7.0,3.0,,4.0,5.0,4.0,4.0,7.0,5.0,0.0,3.0,5.0,0.0,1.0,4.0,2.0,6.0,3.0,3.0,2.0,2.0,0.0,0.0,4.0,1.0,0.0,3.0,1.0,6.0,1.0,7.0,3.0,3.0,0.0,1.0,3.0
2987003,0,157163,10.52,S,8998.0,586.0,150.0,american express,231.0,credit,148.0,87.0,1.5429626,,gmail.com,gmail.com,0.0,6.0,17.0,21.0,27.0,0.0,37.0,9.0,13.0,7.0,10.0,15.0,20.0,16.0,569.0,4.0,513.0,,519.0,572.0,72.0,299.0,452.0,284.0,489.0,196.0,216.0,29.0,375.0,F,F,F,T,T,F,F,F,F,3.0,7.0,6.0,6.0,0.0,4.0,,3.0,2.0,3.0,4.0,6.0,1.0,1.0,0.0,7.0,2.0,5.0,7.0,2.0,6.0,5.0,5.0,0.0,5.0,2.0,4.0,3.0,3.0,2.0,3.0,2.0,5.0,6.0,7.0,3.0,5.0,2.0,0.0,2.0
2987004,0,160503,19.78,H,10264.0,184.0,150.0,mastercard,107.0,credit,245.0,87.0,13.0465765,169.33284,gmail.com,yahoo.com,30.0,7.0,21.0,0.0,13.0,30.0,34.0,6.0,2.0,16.0,5.0,8.0,34.0,23.0,65.0,172.0,105.0,424.0,481.0,166.0,173.0,203.0,327.0,488.0,576.0,22.0,510.0,200.0,576.0,F,F,T,T,T,T,T,F,F,3.0,7.0,4.0,0.0,4.0,4.0,5.0,6.0,5.0,6.0,0.0,5.0,4.0,6.0,4.0,5.0,1.0,5.0,5.0,4.0,3.0,1.0,0.0,4.0,4.0,2.0,1.0,6.0,1.0,5.0,6.0,2.0,4.0,3.0,7.0,5.0,7.0,5.0,4.0,2.0
2987005,1,201417,272.41,R,4749.0,551.0,150.0,visa,174.0,credit,134.0,87.0,50.761467,36.37526,gmail.com,hotmail.com,10.0,12.0,34.0,23.0,5.0,31.0,36.0,36.0,28.0,3.0,33.0,25.0,7.0,33.0,275.0,188.0,198.0,218.0,422.0,265.0,21.0,374.0,507.0,96.0,313.0,443.0,98.0,256.0,391.0,F,T,T,T,T,F,T,T,F,4.0,4.0,7.0,0.0,5.0,1.0,7.0,1.0,2.0,2.0,3.0,1.0,7.0,2.0,2.0,4.0,7.0,5.0,5.0,5.0,4.0,5.0,7.0,7.0,3.0,7.0,7.0,7.0,0.0,0.0,6.0,2.0,1.0,4.0,0.0,1.0,6.0,6.0,4.0,5.0
2987006,0,214159,74.5,W,11404.0,,150.0,discover,209.0,credit,433.0,87.0,4.89353,40.447575,anonymous.com,hotmail.com,37.0,22.0,15.0,17.0,6.0,32.0,37.0,28.0,26.0,18.0,31.0,10.0,32.0,35.0,446.0,582.0,,,50.0,294.0,509.0,216.0,517.0,556.0,556.0,44.0,398.0,427.0,508.0,T,F,F,F,F,T,T,T,F,2.0,5.0,7.0,0.0,0.0,3.0,1.0,0.0,7.0,3.0,6.0,4.0,0.0,5.0,4.0,2.0,0.0,7.0,2.0,1.0,1.0,4.0,7.0,7.0,3.0,5.0,6.0,3.0,3.0,5.0,4.0,3.0,5.0,2.0,0.0,5.0,3.0,1.0,4.0,3.0
2987007,0,220795,126.98,S,13966.0,560.0,185.0,mastercard,189.0,credit,430.0,87.0,18.542643,180.46098,hotmail.com,yahoo.com,38.0,15.0,26.0,23.0,4.0,39.0,39.0,20.0,23.0,9.0,5.0,39.0,16.0,18.0,5.0,584.0,,364.0,49.0,314.0,26.0,395.0,208.0,463.0,581.0,171.0,330.0,508.0,105.0,T,F,F,T,F,T,T,F,F,6.0,7.0,6.0,4.0,4.0,4.0,1.0,2.0,5.0,7.0,4.0,0.0,1.0,2.0,1.0,2.0,2.0,4.0,7.0,3.0,0.0,4.0,0.0,0.0,0.0,6.0,6.0,1.0,0.0,0.0,7.0,0.0,2.0,2.0,3.0,6.0,2.0,6.0,0.0,1.0
2987008,0,255089,15.58,R,7084.0,,150.0,american express,223.0,debit,213.0,87.0,51.355965,,hotmail.com,gmail.com,20.0,16.0,37.0,1.0,35.0,31.0,25.0,26.0,5.0,3.0,21.0,19.0,34.0,16.0,271.0,507.0,,,131.0,16.0,327.0,63.0,490.0,406.0,86.0,546.0,590.0,384.0,33.0,F,T,T,F,T,T,F,T,F,3.0,1.0,3.0,0.0,0.0,6.0,,1.0,4.0,3.0,6.0,2.0,5.0,1.0,6.0,4.0,3.0,0.0,2.0,3.0,4.0,0.0,0.0,6.0,5.0,4.0,1.0,2.0,2.0,0.0,1.0,4.0,1.0,4.0,5.0,4.0,2.0,3.0,1.0,3.0
2987009,0,305088,15.93,W,3282.0,,150.0,discover,164.0,credit,228.0,87.0,5.5420403,13.590769,aol.com,yahoo.com,12.0,9.0,30.0,22.0,30.0,21.0,5.0,10.0,25.0,38.0,25.0,22.0,25.0,37.0,412.0,205.0,335.0,,95.0,358.0,114.0,199.0,36.0,145.0,87.0,366.0,293.0,217.0,401.0,T,F,T,T,F,T,T,T,F,3.0,0.0,3.0,4.0,7.0,6.0,,6.0,3.0,7.0,5.0,5.0,0.0,4.0,5.0,7.0,7.0,6.0,2.0,2.0,1.0,1.0,6.0,2.0,0.0,0.0,0.0,6.0,5.0,1.0,3.0,6.0,2.0,2.0,1.0,5.0,0.0,6.0,2.0,7.0
2987010,0,317283,89.35,C,7730.0,,185.0,discover,195.0,credit,239.0,87.0,8.432514,58.01533,hotmail.com,yahoo.com,9.0,6.0,39.0,23.0,4.0,18.0,4.0,2.0,7.0,39.0,25.0,36.0,6.0,31.0,475.0,316.0,225.0,2.0,319.0,23.0,127.0,415.0,257.0,490.0,221.0,335.0,312.0,472.0,585.0,T,T,T,T,T,F,F,F,T,0.0,7.0,5.0,1.0,5.0,6.0,6.0,6.0,6.0,1.0,7.0,3.0,1.0,1.0,5.0,3.0,6.0,0.0,5.0,1.0,6.0,7.0,1.0,6.0,0.0,6.0,3.0,2.0,3.0,6.0,4.0,3.0,0.0,7.0,0.0,1.0,2.0,2.0,5.0,7.0
2987011,0,364236,58.21,R,4455.0,,150.0,american express,158.0,credit,491.0,87.0,3.1446052,,hotmail.com,gmail.com,7.0,39.0,23.0,11.0,25.0,15.0,31.0,33.0,22.0,38.0,39.0,12.0,29.0,8.0,249.0,302.0,355.0,39.0,235.0,165.0,364.0,282.0,399.0,505.0,335.0,482.0,510.0,417.0,442.0,F,F,F,F,F,T,F,F,T,7.0,4.0,5.0,7.0,1.0,1.0,,5.0,3.0,3.0,4.0,7.0,7.0,1.0,4.0,0.0,7.0,5.0,7.0,6.0,2.0,7.0,1.0,4.0,2.0,3.0,2.0,6.0,5.0,0.0,1.0,0.0,3.0,5.0,0.0,7.0,6.0,5.0,5.0,0.0
2987012,0,431371,99.84,W,7506.0,245.0,150.0,american express,222.0,credit,314.0,87.0,70.9894,,yahoo.com,hotmail.com,39.0,23.0,11.0,2.0,26.0,33.0,12.0,38.0,20.0,6.0,25.0,18.0,2.0,27.0,517.0,516.0,285.0,283.0,459.0,175.0,482.0,428.0,279.0,175.0,471.0,462.0,595.0,478.0,205.0,T,T,T,F,T,F,T,T,T,3.0,5.0,6.0,3.0,4.0,3.0,,7.0,6.0,3.0,4.0,7.0,0.0,4.0,1.0,3.0,2.0,6.0,6.0,3.0,5.0,3.0,1.0,5.0,4.0,3.0,5.0,5.0,2.0,0.0,3.0,3.0,6.0,6.0,4.0,2.0,2.0,1.0,6.0,4.0
2987013,0,476737,44.41,C,11906.0,,150.0,mastercard,116.0,debit,435.0,87.0,2.7495065,,hotmail.com,hotmail.com,7.0,9.0,39.0,38.0,20.0,15.0,32.0,1.0,30.0,15.0,27.0,21.0,9.0,28.0,404.0,447.0,,158.0,60.0,404.0,10.0,381.0,443.0,352.0,109.0,531.0,437.0,353.0,293.0,F,F,F,F,F,T,F,T,F,1.0,4.0,3.0,0.0,0.0,4.0,0.0,3.0,1.0,2.0,4.0,0.0,3.0,1.0,7.0,0.0,2.0,1.0,1.0,4.0,2.0,4.0,5.0,6.0,2.0,4.0,5.0,3.0,3.0,7.0,6.0,2.0,6.0,2.0,7.0,1.0,3.0,1.0,4.0,7.0
2987014,0,479682,74.14,R,2973.0,,150.0,visa,135.0,credit,297.0,87.0,88.62791,,gmail.com,gmail.com,17.0,32.0,25.0,28.0,24.0,22.0,37.0,2.0,39.0,13.0,1.0,10.0,35.0,9.0,27.0,543.0,,53.0,436.0,537.0,95.0,197.0,515.0,36.0,116.0,399.0,418.0,388.0,67.0,F,F,T,T,T,T,F,F,F,1.0,4.0,3.0,5.0,6.0,7.0,,1.0,6.0,7.0,2.0,7.0,2.0,1.0,2.0,7.0,4.0,6.0,6.0,0.0,1.0,4.0,1.0,7.0,7.0,1.0,3.0,1.0,7.0,4.0,5.0,4.0,5.0,0.0,3.0,4.0,0.0,5.0,3.0,1.0
2987015,0,546314,64.97,S,14002.0,145.0,150.0,visa,113.0,debit,407.0,87.0,14.451975,,hotmail.com,gmail.com,19.0,33.0,9.0,24.0,36.0,3.0,25.0,22.0,7.0,13.0,3.0,2.0,35.0,39.0,166.0,330.0,360.0,,560.0,419.0,172.0,256.0,254.0,236.0,183.0,269.0,525.0,208.0,204.0,T,T,T,T,F,T,T,T,F,2.0,0.0,0.0,2.0,1.0,2.0,5.0,2.0,7.0,3.0,3.0,6.0,3.0,6.0,2.0,4.0,2.0,6.0,2.0,2.0,4.0,4.0,1.0,1.0,7.0,3.0,1.0,4.0,1.0,4.0,5.0,2.0,7.0,0.0,5.0,3.0,2.0,5.0,4.0,0.0
2987016,0,551966,128.45,W,4908.0,193.0,185.0,mastercard,198.0,debit,332.0,87.0,45.74468,,aol.com,gmail.com,27.0,38.0,12.0,30.0,20.0,12.0,30.0,1.0,4.0,16.0,24.0,11.0,1.0,11.0,562.0,551.0,197.0,271.0,78.0,261.0,566.0,578.0,164.0,90.0,162.0,78.0,587.0,239.0,409.0,F,T,T,T,F,F,T,F,F,6.0,2.0,1.0,2.0,4.0,7.0,0.0,1.0,1.0,7.0,1.0,0.0,2.0,4.0,7.0,1.0,0.0,5.0,1.0,1.0,1.0,5.0,3.0,5.0,3.0,4.0,2.0,5.0,4.0,0.0,1.0,2.0,7.0,6.0,0.0,3.0,0.0,2.0,3.0,1.0
2987017,0,650017,132.65,R,16567.0,,150.0,discover,132.0,debit,222.0,87.0,39.742096,48.50655,hotmail.com,hotmail.com,33.0,6.0,10.0,26.0,26.0,10.0,11.0,28.0,22.0,20.0,36.0,4.0,15.0,21.0,1.0,446.0,81.0,595.0,391.0,315.0,34.0,577.0,349.0,333.0,564.0,221.0,440.0,165.0,99.0,F,T,T,F,F,F,T,T,T,0.0,0.0,6.0,5.0,0.0,5.0,0.0,7.0,1.0,1.0,3.0,3.0,2.0,4.0,0.0,4.0,6.0,2.0,7.0,2.0,3.0,4.0,4.0,1.0,7.0,5.0,4.0,1.0,5.0,3.0,1.0,5.0,1.0,6.0,1.0,6.0,3.0,4.0,1.0,2.0
2987018,0,667754,9.19,S,13744.0,,185.0,visa,144.0,credit,485.0,87.0,27.836496,182.29848,yahoo.com,yahoo.com,22.0,25.0,33.0,5.0,22.0,17.0,17.0,37.0,38.0,19.0,15.0,27.0,3.0,19.0,64.0,443.0,179.0,396.0,305.0,307.0,107.0,21.0,521.0,329.0,237.0,423.0,175.0,154.0,288.0,F,T,F,T,T,T,T,T,T,0.0,3.0,7.0,7.0,1.0,5.0,,4.0,7.0,2.0,1.0,7.0,6.0,1.0,1.0,4.0,0.0,1.0,7.0,6.0,2.0,1.0,7.0,7.0,0.0,4.0,2.0,6.0,2.0,4.0,3.0,1.0,3.0,5.0,5.0,4.0,2.0,7.0,4.0,7.0
2987019,0,730279,4.61,S,5743.0,,185.0,visa,217.0,credit,411.0,87.0,16.362268,186.0971,anonymous.com,gmail.com,30.0,39.0,3.0,18.0,15.0,20.0,38.0,11.0,6.0,11.0,25.0,0.0,10.0,27.0,206.0,396.0,245.0,235.0,56.0,88.0,242.0,423.0,592.0,319.0,520.0,152.0,385.0,391.0,173.0,F,T,T,F,T,F,T,F,T,4.0,0.0,4.0,7.0,7.0,5.0,7.0,6.0,3.0,3.0,3.0,0.0,0.0,1.0,6.0,4.0,1.0,5.0,2.0,4.0,7.0,0.0,1.0,5.0,1.0,7.0,2.0,1.0,2.0,4.0,2.0,7.0,2.0,4.0,3.0,2.0,7.0,2.0,2.0,2.0
2987020,0,732357,164.34,S,10800.0,130.0,150.0,discover,150.0,credit,438.0,87.0,26.47735,99.28905,aol.com,gmail.com,22.0,32.0,29.0,35.0,35.0,28.0,32.0,11.0,19.0,39.0,8.0,12.0,38.0,36.0,596.0,201.0,96.0,,175.0,574.0,195.0,294.0,489.0,406.0,33.0,402.0,141.0,230.0,294.0,T,F,T,T,T,F,F,T,F,3.0,6.0,2.0,3.0,3.0,6.0,,2.0,5.0,4.0,7.0,0.0,1.0,3.0,2.0,4.0,7.0,1.0,0.0,7.0,4.0,6.0,2.0,1.0,2.0,7.0,1.0,3.0,5.0,4.0,0.0,2.0,5.0,1.0,0.0,6.0,4.0,4.0,2.0,2.0
2987021,0,734694,201.64,W,2926.0,,150.0,american express,120.0,debit,517.0,87.0,11.0095,43.61487,hotmail.com,gmail.com,17.0,9.0,22.0,11.0,16.0,17.0,8.0,34.0,16.0,39.0,18.0,35.0,7.0,15.0,422.0,365.0,106.0,,472.0,551.0,29.0,0.0,146.0,554.0,61.0,80.0,300.0,80.0,458.0,F,T,F,F,T,F,T,T,T,7.0,2.0,0.0,6.0,0.0,5.0,,5.0,1.0,1.0,3.0,4.0,2.0,3.0,4.0,7.0,5.0,5.0,1.0,3.0,5.0,5.0,4.0,2.0,7.0,0.0,0.0,4.0,0.0,0.0,4.0,6.0,6.0,6.0,1.0,3.0,2.0,1.0,5.0,2.0
2987022,1,741575,17.77,S,2735.0,143.0,150.0,visa,102.0,debit,209.0,87.0,31.321321,5.1091223,yahoo.com,yahoo.com,6.0,35.0,2.0,38.0,31.0,6.0,37.0,14.0,12.0,13.0,30.0,22.0,25.0,15.0,88.0,213.0,,231.0,521.0,144.0,324.0,380.0,123.0,118.0,482.0,36.0,266.0,21.0,530.0,F,F,T,T,T,T,T,F,T,6.0,5.0,0.0,1.0,5.0,5.0,,2.0,3.0,2.0,5.0,7.0,6.0,3.0,4.0,6.0,5.0,1.0,4.0,6.0,4.0,1.0,3.0,7.0,4.0,0.0,4.0,5.0,2.0,7.0,6.0,0.0,7.0,4.0,6.0,7.0,4.0,4.0,0.0,3.0
2987023,0,788494,7.06,S,17635.0,,150.0,discover,131.0,credit,140.0,87.0,0.20162775,17.341097,anonymous.com,hotmail.com,8.0,16.0,24.0,2.0,24.0,21.0,19.0,9.0,26.0,8.0,26.0,26.0,32.0,30.0,235.0,389.0,,348.0,221.0,69.0,364.0,13.0,343.0,128.0,149.0,218.0,592.0,516.0,245.0,T,T,T,F,F,F,F,F,F,5.0,0.0,5.0,6.0,1.0,3.0,,3.0,5.0,4.0,3.0,2.0,3.0,1.0,6.0,2.0,1.0,2.0,0.0,1.0,7.0,0.0,4.0,5.0,5.0,4.0,7.0,1.0,3.0,5.0,5.0,2.0,0.0,4.0,5.0,7.0,7.0,7.0,0.0,7.0
2987024,0,833539,60.88,C,14962.0,115.0,185.0,visa,228.0,debit,356.0,87.0,1.9513419,177.50786,gmail.com,gmail.com,17.0,19.0,30.0,13.0,27.0,2.0,33.0,3.0,11.0,21.0,4.0,26.0,35.0,38.0,563.0,152.0,443.0,12.0,63.0,99.0,106.0,191.0,241.0,129.0,49.0,137.0,332.0,261.0,496.0,T,F,F,F,T,F,T,T,T,2.0,0.0,5.0,7.0,4.0,3.0,2.0,5.0,7.0,2.0,7.0,6.0,0.0,7.0,4.0,1.0,2.0,4.0,1.0,6.0,3.0,1.0,1.0,1.0,5.0,6.0,7.0,2.0,1.0,1.0,0.0,3.0,4.0,0.0,6.0,3.0,1.0,5.0,2.0,0.0
2987025,0,852170,152.01,R,3686.0,,185.0,discover,176.0,credit,243.0,87.0,3.196964,9.480488,aol.com,gmail.com,1.0,22.0,29.0,14.0,30.0,33.0,20.0,33.0,19.0,14.0,35.0,11.0,14.0,36.0,131.0,479.0,76.0,,146.0,377.0,413.0,414.0,366.0,556.0,356.0,523.0,575.0,345.0,421.0,T,F,F,T,T,F,T,T,F,5.0,3.0,2.0,4.0,6.0,4.0,3.0,7.0,3.0,6.0,1.0,5.0,4.0,2.0,3.0,7.0,1.0,1.0,1.0,4.0,6.0,4.0,4.0,6.0,3.0,4.0,7.0,6.0,4.0,7.0,6.0,3.0,0.0,4.0,2.0,6.0,2.0,1.0,4.0,3.0
2987026,0,856341,394.4,R,5918.0,363.0,150.0,american express,239.0,credit,291.0,87.0,5.160536,5.031144,yahoo.com,yahoo.com,12.0,30.0,21.0,24.0,29.0,30.0,24.0,37.0,33.0,39.0,37.0,25.0,27.0,30.0,345.0,342.0,,309.0,506.0,17.0,34.0,487.0,553.0,55.0,88.0,226.0,484.0,542.0,553.0,T,F,F,F,T,T,T,T,F,4.0,6.0,1.0,4.0,5.0,6.0,4.0,4.0,0.0,3.0,6.0,1.0,5.0,6.0,4.0,5.0,5.0,6.0,7.0,0.0,7.0,4.0,7.0,5.0,7.0,1.0,5.0,2.0,4.0,2.0,3.0,0.0,2.0,5.0,7.0,5.0,4.0,5.0,6.0,4.0
2987027,0,887739,96.34,R,4439.0,,150.0,american express,130.0,credit,203.0,87.0,7.8613725,,yahoo.com,hotmail.com,18.0,4.0,13.0,7.0,22.0,9.0,6.0,3.0,15.0,17.0,19.0,8.0,19.0,28.0,278.0,426.0,,472.0,341.0,61.0,438.0,247.0,329.0,18.0,36.0,251.0,509.0,66.0,444.0,T,T,F,T,T,F,F,F,F,2.0,6.0,0.0,4.0,1.0,5.0,,5.0,3.0,7.0,5.0,2.0,3.0,3.0,5.0,0.0,4.0,5.0,2.0,5.0,7.0,1.0,5.0,0.0,7.0,4.0,5.0,4.0,7.0,1.0,1.0,1.0,3.0,6.0,7.0,6.0,0.0,3.0,4.0,0.0
2987028,0,892269,36.27,C,7875.0,,150.0,discover,149.0,debit,275.0,87.0,51.52565,222.01147,anonymous.com,yahoo.com,18.0,21.0,6.0,9.0,24.0,10.0,13.0,32.0,0.0,1.0,13.0,25.0,4.0,30.0,456.0,133.0,236.0,,258.0,388.0,155.0,485.0,213.0,96.0,243.0,242.0,101.0,562.0,330.0,F,F,T,F,F,T,F,F,T,2.0,4.0,5.0,0.0,1.0,7.0,,4.0,5.0,1.0,7.0,4.0,0.0,3.0,3.0,4.0,2.0,0.0,3.0,3.0,5.0,1.0,5.0,2.0,3.0,7.0,0.0,3.0,4.0,7.0,3.0,7.0,4.0,1.0,2.0,3.0,4.0,0.0,2.0,0.0
2987029,0,952104,20.44,S,6069.0,390.0,185.0,discover,122.0,debit,273.0,87.0,106.83619,,gmail.com,gmail.com,32.0,32.0,0.0,26.0,20.0,1.0,28.0,6.0,35.0,5.0,21.0,27.0,8.0,37.0,451.0,475.0,,501.0,8.0,87.0,134.0,503.0,521.0,461.0,330.0,190.0,465.0,422.0,404.0,F,F,F,F,T,F,F,F,T,7.0,4.0,4.0,6.0,1.0,5.0,,3.0,7.0,6.0,1.0,3.0,7.0,0.0,1.0,0.0,5.0,6.0,3.0,0.0,7.0,1.0,0.0,6.0,5.0,1.0,1.0,0.0,4.0,1.0,1.0,7.0,6.0,0.0,1.0,3.0,1.0,4.0,2.0,7.0
2987030,0,960190,55.29,S,6708.0,142.0,185.0,american express,155.0,debit,254.0,87.0,5.9398966,,yahoo.com,gmail.com,38.0,21.0,14.0,11.0,13.0,14.0,33.0,5.0,10.0,2.0,32.0,35.0,29.0,0.0,499.0,481.0,120.0,220.0,469.0,41.0,117.0,268.0,263.0,347.0,316.0,550.0,150.0,384.0,190.0,F,T,F,T,T,F,F,T,T,4.0,5.0,2.0,5.0,5.0,3.0,6.0,7.0,6.0,3.0,7.0,1.0,6.0,5.0,3.0,0.0,6.0,5.0,0.0,6.0,5.0,3.0,7.0,2.0,4.0,3.0,5.0,4.0,5.0,0.0,5.0,3.0,7.0,6.0,7.0,2.0,6.0,2.0,3.0,2.0
2987031,1,966156,39.28,C,10211.0,,150.0,discover,178.0,credit,426.0,87.0,2.0128324,52.37454,gmail.com,hotmail.com,29.0,10.0,25.0,35.0,29.0,1.0,3.0,15.0,30.0,15.0,18.0,36.0,27.0,23.0,71.0,87.0,329.0,556.0,279.0,12.0,521.0,103.0,363.0,551.0,350.0,443.0,346.0,258.0,404.0,F,T,T,T,T,T,T,T,T,3.0,5.0,5.0,6.0,5.0,4.0,,7.0,6.0,0.0,7.0,1.0,7.0,0.0,7.0,1.0,5.0,6.0,4.0,4.0,2.0,1.0,5.0,0.0,4.0,5.0,7.0,2.0,1.0,5.0,5.0,0.0,2.0,2.0,2.0,4.0,6.0,7.0,2.0,1.0
2987032,0,1000140,17.88,S,4289.0,118.0,150.0,mastercard,213.0,debit,360.0,87.0,6.6203756,77.84973,yahoo.com,hotmail.com,3.0,2.0,1.0,34.0,35.0,37.0,3.0,17.0,30.0,12.0,1.0,0.0,20.0,1.0,272.0,210.0,471.0,313.0,327.0,423.0,301.0,395.0,81.0,122.0,14.0,95.0,291.0,423.0,425.0,T,F,F,T,F,T,T,T,F,6.0,5.0,6.0,0.0,4.0,4.0,5.0,2.0,1.0,5.0,2.0,4.0,7.0,5.0,0.0,2.0,0.0,4.0,7.0,4.0,1.0,3.0,5.0,4.0,0.0,3.0,7.0,2.0,3.0,2.0,5.0,2.0,4.0,3.0,3.0,4.0,0.0,7.0,5.0,2.0
2987033,0,1034451,519.9,C,16361.0,,150.0,american express,151.0,credit,308.0,87.0,34.110043,,hotmail.com,hotmail.com,16.0,21.0,39.0,12.0,28.0,5.0,27.0,34.0,21.0,34.0,2.0,11.0,31.0,23.0,415.0,406.0,,381.0,506.0,218.0,414.0,8.0,304.0,236.0,174.0,129.0,155.0,122.0,366.0,T,T,T,F,T,F,F,T,F,2.0,0.0,4.0,6.0,3.0,6.0,,7.0,4.0,1.0,4.0,6.0,2.0,7.0,1.0,0.0,4.0,5.0,6.0,4.0,1.0,0.0,1.0,7.0,1.0,0.0,5.0,6.0,6.0,1.0,0.0,7.0,0.0,5.0,7.0,3.0,4.0,5.0,6.0,0.0
2987034,0,1038193,389.04,H,13661.0,304.0,150.0,discover,208.0,debit,149.0,87.0,50.970448,,gmail.com,yahoo.com,29.0,28.0,23.0,22.0,30.0,26.0,17.0,27.0,3.0,35.0,32.0,21.0,27.0,15.0,251.0,524.0,15.0,,337.0,170.0,122.0,535.0,255.0,333.0,206.0,48.0,590.0,181.0,61.0,F,T,T,T,T,F,T,T,T,1.0,3.0,2.0,2.0,0.0,2.0,0.0,3.0,4.0,1.0,4.0,3.0,3.0,2.0,7.0,6.0,1.0,3.0,2.0,0.0,4.0,7.0,4.0,4.0,7.0,5.0,0.0,6.0,1.0,0.0,2.0,7.0,0.0,3.0,2.0,2.0,1.0,5.0,5.0,1.0
2987035,0,1039743,190.5,R,14233.0,541.0,150.0,american express,187.0,debit,351.0,87.0,15.126249,64.283936,yahoo.com,hotmail.com,23.0,21.0,11.0,13.0,33.0,22.0,33.0,5.0,38.0,5.0,31.0,12.0,13.0,12.0,400.0,442.0,473.0,,556.0,383.0,33.0,232.0,73.0,43.0,175.0,153.0,525.0,576.0,311.0,F,F,T,F,F,T,F,T,T,7.0,6.0,0.0,6.0,6.0,1.0,0.0,5.0,3.0,4.0,0.0,7.0,7.0,7.0,6.0,3.0,2.0,1.0,0.0,2.0,1.0,7.0,5.0,7.0,1.0,5.0,7.0,2.0,2.0,1.0,3.0,6.0,7.0,7.0,7.0,3.0,4.0,2.0,3.0,0.0
2987036,0,1116848,19.83,R,3948.0,,150.0,discover,140.0,debit,177.0,87.0,14.013281,,anonymous.com,yahoo.com,18.0,39.0,38.0,13.0,14.0,9.0,2.0,23.0,27.0,37.0,30.0,24.0,11.0,35.0,381.0,283.0,,,335.0,102.0,22.0,456.0,126.0,551.0,335.0,393.0,344.0,165.0,426.0,F,F,F,F,F,F,F,T,T,6.0,3.0,6.0,7.0,5.0,1.0,,4.0,7.0,6.0,4.0,5.0,3.0,5.0,0.0,4.0,7.0,1.0,6.0,5.0,1.0,2.0,4.0,0.0,5.0,5.0,2.0,4.0,1.0,7.0,7.0,6.0,7.0,6.0,1.0,4.0,4.0,0.0,2.0,4.0
2987037,0,1132736,139.84,W,13321.0,,150.0,american express,227.0,credit,238.0,87.0,25.925438,58.091362,aol.com,gmail.com,17.0,24.0,7.0,26.0,2.0,32.0,13.0,35.0,16.0,23.0,5.0,34.0,37.0,28.0,222.0,179.0,545.0,19.0,205.0,312.0,264.0,441.0,421.0,482.0,137.0,561.0,6.0,431.0,118.0,T,F,F,F,T,T,F,F,T,3.0,1.0,4.0,7.0,5.0,0.0,0.0,6.0,7.0,2.0,5.0,3.0,6.0,0.0,1.0,6.0,3.0,2.0,6.0,2.0,5.0,6.0,0.0,5.0,7.0,5.0,0.0,5.0,7.0,5.0,4.0,5.0,7.0,3.0,2.0,1.0,7.0,0.0,0.0,3.0
2987038,0,1142577,110.34,H,15550.0,,150.0,visa,160.0,credit,282.0,87.0,36.240223,49.315094,gmail.com,yahoo.com,16.0,20.0,38.0,11.0,13.0,4.0,1.0,26.0,34.0,12.0,6.0,10.0,38.0,22.0,60.0,545.0,,263.0,553.0,290.0,195.0,283.0,108.0,86.0,379.0,288.0,109.0,558.0,472.0,T,F,T,F,T,F,T,T,F,7.0,5.0,2.0,7.0,0.0,5.0,2.0,6.0,1.0,4.0,1.0,5.0,5.0,1.0,5.0,6.0,6.0,2.0,7.0,7.0,2.0,4.0,0.0,5.0,4.0,5.0,6.0,0.0,2.0,6.0,5.0,4.0,2.0,1.0,3.0,5.0,1.0,3.0,6.0,2.0
2987039,0,1219510,88.84,C,4048.0,361.0,150.0,visa,121.0,debit,162.0,87.0,22.94988,89.57476,anonymous.com,hotmail.com,23.0,2.0,11.0,5.0,30.0,35.0,28.0,9.0,31.0,16.0,15.0,35.0,1.0,35.0,582.0,524.0,528.0,500.0,385.0,404.0,460.0,583.0,79.0,505.0,561.0,48.0,136.0,355.0,505.0,F,T,T,T,F,T,F,F,T,2.0,2.0,0.0,0.0,2.0,7.0,1.0,3.0,7.0,0.0,2.0,3.0,7.0,5.0,6.0,6.0,1.0,6.0,4.0,2.0,5.0,0.0,3.0,7.0,1.0,2.0,1.0,0.0,2.0,4.0,2.0,6.0,5.0,7.0,3.0,6.0,4.0,2.0,7.0,7.0
2987040,0,1250509,215.86,C,14072.0,,185.0,visa,234.0,credit,271.0,87.0,0.83096457,,gmail.com,yahoo.com,7.0,22.0,15.0,10.0,32.0,29.0,34.0,5.0,30.0,17.0,9.0,35.0,31.0,3.0,495.0,538.0,598.0,552.0,456.0,374.0,473.0,477.0,34.0,269.0,396.0,28.0,583.0,178.0,323.0,T,T,F,F,T,F,T,T,T,5.0,4.0,6.0,2.0,2.0,4.0,7.0,5.0,6.0,1.0,4.0,6.0,0.0,5.0,5.0,1.0,7.0,4.0,3.0,3.0,7.0,2.0,5.0,4.0,6.0,0.0,2.0,4.0,6.0,4.0,2.0,5.0,1.0,5.0,1.0,2.0,7.0,7.0,0.0,2.0
2987041,0,1252827,109.83,W,7223.0,,185.0,discover,227.0,credit,217.0,87.0,112.383095,877.65515,hotmail.com,hotmail.com,20.0,6.0,17.0,37.0,20.0,25.0,6.0,18.0,6.0,6.0,15.0,36.0,5.0,25.0,536.0,182.0,493.0,514.0,136.0,405.0,186.0,530.0,15.0,201.0,233.0,248.0,242.0,509.0,578.0,T,F,T,F,T,F,T,T,T,0.0,4.0,7.0,2.0,4.0,0.0,5.0,4.0,5.0,6.0,7.0,7.0,5.0,0.0,6.0,5.0,2.0,3.0,6.0,3.0,0.0,0.0,3.0,6.0,0.0,7.0,5.0,7.0,7.0,1.0,6.0,2.0,5.0,6.0,7.0,3.0,0.0,2.0,1.0,0.0
2987042,0,1291079,123.23,S,14703.0,307.0,150.0,discover,106.0,credit,473.0,87.0,14.369456,84.642784,aol.com,hotmail.com,8.0,28.0,39.0,10.0,31.0,35.0,12.0,18.0,25.0,34.0,22.0,2.0,34.0,6.0,179.0,261.0,230.0,,402.0,127.0,260.0,56.0,260.0,567.0,260.0,158.0,28.0,495.0,514.0,T,F,T,T,F,T,F,F,F,5.0,5.0,3.0,4.0,6.0,2.0,0.0,6.0,3.0,0.0,0.0,6.0,6.0,5.0,4.0,7.0,1.0,5.0,5.0,0.0,5.0,5.0,5.0,1.0,5.0,1.0,7.0,7.0,0.0,7.0,6.0,5.0,3.0,3.0,5.0,0.0,2.0,1.0,1.0,0.0
2987043,0,1307345,110.01,W,9324.0,,150.0,visa,226.0,credit,478.0,87.0,17.709604,,anonymous.com,gmail.com,27.0,6.0,10.0,14.0,2.0,16.0,33.0,14.0,11.0,0.0,11.0,11.0,23.0,9.0,189.0,146.0,595.0,,336.0,84.0,228.0,290.0,293.0,311.0,351.0,346.0,351.0,326.0,279.0,F,T,T,F,F,F,T,F,T,1.0,7.0,2.0,7.0,6.0,7.0,4.0,1.0,6.0,2.0,7.0,1.0,1.0,6.0,7.0,0.0,2.0,5.0,6.0,6.0,6.0,6.0,7.0,0.0,2.0,6.0,7.0,3.0,7.0,6.0,0.0,2.0,7.0,3.0,5.0,4.0,5.0,6.0,6.0,5.0
2987044,0,1345153,79.43,H,14958.0,,185.0,visa,232.0,debit,102.0,87.0,2.690431,93.93181,yahoo.com,gmail.com,34.0,36.0,38.0,25.0,25.0,11.0,1.0,4.0,3.0,2.0,4.0,4.0,27.0,7.0,194.0,572.0,207.0,295.0,63.0,320.0,405.0,571.0,374.0,136.0,434.0,70.0,570.0,68.0,530.0,T,T,F,T,T,T,T,F,T,1.0,5.0,4.0,5.0,4.0,0.0,5.0,5.0,4.0,4.0,6.0,0.0,5.0,0.0,4.0,6.0,1.0,7.0,2.0,1.0,1.0,4.0,7.0,5.0,5.0,4.0,1.0,5.0,5.0,4.0,4.0,5.0,2.0,1.0,5.0,3.0,0.0,6.0,1.0,4.0
2987045,0,1382452,7.68,S,3565.0,273.0,185.0,american express,216.0,debit,365.0,87.0,1.7238623,3.182959,yahoo.com,gmail.com,20.0,12.0,13.0,4.0,27.0,6.0,38.0,4.0,13.0,10.0,16.0,4.0,28.0,21.0,18.0,520.0,351.0,286.0,152.0,34.0,377.0,487.0,343.0,485.0,180.0,138.0,336.0,264.0,559.0,F,T,F,T,F,T,F,F,F,6.0,7.0,6.0,4.0,2.0,4.0,,4.0,7.0,0.0,6.0,6.0,1.0,7.0,3.0,6.0,4.0,2.0,7.0,3.0,6.0,0.0,5.0,0.0,3.0,4.0,1.0,3.0,6.0,0.0,6.0,3.0,5.0,3.0,5.0,6.0,1.0,3.0,0.0,2.0
2987046,0,1409091,59.86,W,7769.0,,150.0,american express,135.0,credit,381.0,87.0,1.962119,,anonymous.com,hotmail.com,15.0,17.0,11.0,10.0,20.0,36.0,35.0,21.0,4.0,5.0,28.0,2.0,24.0,25.0,101.0,103.0,,108.0,546.0,272.0,390.0,272.0,322.0,429.0,23.0,333.0,266.0,258.0,64.0,T,T,T,F,F,F,T,T,F,1.0,0.0,4.0,6.0,3.0,3.0,7.0,3.0,5.0,7.0,0.0,6.0,7.0,4.0,5.0,6.0,1.0,1.0,0.0,7.0,4.0,1.0,5.0,6.0,4.0,0.0,6.0,7.0,0.0,6.0,1.0,3.0,5.0,4.0,5.0,7.0,7.0,0.0,2.0,1.0
2987047,0,1420039,29.61,R,5757.0,333.0,185.0,discover,188.0,debit,266.0,87.0,21.333084,161.39587,aol.com,hotmail.com,37.0,5.0,25.0,6.0,28.0,16.0,6.0,37.0,4.0,2.0,24.0,17.0,10.0,30.0,184.0,148.0,577.0,472.0,342.0,375.0,33.0,42.0,599.0,115.0,421.0,168.0,105.0,113.0,598.0,F,T,F,T,F,F,T,F,T,3.0,6.0,0.0,1.0,5.0,7.0,7.0,2.0,7.0,4.0,4.0,4.0,7.0,4.0,3.0,3.0,1.0,0.0,0.0,7.0,5.0,3.0,0.0,0.0,3.0,7.0,2.0,4.0,0.0,2.0,5.0,1.0,6.0,1.0,5.0,6.0,4.0,0.0,2.0,1.0
2987048,0,1420160,13.36,R,5321.0,134.0,150.0,mastercard,175.0,debit,306.0,87.0,1.785569,85.980965,yahoo.com,gmail.com,26.0,8.0,27.0,36.0,19.0,33.0,5.0,23.0,29.0,15.0,12.0,3.0,32.0,17.0,592.0,331.0,355.0,189.0,464.0,492.0,202.0,169.0,149.0,406.0,396.0,218.0,527.0,241.0,2.0,T,F,F,F,F,T,T,F,F,7.0,3.0,1.0,5.0,2.0,4.0,7.0,5.0,3.0,2.0,2.0,1.0,0.0,0.0,4.0,1.0,5.0,1.0,5.0,1.0,0.0,1.0,0.0,5.0,4.0,4.0,0.0,7.0,2.0,1.0,3.0,7.0,0.0,5.0,5.0,1.0,0.0,4.0,3.0,3.0
2987049,0,1688658,347.23,C,6364.0,,150.0,mastercard,186.0,debit,447.0,87.0,90.27955,103.29538,gmail.com,gmail.com,17.0,36.0,13.0,37.0,20.0,13.0,27.0,17.0,20.0,15.0,12.0,11.0,22.0,37.0,122.0,249.0,,,103.0,391.0,580.0,343.0,427.0,377.0,60.0,133.0,62.0,92.0,291.0,T,F,T,T,T,T,F,F,T,7.0,5.0,0.0,4.0,3.0,4.0,0.0,2.0,0.0,7.0,7.0,7.0,4.0,4.0,6.0,5.0,0.0,4.0,4.0,3.0,3.0,0.0,5.0,3.0,7.0,6.0,4.0,2.0,6.0,5.0,4.0,5.0,3.0,4.0,7.0,1.0,6.0,6.0,4.0,5.0
2987050,0,1688752,365.73,H,7654.0,310.0,185.0,visa,186.0,credit,266.0,87.0,18.699327,87.254456,hotmail.com,yahoo.com,1.0,11.0,5.0,30.0,24.0,38.0,0.0,37.0,15.0,5.0,23.0,39.0,21.0,14.0,304.0,275.0,211.0,221.0,130.0,596.0,205.0,385.0,47.0,165.0,375.0,30.0,560.0,415.0,562.0,T,F,F,F,T,T,F,F,T,3.0,0.0,3.0,1.0,6.0,5.0,3.0,0.0,3.0,4.0,5.0,3.0,3.0,3.0,7.0,4.0,3.0,6.0,4.0,4.0,2.0,2.0,6.0,5.0,6.0,6.0,5.0,7.0,3.0,6.0,4.0,0.0,3.0,6.0,1.0,3.0,4.0,3.0,1.0,5.0
2987051,0,1706089,243.51,R,3214.0,,185.0,visa,189.0,debit,128.0,87.0,18.189466,,anonymous.com,yahoo.com,0.0,20.0,15.0,9.0,31.0,34.0,20.0,27.0,7.0,32.0,6.0,35.0,12.0,6.0,328.0,220.0,,361.0,564.0,334.0,104.0,554.0,509.0,258.0,42.0,207.0,133.0,259.0,434.0,T,T,T,T,T,T,F,F,F,0.0,4.0,3.0,5.0,4.0,6.0,6.0,7.0,7.0,5.0,5.0,2.0,7.0,2.0,4.0,5.0,5.0,4.0,7.0,5.0,1.0,4.0,1.0,4.0,3.0,1.0,7.0,5.0,5.0,4.0,6.0,3.0,1.0,0.0,4.0,4.0,3.0,0.0,0.0,5.0
2987052,0,1706329,72.29,R,13303.0,490.0,185.0,american express,171.0,debit,263.0,87.0,53.568924,56.07964,hotmail.com,hotmail.com,8.0,39.0,21.0,24.0,9.0,12.0,2.0,28.0,30.0,35.0,33.0,37.0,0.0,1.0,215.0,404.0,,162.0,252.0,267.0,119.0,55.0,217.0,503.0,385.0,197.0,82.0,438.0,160.0,F,T,T,F,T,F,T,F,T,2.0,0.0,4.0,6.0,3.0,4.0,,3.0,5.0,0.0,0.0,2.0,2.0,6.0,0.0,2.0,3.0,7.0,6.0,2.0,6.0,0.0,4.0,3.0,7.0,7.0,3.0,6.0,1.0,0.0,0.0,3.0,6.0,1.0,1.0,0.0,7.0,2.0,0.0,0.0
2987053,0,1737177,241.21,R,10574.0,230.0,150.0,mastercard,196.0,credit,211.0,87.0,17.702682,42.565475,aol.com,hotmail.com,9.0,24.0,1.0,26.0,12.0,19.0,21.0,23.0,25.0,28.0,34.0,1.0,22.0,5.0,551.0,538.0,,,532.0,147.0,16.0,237.0,207.0,104.0,446.0,539.0,209.0,273.0,386.0,T,F,T,F,F,T,T,F,F,4.0,5.0,6.0,6.0,5.0,5.0,3.0,1.0,5.0,1.0,7.0,2.0,5.0,1.0,4.0,1.0,0.0,5.0,5.0,4.0,4.0,7.0,2.0,3.0,7.0,4.0,6.0,0.0,2.0,4.0,1.0,7.0,6.0,3.0,1.0,3.0,2.0,0.0,5.0,4.0
2987054,0,1772925,55.33,S,15429.0,310.0,185.0,discover,173.0,debit,268.0,87.0,6.1293845,,aol.com,gmail.com,28.0,1.0,3.0,34.0,16.0,31.0,14.0,30.0,23.0,20.0,1.0,26.0,13.0,17.0,55.0,550.0,329.0,198.0,485.0,403.0,468.0,163.0,81.0,433.0,9.0,535.0,2.0,428.0,128.0,F,F,F,F,F,F,T,T,T,2.0,1.0,0.0,6.0,2.0,6.0,2.0,1.0,5.0,0.0,3.0,2.0,0.0,0.0,2.0,7.0,1.0,7.0,1.0,6.0,7.0,3.0,0.0,4.0,5.0,1.0,4.0,6.0,7.0,7.0,2.0,6.0,0.0,7.0,7.0,0.0,3.0,3.0,5.0,6.0
2987055,0,1804834,68.24,H,13267.0,176.0,150.0,discover,102.0,debit,201.0,87.0,31.403969,90.067764,anonymous.com,gmail.com,20.0,14.0,36.0,6.0,8.0,9.0,28.0,20.0,7.0,37.0,38.0,25.0,26.0,16.0,522.0,273.0,,,202.0,486.0,3.0,576.0,305.0,498.0,436.0,258.0,8.0,439.0,142.0,F,F,T,F,F,T,T,F,F,5.0,1.0,7.0,6.0,0.0,4.0,3.0,6.0,4.0,4.0,1.0,2.0,1.0,3.0,1.0,4.0,7.0,2.0,0.0,6.0,1.0,1.0,3.0,5.0,4.0,4.0,7.0,1.0,3.0,5.0,6.0,7.0,5.0,1.0,3.0,2.0,4.0,3.0,2.0,1.0
2987056,0,1833325,16.4,C,3593.0,477.0,185.0,mastercard,104.0,debit,165.0,87.0,0.9909755,72.50564,gmail.com,yahoo.com,39.0,15.0,1.0,29.0,13.0,0.0,35.0,24.0,4.0,14.0,0.0,5.0,14.0,34.0,446.0,496.0,,,569.0,192.0,357.0,99.0,239.0,562.0,72.0,172.0,111.0,96.0,546.0,T,T,T,F,T,T,T,F,T,7.0,0.0,2.0,3.0,6.0,5.0,5.0,2.0,0.0,6.0,6.0,5.0,7.0,5.0,7.0,6.0,6.0,2.0,1.0,6.0,5.0,0.0,3.0,5.0,0.0,4.0,3.0,7.0,6.0,2.0,4.0,3.0,6.0,7.0,5.0,2.0,1.0,5.0,7.0,4.0
2987057,0,1841285,84.49,S,2216.0,,150.0,visa,234.0,debit,533.0,87.0,3.6140187,76.136604,aol.com,yahoo.com,21.0,11.0,16.0,7.0,14.0,11.0,19.0,24.0,4.0,17.0,18.0,36.0,38.0,5.0,183.0,416.0,465.0,405.0,465.0,45.0,239.0,132.0,584.0,194.0,159.0,250.0,415.0,265.0,28.0,T,T,F,T,T,F,T,T,F,4.0,2.0,4.0,0.0,3.0,2.0,,2.0,3.0,7.0,7.0,0.0,3.0,1.0,3.0,7.0,2.0,6.0,4.0,7.0,4.0,7.0,6.0,3.0,4.0,5.0,5.0,1.0,5.0,5.0,1.0,1.0,2.0,7.0,5.0,0.0,1.0,0.0,4.0,0.0
2987058,0,1848676,58.35,S,8356.0,499.0,150.0,discover,227.0,credit,156.0,87.0,25.308378,,anonymous.com,hotmail.com,36.0,9.0,30.0,22.0,12.0,23.0,25.0,30.0,1.0,0.0,26.0,16.0,27.0,10.0,460.0,118.0,439.0,84.0,76.0,6.0,56.0,178.0,106.0,159.0,422.0,364.0,488.0,449.0,577.0,F,F,F,F,T,F,F,T,F,4.0,7.0,1.0,7.0,2.0,2.0,,3.0,0.0,4.0,3.0,2.0,6.0,7.0,6.0,3.0,6.0,5.0,5.0,6.0,5.0,4.0,6.0,2.0,1.0,2.0,7.0,6.0,1.0,1.0,0.0,5.0,5.0,0.0,0.0,2.0,1.0,3.0,6.0,7.0
2987059,0,1880655,13.03,S,9371.0,,185.0,visa,181.0,credit,410.0,87.0,0.4721043,,yahoo.com,yahoo.com,22.0,20.0,13.0,35.0,16.0,5.0,24.0,35.0,38.0,28.0,13.0,39.0,18.0,39.0,257.0,476.0,537.0,208.0,57.0,379.0,530.0,63.0,250.0,560.0,213.0,231.0,148.0,355.0,272.0,F,F,T,F,F,T,F,F,F,4.0,7.0,2.0,3.0,0.0,0.0,,0.0,2.0,0.0,5.0,1.0,7.0,5.0,2.0,2.0,0.0,3.0,6.0,4.0,2.0,6.0,7.0,0.0,1.0,7.0,7.0,5.0,7.0,6.0,7.0,1.0,4.0,2.0,3.0,5.0,2.0,1.0,6.0,5.0
2987060,0,1887719,51.61,H,5180.0,444.0,185.0,mastercard,124.0,debit,415.0,87.0,22.743166,451.75775,hotmail.com,yahoo.com,14.0,15.0,19.0,2.0,20.0,13.0,39.0,11.0,14.0,3.0,8.0,4.0,28.0,1.0,582.0,210.0,,,75.0,397.0,445.0,386.0,540.0,277.0,586.0,453.0,386.0,132.0,38.0,F,F,T,T,T,T,T,T,T,1.0,0.0,6.0,5.0,7.0,5.0,,4.0,5.0,5.0,4.0,5.0,7.0,7.0,4.0,7.0,0.0,7.0,0.0,7.0,5.0,6.0,0.0,6.0,6.0,1.0,3.0,3.0,7.0,6.0,1.0,5.0,0.0,2.0,1.0,7.0,0.0,3.0,2.0,4.0
2987061,0,1908215,50.01,C,14610.0,265.0,185.0,american express,209.0,credit,371.0,87.0,57.547962,72.76682,aol.com,gmail.com,28.0,11.0,3.0,5.0,27.0,36.0,9.0,27.0,26.0,26.0,1.0,26.0,25.0,16.0,21.0,376.0,,,444.0,72.0,491.0,314.0,484.0,341.0,574.0,578.0,210.0,499.0,472.0,F,T,F,T,F,T,T,F,F,4.0,7.0,0.0,0.0,5.0,2.0,,0.0,6.0,5.0,2.0,7.0,0.0,3.0,5.0,5.0,7.0,6.0,2.0,3.0,1.0,7.0,7.0,1.0,2.0,3.0,4.0,7.0,6.0,4.0,0.0,3.0,6.0,3.0,2.0,6.0,4.0,7.0,4.0,4.0
2987062,0,1963039,394.38,H,11119.0,,150.0,discover,120.0,credit,501.0,87.0,127.96959,93.591415,aol.com,gmail.com,17.0,16.0,31.0,32.0,12.0,3.0,9.0,1.0,39.0,31.0,29.0,5.0,24.0,7.0,17.0,432.0,53.0,41.0,85.0,13.0,561.0,334.0,458.0,307.0,592.0,242.0,259.0,119.0,28.0,F,T,F,F,F,F,T,T,T,7.0,4.0,3.0,7.0,2.0,6.0,,6.0,1.0,4.0,5.0,6.0,1.0,0.0,7.0,5.0,5.0,2.0,2.0,5.0,6.0,7.0,4.0,3.0,4.0,6.0,4.0,3.0,3.0,1.0,3.0,2.0,6.0,7.0,1.0,2.0,7.0,5.0,4.0,5.0
2987063,0,1968218,146.0,C,14015.0,,150.0,american express,152.0,credit,102.0,87.0,43.406593,184.66443,hotmail.com,hotmail.com,10.0,13.0,25.0,0.0,33.0,2.0,15.0,21.0,37.0,8.0,1.0,37.0,23.0,21.0,326.0,566.0,,193.0,169.0,392.0,547.0,544.0,315.0,308.0,62.0,70.0,200.0,596.0,195.0,T,T,F,T,T,T,T,F,F,5.0,2.0,4.0,7.0,4.0,7.0,2.0,3.0,5.0,5.0,7.0,1.0,5.0,1.0,1.0,7.0,4.0,4.0,5.0,7.0,3.0,6.0,1.0,7.0,6.0,0.0,0.0,0.0,3.0,3.0,4.0,0.0,2.0,3.0,5.0,7.0,2.0,6.0,3.0,3.0
2987064,0,1975980,55.29,C,2896.0,422.0,185.0,visa,146.0,credit,232.0,87.0,6.444502,69.3584,gmail.com,hotmail.com,18.0,9.0,34.0,27.0,19.0,16.0,29.0,35.0,12.0,24.0,19.0,24.0,37.0,38.0,558.0,568.0,455.0,407.0,260.0,238.0,420.0,259.0,523.0,374.0,105.0,72.0,534.0,424.0,144.0,F,T,F,F,F,T,T,F,F,6.0,7.0,4.0,7.0,3.0,7.0,,1.0,1.0,4.0,7.0,4.0,7.0,4.0,4.0,1.0,2.0,3.0,0.0,0.0,3.0,6.0,5.0,6.0,4.0,3.0,1.0,0.0,2.0,0.0,2.0,6.0,2.0,5.0,1.0,3.0,0.0,0.0,5.0,7.0
2987065,0,2034218,71.78,R,15182.0,528.0,185.0,visa,101.0,credit,181.0,87.0,11.975153,,anonymous.com,gmail.com,26.0,18.0,34.0,20.0,28.0,0.0,34.0,25.0,19.0,12.0,15.0,3.0,12.0,9.0,38.0,481.0,384.0,,81.0,250.0,320.0,186.0,134.0,253.0,109.0,523.0,307.0,193.0,470.0,T,T,F,T,F,F,F,T,T,6.0,1.0,3.0,1.0,2.0,2.0,,3.0,1.0,5.0,5.0,0.0,7.0,4.0,3.0,2.0,6.0,3.0,6.0,7.0,4.0,6.0,0.0,2.0,6.0,3.0,5.0,6.0,5.0,6.0,1.0,5.0,6.0,1.0,3.0,2.0,0.0,6.0,2.0,1.0
2987066,0,2103378,57.32,S,4585.0,540.0,150.0,mastercard,212.0,debit,353.0,87.0,9.075065,415.3021,anonymous.com,hotmail.com,15.0,37.0,14.0,13.0,4.0,1.0,11.0,10.0,18.0,15.0,38.0,8.0,17.0,14.0,466.0,303.0,,77.0,198.0,157.0,418.0,225.0,485.0,235.0,351.0,249.0,303.0,116.0,238.0,F,F,T,F,F,F,T,T,T,3.0,1.0,3.0,6.0,2.0,5.0,1.0,1.0,7.0,3.0,2.0,3.0,5.0,5.0,3.0,0.0,4.0,6.0,0.0,6.0,0.0,2.0,3.0,3.0,6.0,6.0,0.0,3.0,2.0,5.0,0.0,2.0,6.0,4.0,2.0,6.0,1.0,6.0,0.0,6.0
2987067,0,2199283,43.68,R,8799.0,,185.0,mastercard,171.0,debit,379.0,87.0,9.758565,101.13179,gmail.com,yahoo.com,28.0,20.0,1.0,34.0,6.0,7.0,4.0,24.0,1.0,21.0,37.0,14.0,10.0,17.0,563.0,240.0,442.0,,406.0,430.0,269.0,480.0,348.0,240.0,258.0,196.0,515.0,541.0,392.0,T,T,T,F,T,F,F,F,F,2.0,1.0,7.0,4.0,0.0,6.0,,2.0,4.0,1.0,7.0,2.0,0.0,6.0,6.0,3.0,3.0,5.0,4.0,7.0,2.0,4.0,6.0,2.0,3.0,6.0,4.0,6.0,1.0,2.0,3.0,5.0,0.0,2.0,7.0,3.0,4.0,5.0,0.0,6.0
2987068,0,2237877,16.6,C,8645.0,540.0,185.0,visa,144.0,credit,495.0,87.0,32.337605,207.27283,aol.com,yahoo.com,39.0,23.0,13.0,33.0,18.0,4.0,24.0,14.0,30.0,9.0,32.0,0.0,22.0,31.0,291.0,264.0,595.0,,583.0,446.0,108.0,317.0,209.0,393.0,447.0,371.0,394.0,314.0,43.0,T,F,F,F,T,T,T,T,F,7.0,1.0,1.0,1.0,7.0,4.0,5.0,1.0,1.0,0.0,7.0,4.0,5.0,6.0,1.0,3.0,3.0,0.0,7.0,6.0,1.0,7.0,7.0,5.0,7.0,6.0,3.0,0.0,0.0,6.0,7.0,7.0,2.0,7.0,6.0,5.0,3.0,6.0,3.0,6.0
2987069,0,2282649,46.24,R,15277.0,,150.0,american express,171.0,credit,267.0,87.0,54.418045,,yahoo.com,hotmail.com,16.0,39.0,5.0,13.0,14.0,32.0,23.0,17.0,22.0,31.0,29.0,0.0,39.0,39.0,520.0,570.0,,444.0,281.0,31.0,231.0,101.0,130.0,490.0,169.0,573.0,89.0,483.0,417.0,F,T,F,F,T,F,F,T,T,3.0,3.0,3.0,4.0,7.0,4.0,2.0,5.0,1.0,7.0,0.0,3.0,2.0,4.0,4.0,3.0,2.0,4.0,1.0,1.0,7.0,6.0,2.0,1.0,7.0,2.0,3.0,0.0,3.0,6.0,1.0,5.0,4.0,6.0,2.0,1.0,3.0,0.0,7.0,0.0
2987070,0,2312957,24.03,C,5817.0,203.0,185.0,visa,100.0,credit,203.0,87.0,12.672122,71.04899,aol.com,hotmail.com,11.0,24.0,21.0,0.0,19.0,4.0,14.0,9.0,14.0,15.0,21.0,37.0,24.0,3.0,454.0,123.0,351.0,,448.0,53.0,280.0,413.0,312.0,333.0,119.0,254.0,113.0,499.0,426.0,F,F,T,F,F,T,F,F,T,5.0,1.0,2.0,3.0,6.0,3.0,,7.0,0.0,3.0,2.0,5.0,6.0,0.0,3.0,1.0,4.0,5.0,5.0,2.0,3.0,0.0,1.0,7.0,2.0,3.0,6.0,7.0,6.0,7.0,4.0,7.0,1.0,1.0,2.0,2.0,6.0,5.0,1.0,3.0
2987071,0,2325697,13.8,H,5189.0,,185.0,discover,161.0,debit,506.0,87.0,0.31537262,82.013535,hotmail.com,gmail.com,16.0,8.0,5.0,5.0,6.0,20.0,7.0,24.0,22.0,18.0,13.0,39.0,8.0,19.0,128.0,314.0,525.0,75.0,318.0,333.0,27.0,447.0,1.0,406.0,389.0,189.0,204.0,40.0,171.0,F,T,T,F,F,F,F,F,T,5.0,1.0,6.0,5.0,2.0,2.0,4.0,3.0,3.0,2.0,4.0,4.0,4.0,4.0,7.0,6.0,5.0,4.0,4.0,0.0,0.0,0.0,4.0,7.0,6.0,0.0,2.0,1.0,6.0,2.0,1.0,3.0,7.0,4.0,5.0,7.0,3.0,6.0,4.0,5.0
2987072,0,2351673,95.81,C,6909.0,476.0,185.0,discover,172.0,debit,396.0,87.0,9.593827,23.926739,yahoo.com,gmail.com,33.0,15.0,36.0,4.0,18.0,28.0,33.0,7.0,29.0,32.0,6.0,21.0,36.0,30.0,512.0,407.0,,210.0,279.0,361.0,508.0,149.0,428.0,247.0,370.0,517.0,58.0,410.0,528.0,F,T,F,T,T,T,F,T,F,0.0,2.0,6.0,0.0,7.0,4.0,,0.0,0.0,2.0,4.0,7.0,1.0,6.0,1.0,3.0,6.0,2.0,6.0,4.0,0.0,1.0,1.0,2.0,1.0,6.0,6.0,5.0,6.0,1.0,5.0,3.0,1.0,2.0,5.0,1.0,4.0,1.0,1.0,4.0
2987073,0,2455691,83.96,R,7278.0,208.0,185.0,discover,147.0,credit,436.0,87.0,21.2893,,gmail.com,hotmail.com,7.0,19.0,24.0,39.0,27.0,25.0,33.0,17.0,0.0,9.0,38.0,36.0,31.0,0.0,419.0,13.0,432.0,491.0,312.0,86.0,545.0,334.0,141.0,464.0,414.0,49.0,415.0,200.0,282.0,T,F,T,F,T,F,T,T,T,2.0,5.0,6.0,4.0,2.0,7.0,3.0,0.0,4.0,0.0,5.0,0.0,6.0,6.0,1.0,3.0,3.0,5.0,4.0,3.0,7.0,5.0,7.0,1.0,0.0,2.0,6.0,2.0,4.0,3.0,0.0,6.0,6.0,3.0,4.0,6.0,7.0,3.0,5.0,5.0
2987074,0,2468453,7.65,C,4161.0,,150.0,visa,216.0,debit,295.0,87.0,7.1327877,74.61819,gmail.com,hotmail.com,38.0,18.0,10.0,23.0,29.0,26.0,29.0,37.0,25.0,18.0,15.0,26.0,17.0,32.0,7.0,380.0,313.0,,575.0,94.0,251.0,338.0,233.0,236.0,187.0,506.0,297.0,544.0,400.0,T,F,T,F,F,T,T,F,F,2.0,6.0,0.0,5.0,6.0,1.0,7.0,6.0,3.0,7.0,4.0,7.0,7.0,6.0,0.0,6.0,2.0,7.0,6.0,3.0,1.0,3.0,2.0,4.0,4.0,3.0,7.0,4.0,6.0,2.0,1.0,5.0,0.0,3.0,0.0,3.0,1.0,3.0,1.0,5.0
2987075,0,2501921,47.71,C,4068.0,444.0,185.0,mastercard,134.0,credit,296.0,87.0,12.748755,,anonymous.com,gmail.com,16.0,5.0,36.0,27.0,9.0,14.0,23.0,30.0,34.0,39.0,17.0,1.0,5.0,9.0,340.0,156.0,574.0,412.0,35.0,409.0,297.0,105.0,115.0,252.0,315.0,312.0,26.0,131.0,109.0,F,T,F,T,F,T,F,F,T,1.0,0.0,0.0,5.0,0.0,0.0,,2.0,5.0,0.0,0.0,6.0,4.0,0.0,3.0,3.0,4.0,0.0,3.0,5.0,0.0,5.0,1.0,5.0,4.0,5.0,6.0,0.0,6.0,5.0,0.0,4.0,7.0,6.0,0.0,7.0,0.0,0.0,3.0,1.0
2987076,0,2508213,163.25,S,5025.0,,185.0,discover,119.0,credit,271.0,87.0,50.531704,,yahoo.com,hotmail.com,33.0,4.0,30.0,9.0,13.0,35.0,10.0,16.0,29.0,15.0,5.0,28.0,16.0,20.0,392.0,168.0,302.0,448.0,308.0,272.0,504.0,5.0,279.0,33.0,557.0,12.0,240.0,20.0,559.0,T,F,T,T,F,F,F,T,F,6.0,5.0,3.0,6.0,2.0,0.0,3.0,2.0,1.0,1.0,1.0,5.0,6.0,3.0,0.0,7.0,4.0,4.0,1.0,6.0,1.0,1.0,1.0,5.0,4.0,6.0,4.0,2.0,6.0,3.0,5.0,5.0,0.0,2.0,5.0,3.0,1.0,1.0,6.0,6.0
2987077,0,2530676,175.06,C,9134.0,,185.0,mastercard,173.0,credit,429.0,87.0,8.237118,77.063354,aol.com,yahoo.com,31.0,13.0,17.0,34.0,21.0,2.0,16.0,38.0,24.0,4.0,11.0,0.0,32.0,39.0,480.0,373.0,107.0,18.0,30.0,71.0,273.0,430.0,222.0,156.0,366.0,136.0,497.0,398.0,147.0,T,T,T,F,F,T,F,T,T,7.0,0.0,3.0,5.0,4.0,4.0,5.0,0.0,1.0,3.0,6.0,6.0,0.0,4.0,4.0,1.0,2.0,7.0,5.0,0.0,1.0,0.0,2.0,0.0,6.0,0.0,2.0,6.0,4.0,5.0,5.0,7.0,5.0,0.0,3.0,3.0,1.0,2.0,2.0,3.0
2987078,0,2642757,168.75,W,6974.0,,185.0,discover,224.0,debit,192.0,87.0,18.69755,272.53192,yahoo.com,yahoo.com,31.0,36.0,5.0,28.0,20.0,4.0,2.0,0.0,3.0,11.0,25.0,32.0,23.0,25.0,462.0,5.0,,558.0,525.0,365.0,412.0,369.0,112.0,443.0,559.0,407.0,544.0,331.0,375.0,F,F,T,F,F,F,T,T,T,7.0,7.0,0.0,5.0,7.0,2.0,,5.0,0.0,2.0,5.0,0.0,2.0,1.0,1.0,6.0,0.0,3.0,7.0,7.0,0.0,6.0,5.0,5.0,3.0,6.0,6.0,4.0,0.0,1.0,1.0,5.0,2.0,1.0,6.0,3.0,6.0,0.0,7.0,7.0
2987079,0,2661345,56.99,C,7821.0,,150.0,visa,152.0,credit,529.0,87.0,20.628597,23.988552,aol.com,gmail.com,36.0,28.0,13.0,30.0,31.0,34.0,9.0,38.0,29.0,38.0,17.0,14.0,7.0,39.0,285.0,94.0,570.0,201.0,360.0,44.0,309.0,428.0,533.0,52.0,260.0,451.0,577.0,333.0,53.0,T,F,T,T,F,F,T,T,F,1.0,2.0,7.0,0.0,2.0,3.0,,0.0,0.0,0.0,5.0,1.0,1.0,3.0,3.0,7.0,2.0,2.0,3.0,2.0,7.0,2.0,6.0,0.0,6.0,3.0,7.0,4.0,3.0,0.0,3.0,6.0,3.0,6.0,0.0,1.0,7.0,4.0,0.0,4.0
2987080,0,2695240,21.55,R,13511.0,,150.0,visa,106.0,credit,177.0,87.0,53.60711,,aol.com,hotmail.com,7.0,33.0,23.0,18.0,15.0,2.0,18.0,14.0,30.0,30.0,23.0,5.0,6.0,24.0,179.0,272.0,9.0,476.0,28.0,138.0,162.0,226.0,455.0,134.0,26.0,117.0,553.0,157.0,26.0,T,F,F,T,F,F,T,F,F,3.0,6.0,7.0,6.0,3.0,7.0,4.0,7.0,0.0,2.0,3.0,0.0,2.0,0.0,4.0,6.0,0.0,1.0,6.0,6.0,0.0,0.0,5.0,2.0,7.0,3.0,2.0,7.0,6.0,7.0,2.0,0.0,0.0,2.0,1.0,6.0,4.0,0.0,0.0,4.0
2987081,0,2764034,16.58,W,5192.0,384.0,150.0,discover,235.0,credit,302.0,87.0,14.4247465,,gmail.com,hotmail.com,23.0,6.0,30.0,27.0,26.0,7.0,17.0,32.0,19.0,32.0,8.0,10.0,38.0,8.0,115.0,350.0,,,374.0,427.0,476.0,309.0,232.0,465.0,456.0,394.0,364.0,296.0,76.0,F,T,T,T,T,T,T,T,T,1.0,6.0,3.0,2.0,6.0,0.0,,1.0,2.0,6.0,2.0,6.0,3.0,1.0,5.0,7.0,0.0,1.0,7.0,4.0,5.0,1.0,5.0,5.0,0.0,1.0,2.0,3.0,5.0,3.0,0.0,5.0,5.0,0.0,6.0,4.0,1.0,0.0,1.0,4.0
2987082,0,2778420,79.76,C,16832.0,224.0,185.0,discover,162.0,credit,238.0,87.0,23.90192,,anonymous.com,yahoo.com,3.0,16.0,10.0,21.0,35.0,6.0,3.0,37.0,23.0,10.0,3.0,27.0,17.0,27.0,53.0,65.0,,,261.0,133.0,115.0,588.0,34.0,523.0,276.0,593.0,556.0,578.0,565.0,T,T,T,F,T,F,T,F,T,0.0,2.0,6.0,4.0,3.0,1.0,0.0,0.0,6.0,2.0,2.0,2.0,3.0,0.0,0.0,5.0,7.0,3.0,5.0,3.0,6.0,2.0,2.0,7.0,3.0,5.0,3.0,6.0,0.0,1.0,0.0,2.0,4.0,3.0,7.0,4.0,6.0,5.0,1.0,6.0
2987083,0,2806691,82.86,W,14080.0,244.0,185.0,visa,124.0,debit,382.0,87.0,11.892707,,aol.com,hotmail.com,11.0,23.0,29.0,15.0,11.0,1.0,38.0,24.0,24.0,33.0,35.0,33.0,27.0,24.0,383.0,216.0,,216.0,28.0,38.0,134.0,135.0,507.0,249.0,25.0,411.0,573.0,458.0,126.0,F,F,T,F,T,T,T,T,T,4.0,2.0,4.0,4.0,5.0,1.0,2.0,5.0,4.0,6.0,5.0,2.0,2.0,7.0,1.0,4.0,6.0,6.0,6.0,1.0,5.0,3.0,7.0,5.0,1.0,3.0,0.0,5.0,0.0,6.0,7.0,0.0,2.0,6.0,5.0,2.0,7.0,2.0,3.0,7.0
2987084,0,2875776,224.99,R,4039.0,269.0,185.0,american express,186.0,credit,399.0,87.0,12.945714,241.00201,yahoo.com,hotmail.com,1.0,17.0,11.0,23.0,32.0,4.0,10.0,24.0,4.0,15.0,17.0,22.0,14.0,12.0,575.0,184.0,,511.0,586.0,575.0,414.0,391.0,418.0,244.0,83.0,421.0,381.0,590.0,527.0,T,T,T,T,F,T,F,F,F,6.0,2.0,5.0,7.0,3.0,3.0,6.0,2.0,2.0,2.0,4.0,4.0,4.0,6.0,2.0,6.0,0.0,1.0,4.0,1.0,1.0,7.0,7.0,1.0,5.0,0.0,2.0,3.0,5.0,1.0,5.0,2.0,3.0,6.0,0.0,6.0,3.0,3.0,7.0,4.0
2987085,0,2877643,183.09,H,6460.0,377.0,150.0,visa,144.0,credit,504.0,87.0,135.23317,,gmail.com,hotmail.com,27.0,16.0,9.0,12.0,13.0,22.0,20.0,29.0,10.0,31.0,14.0,6.0,3.0,3.0,48.0,320.0,54.0,,227.0,134.0,425.0,79.0,333.0,305.0,187.0,116.0,247.0,199.0,348.0,T,F,F,T,T,T,F,T,T,0.0,3.0,6.0,2.0,0.0,5.0,,5.0,7.0,0.0,1.0,3.0,1.0,3.0,4.0,7.0,2.0,1.0,6.0,5.0,5.0,1.0,5.0,5.0,3.0,1.0,1.0,2.0,7.0,7.0,5.0,6.0,4.0,7.0,0.0,2.0,5.0,2.0,1.0,4.0
2987086,0,2931422,47.21,S,4193.0,,185.0,american express,231.0,credit,447.0,87.0,19.640842,,aol.com,hotmail.com,24.0,14.0,17.0,38.0,13.0,26.0,18.0,9.0,31.0,35.0,11.0,36.0,16.0,25.0,421.0,180.0,,537.0,14.0,308.0,572.0,39.0,362.0,462.0,114.0,382.0,579.0,522.0,53.0,T,T,T,T,F,T,T,F,F,5.0,3.0,0.0,3.0,2.0,1.0,7.0,0.0,6.0,0.0,3.0,5.0,2.0,0.0,7.0,4.0,2.0,7.0,2.0,2.0,2.0,4.0,6.0,0.0,2.0,5.0,6.0,2.0,5.0,3.0,2.0,6.0,5.0,5.0,7.0,1.0,4.0,3.0,2.0,0.0
2987087,0,2998295,13.89,C,5746.0,410.0,150.0,discover,141.0,credit,209.0,87.0,109.931,91.73889,hotmail.com,hotmail.com,29.0,2.0,6.0,28.0,26.0,3.0,18.0,7.0,38.0,8.0,26.0,31.0,27.0,23.0,350.0,1.0,340.0,,367.0,494.0,426.0,574.0,4.0,281.0,410.0,425.0,249.0,229.0,264.0,F,T,F,T,F,T,F,F,T,0.0,5.0,1.0,6.0,4.0,0.0,4.0,6.0,6.0,6.0,6.0,7.0,6.0,2.0,1.0,5.0,7.0,7.0,4.0,1.0,3.0,2.0,2.0,1.0,2.0,0.0,3.0,6.0,7.0,3.0,2.0,2.0,4.0,6.0,3.0,0.0,4.0,3.0,0.0,0.0
2987088,0,3022064,38.44,S,7359.0,322.0,150.0,american express,177.0,debit,190.0,87.0,16.588366,,gmail.com,hotmail.com,7.0,34.0,16.0,29.0,24.0,37.0,33.0,13.0,10.0,37.0,22.0,16.0,13.0,30.0,103.0,318.0,509.0,529.0,225.0,593.0,14.0,77.0,284.0,104.0,366.0,66.0,99.0,561.0,287.0,F,T,T,F,T,T,F,T,F,6.0,3.0,3.0,5.0,0.0,0.0,0.0,2.0,7.0,3.0,4.0,2.0,4.0,3.0,0.0,0.0,3.0,1.0,0.0,0.0,2.0,3.0,3.0,0.0,2.0,4.0,4.0,2.0,0.0,2.0,6.0,1.0,0.0,6.0,3.0,6.0,2.0,1.0,5.0,5.0
2987089,0,3036260,69.34,C,3277.0,,185.0,american express,176.0,credit,490.0,87.0,1.4337093,21.600866,aol.com,hotmail.com,13.0,37.0,14.0,28.0,21.0,3.0,29.0,19.0,16.0,25.0,15.0,22.0,24.0,5.0,127.0,509.0,,14.0,394.0,485.0,509.0,393.0,113.0,258.0,197.0,186.0,63.0,519.0,160.0,F,T,F,T,T,T,F,F,F,0.0,6.0,7.0,2.0,1.0,6.0,0.0,6.0,5.0,7.0,6.0,7.0,0.0,1.0,5.0,7.0,2.0,3.0,1.0,6.0,6.0,2.0,6.0,7.0,0.0,5.0,0.0,5.0,7.0,0.0,3.0,3.0,4.0,0.0,7.0,0.0,2.0,0.0,4.0,2.0
2987090,0,3099305,43.72,H,1251.0,,150.0,mastercard,133.0,debit,314.0,87.0,3.0096583,186.47661,anonymous.com,yahoo.com,27.0,3.0,11.0,17.0,9.0,27.0,34.0,29.0,36.0,29.0,37.0,38.0,17.0,21.0,170.0,350.0,208.0,8.0,97.0,203.0,248.0,308.0,390.0,152.0,50.0,529.0,340.0,98.0,362.0,T,T,T,F,T,T,F,T,T,3.0,3.0,4.0,2.0,7.0,0.0,6.0,7.0,7.0,6.0,4.0,4.0,2.0,5.0,7.0,6.0,5.0,3.0,4.0,3.0,4.0,2.0,3.0,2.0,0.0,7.0,4.0,0.0,1.0,3.0,0.0,2.0,2.0,3.0,1.0,6.0,2.0,3.0,0.0,3.0
2987091,0,3114371,28.91,R,8635.0,411.0,150.0,american express,169.0,debit,142.0,87.0,1.091074,,gmail.com,hotmail.com,33.0,16.0,31.0,38.0,3.0,32.0,15.0,10.0,6.0,30.0,36.0,15.0,13.0,32.0,410.0,217.0,48.0,55.0,496.0,512.0,5.0,485.0,558.0,410.0,47.0,599.0,21.0,583.0,516.0,F,T,T,T,F,T,F,F,T,0.0,2.0,3.0,6.0,0.0,5.0,,4.0,2.0,0.0,3.0,3.0,6.0,7.0,6.0,1.0,3.0,2.0,5.0,2.0,1.0,4.0,6.0,4.0,5.0,1.0,5.0,2.0,7.0,2.0,3.0,3.0,3.0,4.0,2.0,3.0,2.0,4.0,3.0,5.0
2987092,0,3143083,72.11,H,13197.0,562.0,150.0,visa,115.0,credit,462.0,87.0,30.107126,68.852516,yahoo.com,gmail.com,35.0,20.0,13.0,8.0,36.0,20.0,10.0,22.0,10.0,6.0,7.0,1.0,10.0,35.0,179.0,289.0,,,252.0,7.0,347.0,327.0,318.0,85.0,567.0,103.0,71.0,364.0,530.0,T,T,T,T,T,F,T,F,F,3.0,2.0,0.0,6.0,1.0,4.0,,2.0,6.0,2.0,7.0,7.0,1.0,6.0,4.0,2.0,1.0,1.0,0.0,2.0,3.0,4.0,6.0,6.0,7.0,2.0,5.0,7.0,7.0,3.0,4.0,6.0,2.0,3.0,5.0,0.0,6.0,6.0,1.0,1.0
2987093,0,3238902,31.36,H,6271.0,167.0,150.0,mastercard,190.0,debit,385.0,87.0,23.728987,18.727283,gmail.com,yahoo.com,2.0,31.0,27.0,22.0,34.0,19.0,17.0,0.0,2.0,29.0,25.0,5.0,10.0,37.0,496.0,84.0,,159.0,252.0,195.0,102.0,418.0,362.0,365.0,207.0,439.0,146.0,465.0,315.0,F,T,T,F,T,T,T,F,T,3.0,5.0,4.0,1.0,4.0,0.0,1.0,2.0,0.0,5.0,4.0,3.0,7.0,6.0,0.0,1.0,2.0,0.0,0.0,4.0,6.0,1.0,7.0,7.0,4.0,1.0,6.0,4.0,4.0,3.0,4.0,2.0,2.0,6.0,7.0,7.0,6.0,1.0,3.0,2.0
2987094,0,3262466,27.36,R,15971.0,263.0,150.0,visa,206.0,debit,111.0,87.0,6.9888644,24.97212,aol.com,yahoo.com,16.0,39.0,28.0,2.0,35.0,4.0,22.0,1.0,9.0,8.0,38.0,24.0,10.0,8.0,221.0,141.0,168.0,358.0,482.0,119.0,249.0,536.0,400.0,77.0,64.0,300.0,317.0,347.0,536.0,F,F,T,F,T,F,T,F,T,4.0,1.0,2.0,3.0,4.0,4.0,1.0,5.0,2.0,0.0,1.0,1.0,2.0,6.0,4.0,2.0,1.0,4.0,0.0,3.0,7.0,1.0,2.0,7.0,7.0,7.0,0.0,6.0,4.0,5.0,4.0,1.0,1.0,7.0,2.0,5.0,0.0,0.0,2.0,0.0
2987095,0,3341742,76.91,C,7425.0,,185.0,mastercard,233.0,credit,444.0,87.0,36.56985,,gmail.com,hotmail.com,0.0,16.0,26.0,11.0,20.0,9.0,13.0,38.0,25.0,10.0,19.0,39.0,28.0,6.0,65.0,262.0,438.0,,328.0,316.0,282.0,497.0,557.0,583.0,426.0,354.0,286.0,130.0,553.0,T,F,T,T,T,F,F,T,T,6.0,2.0,2.0,6.0,1.0,2.0,7.0,0.0,7.0,7.0,3.0,2.0,5.0,0.0,3.0,7.0,5.0,0.0,4.0,4.0,7.0,1.0,3.0,1.0,1.0,4.0,4.0,2.0,3.0,0.0,6.0,0.0,2.0,4.0,1.0,5.0,0.0,4.0,6.0,6.0
2987096,0,3373775,35.09,R,16673.0,408.0,185.0,american express,145.0,credit,367.0,87.0,47.85494,,anonymous.com,gmail.com,32.0,29.0,10.0,22.0,35.0,34.0,18.0,34.0,13.0,4.0,1.0,29.0,13.0,23.0,57.0,355.0,562.0,,0.0,534.0,44.0,433.0,22.0,384.0,521.0,306.0,306.0,590.0,52.0,T,F,T,F,F,T,F,T,T,7.0,2.0,7.0,0.0,0.0,4.0,6.0,1.0,1.0,1.0,5.0,6.0,3.0,4.0,3.0,3.0,7.0,4.0,2.0,2.0,1.0,7.0,3.0,3.0,7.0,7.0,3.0,6.0,4.0,2.0,1.0,5.0,5.0,0.0,0.0,4.0,3.0,7.0,0.0,4.0
2987097,0,3477081,71.42,S,5106.0,437.0,150.0,mastercard,139.0,debit,370.0,87.0,23.678942,237.99692,hotmail.com,yahoo.com,4.0,37.0,33.0,19.0,18.0,13.0,6.0,34.0,39.0,7.0,5.0,24.0,29.0,18.0,240.0,291.0,104.0,315.0,347.0,464.0,510.0,97.0,186.0,83.0,73.0,520.0,304.0,67.0,380.0,T,F,F,F,F,F,F,F,T,2.0,5.0,4.0,1.0,7.0,1.0,7.0,5.0,4.0,6.0,2.0,4.0,5.0,4.0,3.0,3.0,6.0,0.0,0.0,2.0,6.0,2.0,4.0,3.0,4.0,0.0,7.0,7.0,6.0,6.0,4.0,1.0,1.0,2.0,0.0,6.0,6.0,1.0,4.0,1.0
2987098,0,3537839,73.74,S,10384.0,,150.0,visa,176.0,debit,480.0,87.0,15.988207,,hotmail.com,gmail.com,32.0,33.0,9.0,37.0,3.0,1.0,23.0,13.0,35.0,39.0,26.0,12.0,12.0,9.0,244.0,577.0,343.0,,387.0,598.0,306.0,101.0,161.0,575.0,566.0,267.0,596.0,485.0,463.0,F,T,F,T,T,T,T,T,T,7.0,1.0,1.0,1.0,4.0,5.0,0.0,0.0,2.0,6.0,3.0,4.0,6.0,0.0,4.0,6.0,3.0,1.0,6.0,6.0,4.0,4.0,5.0,6.0,5.0,5.0,5.0,7.0,2.0,7.0,7.0,1.0,6.0,1.0,2.0,1.0,4.0,0.0,6.0,4.0
2987099,0,3576159,15.59,S,14278.0,,150.0,mastercard,196.0,debit,318.0,87.0,11.9409275,,aol.com,hotmail.com,6.0,11.0,11.0,24.0,7.0,29.0,28.0,20.0,35.0,13.0,36.0,17.0,13.0,4.0,440.0,382.0,416.0,254.0,187.0,82.0,579.0,298.0,429.0,344.0,434.0,353.0,130.0,125.0,9.0,F,F,F,F,F,T,F,F,T,3.0,3.0,0.0,4.0,4.0,6.0,5.0,2.0,0.0,4.0,6.0,5.0,1.0,1.0,5.0,2.0,3.0,0.0,4.0,3.0,5.0,3.0,2.0,2.0,0.0,0.0,7.0,3.0,2.0,4.0,7.0,6.0,3.0,3.0,4.0,1.0,6.0,3.0,0.0,1.0
2987100,0,3711741,32.16,W,2027.0,,150.0,american express,238.0,credit,302.0,87.0,6.790702,,aol.com,hotmail.com,0.0,32.0,34.0,16.0,10.0,27.0,21.0,26.0,29.0,15.0,5.0,1.0,36.0,5.0,287.0,13.0,11.0,555.0,108.0,451.0,278.0,395.0,268.0,363.0,151.0,401.0,284.0,471.0,362.0,T,F,T,F,F,F,F,F,T,0.0,5.0,3.0,3.0,0.0,0.0,7.0,5.0,1.0,6.0,3.0,1.0,2.0,4.0,1.0,7.0,0.0,3.0,0.0,7.0,3.0,2.0,1.0,1.0,4.0,0.0,0.0,5.0,7.0,2.0,7.0,0.0,4.0,1.0,3.0,4.0,5.0,4.0,7.0,6.0
2987101,0,3747939,265.48,R,17182.0,137.0,185.0,discover,103.0,debit,371.0,87.0,19.491709,,gmail.com,gmail.com,35.0,16.0,13.0,17.0,15.0,2.0,34.0,10.0,28.0,19.0,21.0,14.0,35.0,13.0,98.0,314.0,107.0,,32.0,434.0,356.0,400.0,463.0,37.0,465.0,331.0,367.0,253.0,548.0,F,T,F,F,T,T,T,T,T,4.0,7.0,0.0,2.0,1.0,4.0,4.0,2.0,4.0,7.0,2.0,0.0,4.0,5.0,0.0,6.0,2.0,2.0,5.0,6.0,5.0,0.0,2.0,6.0,3.0,3.0,3.0,7.0,6.0,3.0,5.0,5.0,0.0,0.0,1.0,5.0,5.0,4.0,6.0,1.0
2987102,0,3760534,15.21,W,7350.0,475.0,150.0,discover,133.0,credit,187.0,87.0,27.274277,,gmail.com,hotmail.com,17.0,0.0,27.0,24.0,37.0,2.0,39.0,29.0,20.0,28.0,19.0,24.0,16.0,29.0,127.0,349.0,,20.0,507.0,273.0,487.0,472.0,283.0,112.0,251.0,527.0,164.0,141.0,160.0,F,F,F,T,T,T,F,F,T,5.0,3.0,3.0,1.0,0.0,5.0,6.0,7.0,5.0,5.0,0.0,3.0,2.0,1.0,0.0,2.0,0.0,2.0,7.0,5.0,2.0,3.0,6.0,3.0,7.0,2.0,5.0,6.0,4.0,6.0,0.0,0.0,1.0,1.0,5.0,4.0,4.0,0.0,2.0,2.0
2987103,1,3774402,5.32,H,9664.0,323.0,150.0,mastercard,136.0,credit,166.0,87.0,18.81029,296.15063,gmail.com,yahoo.com,16.0,30.0,1.0,31.0,13.0,4.0,36.0,27.0,39.0,22.0,11.0,36.0,10.0,2.0,339.0,26.0,82.0,324.0,2.0,58.0,127.0,62.0,585.0,484.0,381.0,142.0,108.0,142.0,514.0,T,F,F,T,F,T,F,F,F,2.0,7.0,3.0,5.0,7.0,0.0,4.0,7.0,5.0,5.0,3.0,7.0,3.0,3.0,3.0,5.0,5.0,2.0,3.0,4.0,4.0,7.0,7.0,5.0,6.0,2.0,0.0,7.0,1.0,3.0,7.0,7.0,7.0,3.0,7.0,3.0,0.0,5.0,3.0,7.0
2987104,0,3783238,7.04,S,11934.0,,150.0,mastercard,135.0,credit,471.0,87.0,21.234913,151.49344,anonymous.com,hotmail.com,25.0,33.0,24.0,11.0,24.0,2.0,3.0,16.0,3.0,21.0,25.0,36.0,28.0,4.0,200.0,231.0,213.0,230.0,350.0,62.0,545.0,104.0,460.0,280.0,76.0,568.0,27.0,191.0,560.0,F,F,T,F,F,T,F,T,T,4.0,4.0,7.0,6.0,6.0,5.0,0.0,0.0,1.0,3.0,6.0,1.0,7.0,0.0,4.0,3.0,7.0,7.0,7.0,6.0,1.0,7.0,0.0,3.0,6.0,0.0,5.0,0.0,7.0,7.0,0.0,5.0,6.0,1.0,1.0,5.0,1.0,2.0,5.0,5.0
2987105,0,3823513,56.37,W,12188.0,304.0,150.0,discover,164.0,debit,194.0,87.0,102.83201,2.2808459,hotmail.com,hotmail.com,10.0,13.0,34.0,23.0,10.0,24.0,35.0,17.0,28.0,33.0,35.0,32.0,2.0,10.0,403.0,522.0,88.0,78.0,501.0,547.0,110.0,89.0,10.0,369.0,146.0,406.0,195.0,540.0,381.0,T,T,F,F,T,T,F,F,F,3.0,6.0,2.0,1.0,4.0,4.0,3.0,1.0,2.0,2.0,2.0,5.0,1.0,0.0,6.0,2.0,1.0,3.0,3.0,0.0,3.0,2.0,7.0,3.0,7.0,4.0,1.0,4.0,7.0,0.0,4.0,6.0,0.0,0.0,5.0,0.0,5.0,0.0,4.0,5.0
2987106,0,3834878,56.49,H,1411.0,,150.0,discover,222.0,credit,321.0,87.0,79.32177,,gmail.com,gmail.com,27.0,18.0,28.0,22.0,25.0,5.0,13.0,12.0,5.0,19.0,9.0,0.0,18.0,34.0,553.0,214.0,,,211.0,177.0,597.0,324.0,593.0,592.0,464.0,576.0,152.0,461.0,377.0,T,F,F,F,T,F,F,T,F,1.0,1.0,2.0,5.0,5.0,2.0,2.0,7.0,0.0,6.0,3.0,7.0,1.0,4.0,3.0,7.0,5.0,6.0,0.0,3.0,3.0,4.0,0.0,0.0,5.0,2.0,0.0,6.0,2.0,4.0,3.0,5.0,7.0,2.0,4.0,4.0,2.0,7.0,6.0,4.0
2987107,0,3851235,47.97,S,16088.0,143.0,150.0,american express,104.0,debit,218.0,87.0,14.459182,,yahoo.com,gmail.com,17.0,14.0,23.0,0.0,22.0,24.0,18.0,32.0,13.0,30.0,2.0,32.0,23.0,39.0,212.0,273.0,359.0,133.0,120.0,382.0,383.0,380.0,571.0,257.0,483.0,224.0,117.0,402.0,320.0,T,F,T,T,F,T,T,F,F,3.0,7.0,4.0,6.0,1.0,3.0,0.0,0.0,0.0,1.0,5.0,0.0,4.0,4.0,4.0,3.0,4.0,1.0,0.0,5.0,6.0,2.0,4.0,0.0,1.0,7.0,5.0,5.0,4.0,4.0,5.0,3.0,6.0,5.0,5.0,3.0,5.0,4.0,7.0,4.0
2987108,0,3881910,207.6,S,11850.0,598.0,185.0,discover,214.0,debit,201.0,87.0,8.650661,218.8904,hotmail.com,yahoo.com,10.0,4.0,33.0,36.0,6.0,7.0,16.0,39.0,10.0,36.0,14.0,8.0,27.0,17.0,331.0,132.0,,,428.0,567.0,311.0,69.0,26.0,228.0,6.0,287.0,162.0,377.0,245.0,T,F,F,F,F,F,F,F,F,3.0,2.0,5.0,4.0,7.0,5.0,4.0,3.0,3.0,3.0,7.0,1.0,0.0,6.0,7.0,0.0,3.0,3.0,0.0,0.0,5.0,7.0,1.0,0.0,2.0,6.0,3.0,1.0,3.0,3.0,6.0,7.0,1.0,5.0,0.0,3.0,2.0,2.0,2.0,1.0
2987109,0,3890394,2.89,C,18379.0,211.0,185.0,american express,186.0,debit,363.0,87.0,232.02296,126.64251,anonymous.com,gmail.com,15.0,39.0,11.0,22.0,18.0,38.0,11.0,39.0,24.0,27.0,12.0,24.0,4.0,1.0,499.0,46.0,467.0,133.0,378.0,295.0,126.0,521.0,234.0,481.0,128.0,25.0,417.0,250.0,271.0,T,F,F,T,T,T,F,F,T,2.0,1.0,0.0,4.0,4.0,5.0,7.0,7.0,4.0,4.0,6.0,6.0,0.0,7.0,5.0,3.0,5.0,0.0,2.0,1.0,5.0,4.0,7.0,1.0,6.0,3.0,3.0,4.0,6.0,3.0,5.0,6.0,1.0,3.0,5.0,1.0,0.0,6.0,0.0,2.0
2987110,0,3918005,84.4,W,9204.0,,185.0,american express,186.0,debit,453.0,87.0,3.5225482,27.497572,yahoo.com,gmail.com,0.0,0.0,15.0,9.0,4.0,29.0,35.0,30.0,31.0,1.0,29.0,37.0,0.0,0.0,126.0,190.0,,493.0,8.0,125.0,341.0,182.0,582.0,39.0,364.0,554.0,496.0,540.0,313.0,T,F,F,T,T,F,F,T,F,7.0,0.0,0.0,1.0,4.0,6.0,0.0,4.0,2.0,3.0,2.0,0.0,6.0,1.0,5.0,4.0,5.0,2.0,3.0,0.0,2.0,7.0,6.0,2.0,4.0,6.0,2.0,1.0,5.0,1.0,1.0,0.0,1.0,5.0,5.0,7.0,5.0,6.0,3.0,7.0
2987111,0,3924564,304.17,S,11675.0,,150.0,visa,194.0,credit,294.0,87.0,33.826015,,aol.com,hotmail.com,12.0,22.0,2.0,25.0,35.0,14.0,25.0,13.0,3.0,10.0,21.0,35.0,11.0,34.0,306.0,463.0,358.0,,346.0,290.0,331.0,396.0,502.0,273.0,543.0,489.0,309.0,164.0,289.0,T,T,F,F,F,F,T,T,T,3.0,5.0,1.0,7.0,7.0,0.0,2.0,2.0,0.0,2.0,1.0,5.0,2.0,2.0,2.0,1.0,2.0,0.0,3.0,3.0,3.0,6.0,2.0,0.0,7.0,4.0,5.0,0.0,3.0,2.0,6.0,4.0,6.0,1.0,5.0,6.0,7.0,1.0,4.0,7.0
2987112,0,3953455,15.79,S,8674.0,,185.0,mastercard,116.0,debit,161.0,87.0,50.597103,,aol.com,hotmail.com,23.0,0.0,27.0,27.0,28.0,17.0,38.0,31.0,24.0,24.0,0.0,26.0,4.0,17.0,183.0,589.0,,491.0,0.0,137.0,590.0,450.0,280.0,512.0,404.0,177.0,39.0,565.0,495.0,F,F,F,F,T,F,F,T,T,5.0,5.0,6.0,7.0,0.0,6.0,5.0,0.0,1.0,4.0,5.0,6.0,0.0,6.0,1.0,5.0,6.0,0.0,3.0,4.0,3.0,2.0,5.0,1.0,6.0,3.0,4.0,0.0,7.0,2.0,6.0,4.0,6.0,5.0,6.0,7.0,3.0,7.0,6.0,5.0
2987113,0,3955731,35.95,R,16482.0,471.0,185.0,mastercard,204.0,credit,207.0,87.0,0.5923878,195.01959,anonymous.com,yahoo.com,5.0,27.0,28.0,36.0,37.0,2.0,38.0,9.0,8.0,19.0,13.0,11.0,20.0,3.0,376.0,396.0,485.0,276.0,239.0,108.0,500.0,21.0,326.0,136.0,423.0,31.0,441.0,228.0,461.0,T,T,F,T,T,F,T,F,F,0.0,1.0,1.0,5.0,3.0,0.0,2.0,3.0,3.0,2.0,2.0,2.0,5.0,0.0,7.0,1.0,5.0,1.0,6.0,3.0,6.0,3.0,6.0,6.0,4.0,7.0,5.0,7.0,4.0,5.0,0.0,2.0,5.0,0.0,5.0,6.0,1.0,4.0,2.0,7.0
2987114,0,4027045,23.85,S,15483.0,,150.0,visa,134.0,debit,172.0,87.0,86.890945,,hotmail.com,gmail.com,4.0,36.0,30.0,1.0,35.0,2.0,16.0,35.0,3.0,11.0,29.0,20.0,36.0,33.0,445.0,498.0,133.0,70.0,182.0,486.0,289.0,518.0,17.0,182.0,233.0,418.0,91.0,204.0,208.0,F,T,F,T,F,T,T,F,T,2.0,7.0,7.0,7.0,0.0,5.0,0.0,4.0,2.0,7.0,3.0,2.0,3.0,6.0,4.0,0.0,2.0,1.0,0.0,0.0,1.0,4.0,1.0,6.0,1.0,4.0,6.0,2.0,3.0,4.0,5.0,3.0,2.0,1.0,7.0,5.0,3.0,2.0,7.0,6.0
2987115,0,4090705,20.41,W,16809.0,218.0,150.0,visa,172.0,debit,488.0,87.0,17.530298,,aol.com,gmail.com,26.0,25.0,29.0,16.0,8.0,21.0,29.0,10.0,16.0,13.0,19.0,28.0,11.0,21.0,84.0,389.0,,232.0,500.0,207.0,233.0,582.0,338.0,283.0,32.0,403.0,34.0,285.0,307.0,T,T,T,F,T,F,F,T,T,7.0,2.0,3.0,4.0,3.0,2.0,1.0,0.0,6.0,1.0,0.0,4.0,3.0,7.0,0.0,4.0,5.0,2.0,7.0,3.0,0.0,1.0,5.0,2.0,7.0,3.0,4.0,3.0,7.0,3.0,1.0,7.0,7.0,7.0,5.0,2.0,7.0,3.0,0.0,3.0
2987116,0,4106624,38.13,H,9774.0,,185.0,american express,194.0,debit,240.0,87.0,31.787386,,anonymous.com,hotmail.com,17.0,24.0,5.0,7.0,28.0,0.0,20.0,16.0,23.0,3.0,22.0,20.0,18.0,13.0,112.0,395.0,460.0,,586.0,410.0,232.0,575.0,399.0,44.0,459.0,316.0,341.0,449.0,129.0,T,F,F,F,F,T,T,T,F,7.0,4.0,7.0,5.0,2.0,0.0,0.0,4.0,4.0,3.0,6.0,4.0,3.0,0.0,3.0,1.0,5.0,5.0,1.0,7.0,4.0,6.0,2.0,7.0,1.0,4.0,0.0,2.0,3.0,4.0,4.0,0.0,6.0,3.0,3.0,0.0,2.0,1.0,4.0,5.0
2987117,0,4161731,262.5,W,14771.0,514.0,150.0,mastercard,184.0,debit,264.0,87.0,5.01797,,hotmail.com,gmail.com,5.0,33.0,26.0,22.0,4.0,25.0,19.0,3.0,8.0,9.0,10.0,16.0,8.0,18.0,13.0,256.0,478.0,,419.0,436.0,227.0,83.0,215.0,42.0,479.0,94.0,255.0,428.0,105.0,F,F,F,T,F,F,T,F,F,7.0,4.0,1.0,6.0,3.0,5.0,7.0,3.0,7.0,6.0,1.0,6.0,1.0,1.0,0.0,6.0,0.0,1.0,7.0,0.0,6.0,4.0,5.0,0.0,1.0,6.0,1.0,7.0,3.0,4.0,1.0,7.0,6.0,4.0,6.0,4.0,0.0,6.0,3.0,6.0
2987118,0,4221647,412.04,S,7243.0,,150.0,visa,145.0,debit,131.0,87.0,92.747604,69.43562,hotmail.com,gmail.com,29.0,38.0,30.0,20.0,38.0,15.0,29.0,3.0,15.0,31.0,12.0,16.0,1.0,9.0,7.0,36.0,105.0,,440.0,329.0,8.0,235.0,184.0,150.0,265.0,551.0,187.0,460.0,221.0,T,F,F,F,T,F,F,T,F,0.0,4.0,3.0,0.0,5.0,4.0,3.0,2.0,1.0,3.0,3.0,4.0,6.0,5.0,7.0,0.0,1.0,4.0,1.0,6.0,5.0,1.0,4.0,0.0,1.0,5.0,7.0,7.0,3.0,0.0,2.0,5.0,2.0,3.0,5.0,7.0,6.0,2.0,5.0,1.0
2987119,0,4235300,37.73,H,9020.0,,185.0,mastercard,155.0,credit,296.0,87.0,50.51503,39.42118,aol.com,yahoo.com,31.0,34.0,8.0,18.0,31.0,5.0,27.0,15.0,38.0,0.0,5.0,23.0,28.0,37.0,30.0,246.0,585.0,582.0,13.0,324.0,21.0,139.0,497.0,538.0,303.0,259.0,580.0,53.0,34.0,F,T,T,F,T,F,F,T,F,6.0,5.0,1.0,1.0,2.0,5.0,7.0,7.0,2.0,5.0,3.0,7.0,0.0,3.0,4.0,3.0,2.0,2.0,0.0,2.0,6.0,3.0,5.0,2.0,0.0,4.0,2.0,5.0,1.0,7.0,2.0,0.0,5.0,5.0,4.0,2.0,1.0,3.0,2.0,7.0
2987120,0,4270710,443.89,S,14227.0,118.0,185.0,mastercard,166.0,credit,502.0,87.0,29.394085,20.213747,hotmail.com,yahoo.com,1.0,9.0,19.0,39.0,27.0,21.0,36.0,22.0,13.0,33.0,3.0,1.0,10.0,31.0,424.0,518.0,164.0,226.0,38.0,108.0,450.0,270.0,269.0,133.0,141.0,434.0,54.0,96.0,512.0,F,F,T,F,F,T,F,F,F,2.0,7.0,6.0,1.0,0.0,3.0,,7.0,0.0,5.0,0.0,1.0,3.0,7.0,6.0,0.0,0.0,3.0,0.0,0.0,3.0,6.0,5.0,2.0,3.0,1.0,3.0,6.0,2.0,7.0,6.0,2.0,5.0,5.0,4.0,7.0,0.0,0.0,7.0,3.0
2987121,0,4285033,56.78,R,2412.0,,185.0,visa,105.0,debit,280.0,87.0,10.778189,,gmail.com,yahoo.com,8.0,22.0,36.0,21.0,39.0,22.0,30.0,0.0,39.0,13.0,1.0,39.0,21.0,7.0,542.0,321.0,234.0,188.0,466.0,317.0,152.0,584.0,158.0,438.0,271.0,515.0,32.0,509.0,75.0,T,F,F,F,T,F,F,T,T,0.0,5.0,4.0,5.0,1.0,2.0,,5.0,0.0,2.0,6.0,2.0,2.0,4.0,3.0,3.0,3.0,7.0,2.0,0.0,1.0,3.0,5.0,0.0,6.0,5.0,3.0,0.0,0.0,2.0,7.0,6.0,1.0,6.0,2.0,1.0,5.0,7.0,0.0,2.0
2987122,0,4312649,375.8,W,13362.0,580.0,185.0,visa,201.0,credit,386.0,87.0,32.318516,183.92537,aol.com,yahoo.com,14.0,32.0,16.0,16.0,33.0,29.0,24.0,33.0,33.0,32.0,24.0,4.0,27.0,29.0,245.0,457.0,115.0,590.0,256.0,450.0,246.0,457.0,224.0,255.0,145.0,328.0,352.0,588.0,195.0,F,F,F,T,F,F,T,F,T,0.0,7.0,0.0,1.0,5.0,4.0,7.0,4.0,7.0,5.0,4.0,1.0,5.0,5.0,0.0,7.0,3.0,3.0,7.0,0.0,5.0,5.0,0.0,6.0,6.0,3.0,7.0,7.0,5.0,6.0,6.0,5.0,4.0,1.0,4.0,2.0,2.0,2.0,6.0,3.0
2987123,0,4314349,49.27,W,1275.0,336.0,185.0,american express,113.0,credit,180.0,87.0,36.879185,86.72009,gmail.com,hotmail.com,29.0,11.0,30.0,2.0,34.0,7.0,36.0,4.0,14.0,10.0,6.0,39.0,33.0,7.0,529.0,30.0,89.0,312.0,304.0,117.0,418.0,462.0,295.0,456.0,252.0,56.0,251.0,76.0,150.0,T,F,F,F,T,F,T,T,T,6.0,6.0,5.0,3.0,4.0,1.0,2.0,3.0,3.0,1.0,4.0,5.0,4.0,1.0,5.0,5.0,6.0,2.0,3.0,3.0,0.0,7.0,6.0,7.0,3.0,7.0,6.0,3.0,4.0,3.0,5.0,0.0,4.0,5.0,3.0,5.0,1.0,5.0,3.0,2.0
2987124,0,4407949,63.06,C,11103.0,,185.0,american express,164.0,debit,162.0,87.0,108.39978,80.22265,anonymous.com,yahoo.com,2.0,27.0,21.0,11.0,4.0,21.0,4.0,39.0,23.0,33.0,22.0,1.0,7.0,18.0,437.0,120.0,153.0,,415.0,139.0,364.0,253.0,155.0,198.0,80.0,532.0,480.0,542.0,124.0,F,T,T,F,F,F,F,F,T,4.0,2.0,7.0,3.0,7.0,6.0,1.0,0.0,5.0,5.0,1.0,0.0,3.0,2.0,5.0,4.0,1.0,1.0,1.0,3.0,7.0,2.0,1.0,2.0,2.0,7.0,3.0,3.0,7.0,0.0,2.0,1.0,4.0,6.0,1.0,3.0,0.0,2.0,4.0,2.0
2987125,0,4408156,81.62,H,9303.0,349.0,150.0,mastercard,191.0,debit,421.0,87.0,3.8286245,327.6198,anonymous.com,hotmail.com,32.0,0.0,26.0,35.0,0.0,33.0,30.0,10.0,28.0,22.0,38.0,20.0,23.0,29.0,484.0,179.0,81.0,,208.0,414.0,216.0,561.0,336.0,524.0,363.0,400.0,24.0,157.0,220.0,T,T,F,T,T,F,T,T,F,4.0,4.0,5.0,5.0,7.0,5.0,6.0,2.0,2.0,1.0,0.0,6.0,4.0,1.0,1.0,1.0,4.0,1.0,5.0,4.0,5.0,7.0,3.0,2.0,2.0,0.0,5.0,1.0,4.0,6.0,1.0,7.0,2.0,3.0,3.0,6.0,1.0,4.0,2.0,4.0
2987126,0,4458222,1802.16,W,9155.0,141.0,185.0,discover,111.0,debit,128.0,87.0,18.171665,141.83786,hotmail.com,yahoo.com,12.0,35.0,25.0,18.0,38.0,10.0,15.0,15.0,18.0,34.0,27.0,16.0,36.0,1.0,443.0,215.0,439.0,152.0,409.0,589.0,451.0,552.0,516.0,222.0,148.0,536.0,251.0,587.0,431.0,T,F,F,T,T,F,T,F,F,7.0,1.0,6.0,4.0,1.0,7.0,4.0,0.0,0.0,5.0,0.0,6.0,1.0,1.0,5.0,2.0,5.0,6.0,4.0,0.0,4.0,3.0,4.0,5.0,7.0,7.0,4.0,7.0,0.0,2.0,4.0,1.0,5.0,3.0,7.0,2.0,1.0,4.0,3.0,7.0
2987127,0,4498939,139.27,S,9601.0,,185.0,american express,239.0,credit,297.0,87.0,7.5180087,,gmail.com,yahoo.com,5.0,24.0,26.0,36.0,10.0,33.0,17.0,6.0,16.0,2.0,23.0,22.0,19.0,29.0,119.0,592.0,358.0,,436.0,235.0,94.0,483.0,445.0,474.0,434.0,367.0,87.0,596.0,535.0,F,F,T,T,F,F,T,T,F,0.0,7.0,2.0,0.0,5.0,0.0,,2.0,7.0,0.0,5.0,7.0,1.0,0.0,1.0,3.0,3.0,5.0,5.0,5.0,1.0,4.0,6.0,7.0,0.0,7.0,5.0,1.0,4.0,2.0,3.0,4.0,7.0,5.0,2.0,6.0,0.0,2.0,3.0,3.0
2987128,0,4540381,25.08,C,9559.0,,185.0,american express,152.0,credit,239.0,87.0,9.575894,63.055832,hotmail.com,yahoo.com,34.0,29.0,31.0,21.0,17.0,28.0,31.0,32.0,13.0,31.0,4.0,17.0,1.0,9.0,314.0,277.0,234.0,344.0,144.0,496.0,283.0,488.0,138.0,498.0,310.0,544.0,24.0,382.0,113.0,T,T,T,F,T,T,T,F,F,0.0,7.0,3.0,5.0,0.0,4.0,4.0,3.0,5.0,6.0,5.0,7.0,7.0,7.0,5.0,4.0,7.0,2.0,5.0,5.0,2.0,6.0,5.0,2.0,0.0,7.0,7.0,6.0,1.0,4.0,2.0,7.0,4.0,4.0,5.0,2.0,2.0,3.0,2.0,1.0
2987129,0,4560728,158.52,R,8088.0,,185.0,visa,102.0,debit,107.0,87.0,83.20925,56.20483,aol.com,hotmail.com,3.0,33.0,36.0,21.0,1.0,17.0,10.0,29.0,5.0,10.0,19.0,35.0,10.0,27.0,315.0,397.0,328.0,,411.0,109.0,63.0,391.0,282.0,259.0,537.0,520.0,277.0,114.0,143.0,F,T,T,F,T,F,T,T,F,7.0,7.0,6.0,3.0,0.0,4.0,,4.0,5.0,5.0,6.0,0.0,4.0,0.0,5.0,1.0,2.0,3.0,6.0,0.0,7.0,0.0,1.0,5.0,0.0,3.0,5.0,5.0,0.0,3.0,1.0,1.0,6.0,2.0,3.0,1.0,6.0,4.0,0.0,6.0
2987130,0,4563716,36.67,C,8853.0,,150.0,american express,192.0,credit,333.0,87.0,3.1386766,101.721016,yahoo.com,hotmail.com,5.0,8.0,11.0,17.0,24.0,35.0,35.0,3.0,0.0,14.0,35.0,0.0,31.0,19.0,384.0,386.0,,564.0,101.0,341.0,318.0,57.0,326.0,400.0,132.0,129.0,440.0,472.0,281.0,F,F,F,T,F,T,F,T,T,4.0,5.0,4.0,0.0,6.0,6.0,,2.0,4.0,0.0,6.0,5.0,5.0,4.0,1.0,7.0,3.0,4.0,1.0,5.0,0.0,5.0,2.0,0.0,7.0,2.0,0.0,6.0,5.0,2.0,1.0,0.0,6.0,7.0,2.0,4.0,3.0,1.0,3.0,2.0
2987131,0,4618711,31.86,R,10886.0,,150.0,visa,178.0,credit,524.0,87.0,47.600487,101.68625,anonymous.com,gmail.com,37.0,18.0,37.0,22.0,32.0,38.0,19.0,4.0,13.0,1.0,15.0,39.0,31.0,1.0,477.0,251.0,110.0,437.0,186.0,566.0,57.0,170.0,408.0,71.0,163.0,103.0,94.0,60.0,191.0,F,T,F,F,F,F,F,F,T,6.0,6.0,4.0,5.0,3.0,3.0,7.0,2.0,3.0,0.0,3.0,4.0,7.0,4.0,2.0,5.0,0.0,0.0,3.0,0.0,0.0,4.0,1.0,4.0,0.0,4.0,4.0,0.0,0.0,6.0,6.0,6.0,2.0,4.0,3.0,4.0,0.0,1.0,3.0,4.0
2987132,0,4646460,148.33,R,14284.0,579.0,150.0,visa,189.0,credit,130.0,87.0,98.17071,,aol.com,hotmail.com,20.0,34.0,25.0,2.0,33.0,9.0,13.0,24.0,31.0,38.0,33.0,27.0,12.0,30.0,67.0,579.0,178.0,204.0,468.0,264.0,564.0,461.0,453.0,297.0,145.0,96.0,505.0,200.0,479.0,T,T,F,T,T,T,F,T,T,4.0,6.0,6.0,2.0,7.0,7.0,7.0,5.0,3.0,1.0,0.0,5.0,7.0,0.0,1.0,2.0,3.0,7.0,5.0,3.0,2.0,5.0,4.0,7.0,7.0,7.0,6.0,5.0,3.0,2.0,2.0,7.0,5.0,4.0,7.0,4.0,7.0,1.0,5.0,2.0
2987133,0,4678954,56.5,W,10607.0,,150.0,mastercard,205.0,debit,458.0,87.0,0.6906066,28.696909,aol.com,hotmail.com,18.0,6.0,23.0,2.0,23.0,39.0,13.0,34.0,9.0,25.0,28.0,31.0,7.0,10.0,404.0,133.0,,120.0,589.0,304.0,395.0,196.0,291.0,224.0,378.0,479.0,311.0,383.0,133.0,F,F,F,T,F,T,T,F,F,1.0,1.0,4.0,3.0,0.0,1.0,,1.0,6.0,7.0,1.0,6.0,4.0,6.0,5.0,0.0,0.0,6.0,4.0,5.0,1.0,7.0,5.0,3.0,1.0,3.0,0.0,7.0,7.0,4.0,7.0,4.0,5.0,1.0,0.0,0.0,5.0,3.0,3.0,1.0
2987134,0,4703975,74.18,R,12179.0,421.0,150.0,discover,166.0,credit,337.0,87.0,8.156673,,hotmail.com,hotmail.com,27.0,32.0,13.0,19.0,26.0,0.0,16.0,4.0,7.0,39.0,10.0,5.0,11.0,38.0,499.0,20.0,,317.0,38.0,93.0,147.0,103.0,189.0,572.0,64.0,144.0,288.0,40.0,241.0,T,T,T,T,T,T,F,F,F,4.0,2.0,1.0,7.0,4.0,6.0,1.0,1.0,1.0,4.0,6.0,4.0,6.0,4.0,1.0,4.0,7.0,4.0,7.0,6.0,5.0,3.0,5.0,5.0,4.0,7.0,2.0,3.0,2.0,5.0,5.0,1.0,7.0,5.0,5.0,3.0,7.0,1.0,4.0,2.0
2987135,0,4746613,55.44,H,15557.0,400.0,185.0,visa,215.0,credit,418.0,87.0,12.603782,136.64403,yahoo.com,gmail.com,25.0,11.0,16.0,23.0,20.0,5.0,37.0,8.0,13.0,22.0,5.0,2.0,9.0,33.0,69.0,447.0,,,389.0,316.0,367.0,568.0,395.0,560.0,411.0,270.0,553.0,235.0,327.0,T,T,F,T,T,T,F,T,T,7.0,4.0,1.0,1.0,2.0,4.0,0.0,5.0,2.0,2.0,6.0,0.0,4.0,1.0,5.0,3.0,1.0,5.0,7.0,4.0,0.0,7.0,6.0,5.0,7.0,2.0,1.0,3.0,5.0,7.0,1.0,0.0,2.0,7.0,6.0,0.0,4.0,2.0,3.0,2.0
2987136,0,4768866,79.06,S,18217.0,,185.0,mastercard,151.0,credit,142.0,87.0,3.6925883,,anonymous.com,hotmail.com,24.0,23.0,26.0,22.0,17.0,1.0,4.0,21.0,23.0,6.0,0.0,15.0,29.0,7.0,248.0,392.0,578.0,187.0,341.0,351.0,209.0,293.0,75.0,470.0,491.0,472.0,197.0,478.0,228.0,T,F,T,F,T,T,F,T,T,0.0,3.0,6.0,7.0,7.0,7.0,0.0,4.0,2.0,2.0,4.0,6.0,1.0,1.0,3.0,5.0,6.0,0.0,6.0,3.0,6.0,4.0,5.0,5.0,0.0,6.0,5.0,0.0,3.0,3.0,0.0,7.0,1.0,5.0,1.0,6.0,3.0,5.0,3.0,7.0
2987137,0,4787208,87.14,C,2890.0,468.0,150.0,mastercard,176.0,credit,482.0,87.0,2.2483644,34.94131,hotmail.com,gmail.com,0.0,20.0,14.0,17.0,22.0,14.0,20.0,4.0,8.0,13.0,11.0,12.0,33.0,24.0,537.0,156.0,,,363.0,588.0,311.0,516.0,404.0,569.0,404.0,257.0,120.0,55.0,370.0,T,F,T,F,F,T,T,F,T,1.0,5.0,1.0,3.0,5.0,1.0,,6.0,4.0,0.0,0.0,3.0,4.0,5.0,0.0,4.0,0.0,7.0,1.0,6.0,6.0,1.0,7.0,5.0,2.0,0.0,1.0,3.0,0.0,3.0,3.0,6.0,5.0,4.0,6.0,0.0,4.0,5.0,5.0,5.0
2987138,0,4794121,6.48,S,13404.0,,150.0,mastercard,122.0,credit,105.0,87.0,8.123835,135.38354,anonymous.com,gmail.com,22.0,27.0,11.0,11.0,37.0,37.0,33.0,12.0,8.0,17.0,13.0,31.0,1.0,14.0,14.0,520.0,,,472.0,120.0,100.0,170.0,537.0,585.0,80.0,37.0,471.0,220.0,479.0,T,T,T,T,F,T,F,T,T,2.0,5.0,5.0,7.0,6.0,2.0,,5.0,7.0,1.0,6.0,3.0,7.0,4.0,7.0,5.0,2.0,5.0,4.0,1.0,1.0,5.0,7.0,7.0,5.0,6.0,4.0,5.0,1.0,7.0,0.0,7.0,5.0,5.0,5.0,7.0,0.0,7.0,5.0,5.0
2987139,0,4799033,113.66,S,4918.0,,185.0,american express,186.0,credit,498.0,87.0,5.836576,86.93909,anonymous.com,hotmail.com,11.0,33.0,32.0,28.0,10.0,24.0,18.0,0.0,4.0,5.0,26.0,35.0,29.0,24.0,96.0,97.0,,228.0,41.0,219.0,300.0,215.0,425.0,460.0,295.0,217.0,64.0,2.0,319.0,T,F,F,F,T,T,T,F,F,3.0,7.0,3.0,6.0,2.0,4.0,7.0,7.0,7.0,6.0,6.0,4.0,7.0,3.0,5.0,6.0,0.0,7.0,6.0,1.0,4.0,1.0,2.0,0.0,6.0,7.0,0.0,2.0,0.0,3.0,7.0,6.0,4.0,1.0,2.0,0.0,3.0,6.0,7.0,0.0
2987140,0,4832324,18.54,S,4423.0,304.0,185.0,mastercard,136.0,debit,389.0,87.0,33.461926,20.028051,anonymous.com,gmail.com,32.0,13.0,16.0,24.0,18.0,24.0,22.0,19.0,13.0,37.0,22.0,17.0,30.0,22.0,482.0,150.0,,,443.0,388.0,64.0,205.0,260.0,356.0,320.0,56.0,523.0,394.0,274.0,F,T,F,T,F,F,F,T,F,5.0,6.0,4.0,6.0,7.0,4.0,0.0,5.0,4.0,4.0,1.0,7.0,4.0,3.0,2.0,4.0,2.0,6.0,2.0,3.0,5.0,7.0,2.0,7.0,7.0,5.0,7.0,5.0,1.0,2.0,7.0,3.0,5.0,0.0,1.0,4.0,3.0,3.0,3.0,0.0
2987141,0,4836394,11.17,C,14798.0,357.0,185.0,visa,197.0,debit,248.0,87.0,33.25161,,yahoo.com,hotmail.com,20.0,6.0,25.0,1.0,24.0,3.0,13.0,28.0,8.0,38.0,19.0,30.0,24.0,11.0,103.0,92.0,,,167.0,565.0,91.0,223.0,493.0,122.0,234.0,231.0,495.0,47.0,571.0,T,T,F,F,T,T,F,T,F,1.0,0.0,1.0,1.0,6.0,1.0,2.0,6.0,1.0,2.0,6.0,4.0,7.0,0.0,7.0,5.0,4.0,4.0,5.0,0.0,6.0,1.0,0.0,7.0,0.0,4.0,2.0,0.0,1.0,0.0,5.0,3.0,4.0,5.0,7.0,2.0,2.0,7.0,0.0,2.0
2987142,0,4882137,51.2,S,2195.0,,150.0,visa,212.0,debit,103.0,87.0,34.879578,,anonymous.com,yahoo.com,4.0,16.0,1.0,18.0,22.0,20.0,5.0,16.0,33.0,22.0,28.0,2.0,34.0,26.0,421.0,111.0,,7.0,92.0,142.0,350.0,262.0,319.0,489.0,279.0,442.0,586.0,168.0,589.0,T,T,F,F,T,F,T,T,T,7.0,2.0,2.0,6.0,6.0,5.0,,1.0,7.0,0.0,5.0,1.0,1.0,0.0,5.0,2.0,3.0,2.0,1.0,0.0,5.0,3.0,2.0,7.0,6.0,3.0,3.0,5.0,7.0,2.0,2.0,3.0,0.0,1.0,1.0,0.0,6.0,7.0,4.0,7.0
2987143,0,4898326,59.88,R,15752.0,340.0,150.0,visa,220.0,debit,368.0,87.0,82.38529,,hotmail.com,gmail.com,35.0,24.0,3.0,28.0,1.0,15.0,25.0,10.0,36.0,23.0,30.0,29.0,1.0,10.0,540.0,437.0,232.0,218.0,268.0,416.0,300.0,178.0,324.0,116.0,457.0,311.0,276.0,313.0,597.0,T,F,T,F,T,T,T,F,T,1.0,2.0,5.0,2.0,3.0,3.0,7.0,4.0,2.0,2.0,7.0,5.0,0.0,4.0,6.0,7.0,4.0,5.0,1.0,2.0,7.0,6.0,4.0,2.0,2.0,6.0,6.0,4.0,6.0,1.0,6.0,5.0,7.0,0.0,7.0,2.0,7.0,1.0,3.0,0.0
2987144,0,4903584,25.46,W,14407.0,357.0,185.0,visa,230.0,credit,138.0,87.0,2.572708,,aol.com,gmail.com,11.0,30.0,33.0,31.0,11.0,19.0,36.0,16.0,14.0,28.0,28.0,3.0,27.0,36.0,299.0,422.0,580.0,442.0,16.0,527.0,176.0,488.0,511.0,111.0,500.0,404.0,373.0,128.0,9.0,F,T,F,F,F,T,T,T,F,1.0,5.0,1.0,7.0,7.0,1.0,0.0,7.0,2.0,3.0,5.0,5.0,3.0,2.0,1.0,3.0,6.0,4.0,1.0,1.0,0.0,0.0,5.0,4.0,4.0,1.0,3.0,1.0,2.0,2.0,5.0,0.0,2.0,6.0,5.0,0.0,3.0,1.0,0.0,6.0
2987145,0,4922306,136.2,C,18309.0,560.0,150.0,discover,117.0,credit,367.0,87.0,20.003136,140.8986,anonymous.com,hotmail.com,10.0,30.0,5.0,11.0,25.0,10.0,20.0,20.0,3.0,27.0,35.0,26.0,5.0,37.0,290.0,385.0,511.0,,378.0,379.0,35.0,195.0,115.0,527.0,180.0,64.0,529.0,138.0,502.0,F,T,T,T,T,T,F,T,T,7.0,2.0,2.0,7.0,5.0,4.0,,6.0,7.0,0.0,0.0,0.0,1.0,2.0,0.0,5.0,0.0,3.0,7.0,5.0,4.0,3.0,7.0,2.0,7.0,2.0,0.0,2.0,5.0,4.0,2.0,0.0,1.0,3.0,6.0,5.0,6.0,7.0,6.0,6.0
2987146,0,4976186,12.47,H,12622.0,267.0,150.0,mastercard,119.0,credit,440.0,87.0,17.789612,111.64327,aol.com,hotmail.com,37.0,13.0,31.0,36.0,27.0,8.0,17.0,6.0,3.0,2.0,14.0,15.0,35.0,6.0,257.0,516.0,,475.0,339.0,256.0,254.0,264.0,467.0,68.0,197.0,450.0,78.0,500.0,539.0,T,F,F,T,F,T,T,F,T,3.0,7.0,7.0,4.0,0.0,5.0,,3.0,2.0,4.0,5.0,4.0,7.0,3.0,0.0,7.0,3.0,5.0,7.0,4.0,6.0,4.0,4.0,6.0,7.0,1.0,7.0,1.0,1.0,4.0,7.0,7.0,6.0,6.0,2.0,6.0,1.0,7.0,5.0,2.0
2987147,0,5001478,34.9,W,16188.0,346.0,150.0,mastercard,229.0,credit,217.0,87.0,85.67194,,aol.com,yahoo.com,31.0,37.0,36.0,26.0,29.0,38.0,5.0,4.0,12.0,21.0,32.0,16.0,19.0,29.0,223.0,41.0,,284.0,307.0,140.0,555.0,516.0,407.0,85.0,124.0,255.0,183.0,466.0,483.0,T,F,F,T,T,F,F,T,T,4.0,2.0,1.0,7.0,7.0,0.0,7.0,7.0,3.0,5.0,0.0,6.0,0.0,4.0,4.0,2.0,4.0,7.0,6.0,3.0,1.0,2.0,7.0,3.0,1.0,2.0,0.0,4.0,5.0,1.0,1.0,2.0,6.0,6.0,0.0,2.0,7.0,6.0,5.0,0.0
2987148,0,5022288,28.69,R,3062.0,378.0,150.0,american express,153.0,debit,205.0,87.0,6.865775,37.865753,aol.com,hotmail.com,34.0,3.0,19.0,17.0,39.0,22.0,37.0,7.0,18.0,31.0,16.0,11.0,3.0,37.0,228.0,372.0,,38.0,18.0,172.0,424.0,262.0,317.0,306.0,241.0,172.0,283.0,48.0,449.0,F,F,F,T,F,F,F,T,T,3.0,3.0,4.0,4.0,0.0,7.0,7.0,2.0,7.0,7.0,2.0,7.0,4.0,2.0,6.0,0.0,4.0,1.0,2.0,3.0,1.0,5.0,4.0,2.0,3.0,4.0,3.0,5.0,1.0,3.0,4.0,0.0,4.0,0.0,5.0,3.0,5.0,3.0,5.0,1.0
2987149,0,5031052,51.87,H,16484.0,334.0,150.0,discover,103.0,debit,197.0,87.0,40.90775,,anonymous.com,gmail.com,26.0,4.0,35.0,25.0,26.0,16.0,34.0,39.0,21.0,32.0,7.0,16.0,29.0,5.0,332.0,69.0,40.0,,457.0,31.0,34.0,6.0,46.0,350.0,327.0,391.0,376.0,514.0,219.0,F,F,T,F,T,T,F,T,T,2.0,6.0,1.0,0.0,5.0,4.0,,0.0,2.0,2.0,6.0,2.0,6.0,2.0,7.0,1.0,1.0,4.0,6.0,0.0,0.0,2.0,6.0,5.0,2.0,2.0,0.0,4.0,5.0,3.0,5.0,5.0,5.0,6.0,2.0,1.0,5.0,6.0,7.0,0.0
2987150,0,5062776,74.2,W,3789.0,584.0,185.0,visa,140.0,credit,198.0,87.0,5.9535136,,hotmail.com,yahoo.com,36.0,0.0,17.0,34.0,23.0,2.0,36.0,28.0,12.0,23.0,5.0,34.0,29.0,29.0,537.0,573.0,,242.0,21.0,91.0,562.0,0.0,459.0,27.0,428.0,80.0,407.0,280.0,435.0,F,T,F,F,T,F,T,F,T,4.0,2.0,5.0,6.0,1.0,2.0,,6.0,4.0,2.0,7.0,4.0,0.0,2.0,7.0,1.0,1.0,6.0,1.0,3.0,7.0,2.0,6.0,0.0,4.0,3.0,5.0,1.0,2.0,0.0,7.0,3.0,0.0,2.0,4.0,3.0,4.0,6.0,5.0,6.0
2987151,0,5101789,18.02,R,6469.0,581.0,150.0,mastercard,217.0,debit,150.0,87.0,2.6105025,,gmail.com,gmail.com,4.0,37.0,38.0,9.0,13.0,30.0,14.0,5.0,14.0,35.0,3.0,32.0,18.0,37.0,588.0,380.0,,507.0,157.0,262.0,254.0,261.0,131.0,226.0,160.0,298.0,553.0,86.0,347.0,T,F,F,F,F,T,T,T,T,6.0,0.0,1.0,4.0,7.0,6.0,0.0,3.0,0.0,6.0,3.0,6.0,0.0,5.0,4.0,0.0,3.0,2.0,1.0,0.0,6.0,2.0,3.0,3.0,6.0,1.0,2.0,1.0,6.0,2.0,1.0,1.0,2.0,5.0,3.0,7.0,6.0,5.0,5.0,6.0
2987152,0,5109658,121.11,C,3230.0,,185.0,mastercard,149.0,credit,209.0,87.0,28.434855,,yahoo.com,yahoo.com,23.0,7.0,9.0,6.0,14.0,18.0,25.0,12.0,11.0,23.0,38.0,13.0,12.0,9.0,519.0,455.0,238.0,,237.0,84.0,345.0,389.0,537.0,135.0,129.0,253.0,293.0,544.0,498.0,T,T,T,T,F,F,F,T,F,0.0,2.0,4.0,0.0,5.0,6.0,3.0,0.0,7.0,2.0,2.0,4.0,4.0,0.0,5.0,4.0,5.0,2.0,2.0,2.0,0.0,4.0,6.0,1.0,2.0,2.0,7.0,6.0,6.0,5.0,2.0,3.0,1.0,0.0,2.0,4.0,4.0,4.0,6.0,5.0
2987153,0,5157505,58.52,R,7988.0,,185.0,american express,110.0,debit,390.0,87.0,27.914295,4.383535,hotmail.com,gmail.com,11.0,24.0,17.0,17.0,33.0,15.0,17.0,16.0,20.0,15.0,6.0,11.0,0.0,23.0,71.0,342.0,,,421.0,6.0,0.0,565.0,475.0,181.0,19.0,99.0,103.0,202.0,210.0,T,F,F,T,F,T,T,F,F,7.0,2.0,3.0,0.0,6.0,7.0,,1.0,3.0,5.0,3.0,3.0,7.0,7.0,2.0,2.0,7.0,0.0,1.0,5.0,1.0,7.0,6.0,2.0,0.0,3.0,1.0,3.0,2.0,0.0,6.0,3.0,3.0,3.0,5.0,7.0,7.0,2.0,5.0,0.0
2987154,0,5201032,6.81,C,14032.0,,150.0,mastercard,201.0,debit,233.0,87.0,95.08023,70.74145,anonymous.com,yahoo.com,15.0,32.0,15.0,3.0,18.0,26.0,9.0,7.0,27.0,17.0,33.0,20.0,36.0,31.0,184.0,230.0,503.0,84.0,244.0,415.0,186.0,78.0,218.0,108.0,56.0,571.0,113.0,195.0,445.0,T,F,F,F,T,T,T,T,F,1.0,4.0,5.0,5.0,5.0,6.0,,0.0,5.0,5.0,1.0,1.0,0.0,4.0,0.0,0.0,2.0,2.0,5.0,7.0,3.0,1.0,2.0,3.0,0.0,1.0,5.0,3.0,0.0,2.0,3.0,4.0,2.0,5.0,4.0,6.0,5.0,5.0,5.0,7.0
2987155,0,5202326,6.33,S,5664.0,,150.0,visa,127.0,credit,443.0,87.0,3.278822,54.023296,hotmail.com,yahoo.com,9.0,30.0,31.0,33.0,28.0,5.0,8.0,34.0,1.0,27.0,31.0,27.0,7.0,13.0,454.0,411.0,243.0,,489.0,42.0,471.0,325.0,261.0,406.0,30.0,217.0,480.0,87.0,470.0,F,T,T,F,F,T,F,F,T,7.0,5.0,0.0,7.0,4.0,1.0,,7.0,4.0,7.0,4.0,0.0,0.0,1.0,1.0,1.0,4.0,4.0,5.0,2.0,7.0,3.0,1.0,0.0,0.0,7.0,0.0,2.0,2.0,3.0,6.0,7.0,0.0,3.0,5.0,0.0,3.0,7.0,0.0,5.0
2987156,0,5253431,53.86,W,15306.0,,185.0,discover,149.0,credit,460.0,87.0,12.98924,38.623245,hotmail.com,yahoo.com,8.0,37.0,1.0,38.0,4.0,21.0,15.0,37.0,19.0,35.0,17.0,7.0,33.0,9.0,327.0,501.0,282.0,,560.0,84.0,198.0,173.0,15.0,283.0,124.0,24.0,276.0,531.0,500.0,F,T,T,T,T,T,T,F,F,7.0,4.0,4.0,5.0,6.0,1.0,5.0,6.0,3.0,2.0,3.0,5.0,7.0,6.0,0.0,2.0,2.0,7.0,0.0,2.0,6.0,1.0,0.0,6.0,2.0,7.0,0.0,7.0,2.0,1.0,6.0,7.0,5.0,4.0,5.0,0.0,1.0,7.0,3.0,6.0
2987157,0,5292968,42.82,S,11549.0,208.0,185.0,mastercard,100.0,credit,434.0,87.0,71.723625,101.778656,gmail.com,yahoo.com,17.0,2.0,33.0,24.0,5.0,34.0,22.0,9.0,25.0,9.0,36.0,29.0,23.0,15.0,200.0,106.0,,371.0,459.0,357.0,99.0,270.0,298.0,575.0,417.0,265.0,378.0,172.0,103.0,T,F,T,T,F,F,T,T,F,7.0,3.0,4.0,3.0,2.0,1.0,3.0,7.0,3.0,4.0,0.0,7.0,4.0,7.0,5.0,2.0,0.0,4.0,0.0,5.0,7.0,1.0,7.0,3.0,7.0,7.0,2.0,1.0,3.0,5.0,2.0,6.0,4.0,0.0,5.0,2.0,7.0,4.0,2.0,3.0
2987158,0,5324216,48.73,H,11943.0,172.0,150.0,visa,184.0,debit,337.0,87.0,25.731283,34.11817,anonymous.com,yahoo.com,36.0,16.0,0.0,39.0,8.0,18.0,4.0,0.0,26.0,11.0,36.0,37.0,27.0,13.0,186.0,523.0,,,23.0,553.0,54.0,265.0,34.0,4.0,464.0,579.0,337.0,355.0,518.0,F,F,F,T,F,F,F,F,T,5.0,4.0,1.0,2.0,4.0,7.0,0.0,1.0,0.0,1.0,4.0,4.0,5.0,0.0,4.0,7.0,3.0,2.0,3.0,7.0,6.0,7.0,3.0,2.0,2.0,0.0,7.0,6.0,4.0,5.0,2.0,3.0,3.0,0.0,2.0,7.0,0.0,0.0,7.0,1.0
2987159,0,5332616,52.94,S,17335.0,,150.0,discover,162.0,credit,239.0,87.0,42.98912,19.975573,hotmail.com,yahoo.com,25.0,20.0,12.0,2.0,7.0,0.0,28.0,10.0,22.0,26.0,37.0,33.0,27.0,29.0,70.0,435.0,389.0,,462.0,434.0,554.0,187.0,592.0,466.0,583.0,401.0,487.0,143.0,130.0,T,T,F,T,F,F,F,F,T,7.0,1.0,2.0,3.0,2.0,2.0,7.0,6.0,2.0,6.0,5.0,6.0,2.0,1.0,6.0,5.0,2.0,6.0,0.0,2.0,5.0,5.0,4.0,1.0,3.0,3.0,7.0,6.0,7.0,2.0,3.0,4.0,7.0,4.0,6.0,1.0,0.0,5.0,4.0,6.0
2987160,0,5340505,69.97,S,8514.0,,185.0,visa,221.0,credit,509.0,87.0,3.2915208,20.367102,gmail.com,gmail.com,13.0,27.0,23.0,25.0,24.0,9.0,18.0,23.0,21.0,30.0,19.0,21.0,34.0,14.0,199.0,51.0,,360.0,123.0,19.0,487.0,10.0,384.0,545.0,327.0,382.0,131.0,537.0,562.0,F,T,F,F,F,F,T,T,F,6.0,1.0,5.0,2.0,0.0,2.0,2.0,4.0,3.0,0.0,5.0,5.0,2.0,1.0,1.0,5.0,1.0,1.0,6.0,6.0,2.0,7.0,2.0,7.0,5.0,6.0,4.0,1.0,0.0,1.0,0.0,1.0,2.0,3.0,1.0,0.0,0.0,2.0,4.0,0.0
2987161,0,5408537,154.84,W,6996.0,100.0,150.0,american express,146.0,credit,190.0,87.0,0.6351353,23.543453,yahoo.com,gmail.com,17.0,24.0,5.0,17.0,25.0,2.0,35.0,32.0,27.0,15.0,11.0,12.0,1.0,15.0,253.0,561.0,,365.0,533.0,100.0,26.0,44.0,141.0,291.0,272.0,540.0,102.0,472.0,23.0,T,F,F,F,T,T,F,T,T,5.0,4.0,4.0,2.0,7.0,7.0,1.0,2.0,2.0,5.0,7.0,2.0,3.0,0.0,7.0,5.0,5.0,1.0,3.0,2.0,4.0,5.0,3.0,6.0,5.0,2.0,2.0,0.0,4.0,6.0,6.0,4.0,0.0,4.0,7.0,7.0,0.0,1.0,4.0,1.0
2987162,0,5414813,16.08,S,18305.0,423.0,150.0,american express,128.0,debit,304.0,87.0,19.673313,,aol.com,yahoo.com,21.0,22.0,19.0,11.0,22.0,20.0,11.0,13.0,15.0,25.0,1.0,12.0,39.0,37.0,249.0,108.0,99.0,145.0,587.0,444.0,555.0,313.0,482.0,419.0,539.0,50.0,440.0,301.0,134.0,F,F,F,T,T,F,F,T,T,7.0,6.0,4.0,1.0,3.0,1.0,,5.0,2.0,1.0,5.0,4.0,1.0,5.0,5.0,6.0,2.0,4.0,3.0,5.0,3.0,5.0,3.0,3.0,2.0,1.0,2.0,1.0,1.0,1.0,0.0,5.0,6.0,2.0,6.0,1.0,1.0,0.0,5.0,1.0
2987163,0,5442098,15.04,R,10691.0,315.0,150.0,mastercard,123.0,debit,299.0,87.0,10.889904,,gmail.com,hotmail.com,9.0,12.0,39.0,12.0,11.0,14.0,2.0,10.0,22.0,0.0,33.0,29.0,1.0,23.0,329.0,360.0,,,50.0,439.0,492.0,134.0,11.0,264.0,88.0,330.0,260.0,207.0,365.0,F,T,F,T,F,F,F,T,T,2.0,4.0,7.0,4.0,0.0,3.0,,7.0,5.0,3.0,5.0,2.0,3.0,1.0,7.0,2.0,1.0,6.0,0.0,1.0,7.0,5.0,4.0,2.0,1.0,4.0,1.0,2.0,4.0,1.0,7.0,7.0,1.0,0.0,4.0,2.0,3.0,1.0,6.0,0.0
2987164,0,5463109,16.4,S,11694.0,283.0,150.0,discover,128.0,credit,428.0,87.0,32.690914,46.39782,hotmail.com,hotmail.com,20.0,4.0,32.0,21.0,23.0,5.0,12.0,9.0,12.0,11.0,34.0,18.0,39.0,37.0,163.0,77.0,,,59.0,234.0,215.0,196.0,329.0,357.0,378.0,192.0,489.0,393.0,326.0,T,F,T,F,T,F,F,T,T,6.0,0.0,3.0,1.0,6.0,2.0,6.0,3.0,6.0,0.0,1.0,1.0,7.0,3.0,5.0,0.0,3.0,1.0,5.0,2.0,3.0,5.0,1.0,3.0,1.0,0.0,2.0,5.0,5.0,0.0,6.0,0.0,0.0,5.0,1.0,6.0,2.0,3.0,1.0,4.0
2987165,0,5484581,75.02,S,6155.0,484.0,185.0,discover,163.0,debit,340.0,87.0,48.791435,203.27985,hotmail.com,yahoo.com,27.0,17.0,1.0,25.0,4.0,27.0,38.0,0.0,17.0,38.0,21.0,4.0,10.0,28.0,123.0,117.0,9.0,523.0,418.0,569.0,393.0,54.0,66.0,544.0,490.0,405.0,77.0,297.0,413.0,T,T,F,T,T,T,F,F,T,7.0,7.0,6.0,1.0,7.0,2.0,,0.0,7.0,5.0,3.0,4.0,5.0,6.0,2.0,4.0,7.0,0.0,5.0,7.0,6.0,6.0,6.0,7.0,1.0,4.0,3.0,4.0,6.0,0.0,2.0,6.0,3.0,1.0,7.0,0.0,3.0,2.0,7.0,1.0
2987166,0,5496753,214.74,R,4748.0,,150.0,discover,112.0,credit,451.0,87.0,74.53422,23.372107,gmail.com,hotmail.com,9.0,10.0,23.0,6.0,18.0,7.0,12.0,0.0,4.0,23.0,2.0,27.0,33.0,35.0,532.0,385.0,23.0,590.0,85.0,533.0,154.0,29.0,32.0,318.0,301.0,511.0,163.0,564.0,242.0,F,T,T,F,F,F,T,F,T,5.0,2.0,7.0,2.0,5.0,4.0,5.0,6.0,7.0,3.0,3.0,5.0,6.0,4.0,5.0,0.0,5.0,5.0,6.0,3.0,1.0,2.0,3.0,1.0,0.0,3.0,5.0,3.0,4.0,6.0,0.0,4.0,4.0,6.0,4.0,1.0,3.0,3.0,6.0,7.0
2987167,0,5534907,33.97,C,3954.0,,150.0,visa,156.0,debit,504.0,87.0,76.94941,48.99458,gmail.com,hotmail.com,23.0,22.0,23.0,24.0,6.0,13.0,28.0,17.0,14.0,34.0,32.0,5.0,3.0,7.0,243.0,407.0,,209.0,581.0,445.0,149.0,76.0,146.0,346.0,156.0,46.0,576.0,404.0,2.0,F,T,F,F,F,F,F,F,F,0.0,5.0,4.0,6.0,2.0,5.0,5.0,1.0,5.0,5.0,7.0,7.0,3.0,5.0,4.0,1.0,3.0,4.0,4.0,0.0,5.0,0.0,1.0,5.0,3.0,5.0,1.0,3.0,1.0,7.0,6.0,0.0,2.0,0.0,6.0,5.0,3.0,4.0,1.0,7.0
2987168,0,5538282,3.48,W,4889.0,454.0,185.0,mastercard,219.0,debit,271.0,87.0,36.108902,201.9027,aol.com,yahoo.com,28.0,31.0,2.0,37.0,3.0,39.0,33.0,24.0,5.0,8.0,11.0,39.0,18.0,37.0,152.0,412.0,232.0,,324.0,448.0,428.0,226.0,176.0,592.0,372.0,94.0,506.0,16.0,370.0,T,F,T,T,F,T,F,T,T,1.0,7.0,1.0,4.0,6.0,2.0,,1.0,3.0,2.0,3.0,1.0,6.0,0.0,1.0,6.0,6.0,5.0,2.0,6.0,3.0,3.0,0.0,7.0,5.0,5.0,0.0,7.0,7.0,4.0,3.0,7.0,6.0,7.0,0.0,0.0,0.0,4.0,4.0,1.0
2987169,0,5543126,8.38,W,4396.0,,150.0,visa,207.0,credit,484.0,87.0,2.7516167,140.8573,hotmail.com,gmail.com,20.0,22.0,26.0,0.0,6.0,2.0,11.0,0.0,9.0,11.0,21.0,16.0,21.0,37.0,381.0,205.0,13.0,,344.0,470.0,121.0,98.0,435.0,297.0,597.0,572.0,37.0,493.0,306.0,F,T,F,T,F,F,T,F,F,1.0,7.0,3.0,3.0,5.0,0.0,7.0,4.0,5.0,0.0,5.0,2.0,3.0,7.0,0.0,4.0,0.0,3.0,0.0,1.0,3.0,0.0,0.0,6.0,5.0,4.0,4.0,7.0,3.0,7.0,1.0,3.0,2.0,2.0,2.0,5.0,4.0,3.0,3.0,6.0
2987170,0,5559100,21.84,C,13992.0,,150.0,discover,189.0,debit,174.0,87.0,11.408023,144.1532,yahoo.com,yahoo.com,11.0,23.0,20.0,35.0,4.0,9.0,25.0,8.0,16.0,38.0,26.0,13.0,38.0,1.0,325.0,492.0,,,516.0,89.0,213.0,138.0,534.0,103.0,141.0,295.0,490.0,115.0,305.0,T,T,F,T,F,F,T,T,T,4.0,0.0,0.0,4.0,2.0,5.0,5.0,6.0,1.0,4.0,4.0,1.0,4.0,0.0,5.0,5.0,2.0,0.0,2.0,0.0,6.0,0.0,2.0,6.0,7.0,4.0,1.0,0.0,3.0,5.0,3.0,3.0,7.0,7.0,2.0,4.0,2.0,3.0,3.0,0.0
2987171,0,5603710,29.56,S,2008.0,,185.0,visa,225.0,debit,503.0,87.0,23.616234,,gmail.com,yahoo.com,22.0,1.0,27.0,24.0,19.0,12.0,8.0,36.0,20.0,39.0,5.0,2.0,4.0,14.0,345.0,29.0,182.0,575.0,130.0,420.0,214.0,181.0,465.0,409.0,337.0,189.0,39.0,180.0,226.0,F,T,F,T,T,F,F,T,F,3.0,1.0,5.0,4.0,2.0,4.0,5.0,6.0,6.0,5.0,0.0,7.0,5.0,5.0,0.0,4.0,4.0,2.0,4.0,6.0,3.0,0.0,5.0,7.0,2.0,0.0,3.0,6.0,5.0,3.0,7.0,1.0,5.0,0.0,6.0,1.0,4.0,7.0,6.0,2.0
2987172,0,5824658,34.84,R,11951.0,587.0,150.0,discover,209.0,credit,178.0,87.0,84.10255,333.82104,hotmail.com,gmail.com,31.0,25.0,11.0,13.0,21.0,20.0,14.0,39.0,37.0,35.0,2.0,6.0,1.0,16.0,132.0,512.0,,416.0,333.0,563.0,90.0,174.0,443.0,415.0,30.0,91.0,72.0,261.0,534.0,F,T,T,F,F,F,F,F,F,6.0,5.0,2.0,3.0,7.0,5.0,,6.0,4.0,5.0,7.0,6.0,6.0,5.0,0.0,4.0,3.0,3.0,0.0,2.0,0.0,0.0,6.0,0.0,5.0,7.0,5.0,2.0,2.0,5.0,5.0,0.0,1.0,3.0,3.0,4.0,0.0,2.0,2.0,5.0
2987173,0,5831878,56.97,R,17517.0,177.0,185.0,discover,191.0,debit,474.0,87.0,0.4690297,,anonymous.com,hotmail.com,8.0,17.0,10.0,29.0,24.0,9.0,11.0,25.0,1.0,12.0,3.0,37.0,25.0,16.0,433.0,181.0,527.0,,599.0,134.0,497.0,6.0,339.0,142.0,139.0,212.0,538.0,125.0,475.0,T,T,F,F,F,T,F,T,T,2.0,6.0,7.0,6.0,7.0,3.0,7.0,7.0,1.0,2.0,5.0,2.0,7.0,3.0,0.0,2.0,5.0,3.0,0.0,1.0,3.0,5.0,7.0,1.0,7.0,0.0,7.0,6.0,7.0,3.0,5.0,0.0,3.0,3.0,0.0,2.0,6.0,0.0,6.0,1.0
2987174,0,5851218,38.75,C,14320.0,152.0,150.0,american express,220.0,credit,271.0,87.0,47.33789,,anonymous.com,hotmail.com,22.0,4.0,29.0,24.0,17.0,38.0,26.0,20.0,35.0,32.0,38.0,21.0,1.0,31.0,115.0,372.0,,212.0,13.0,8.0,404.0,70.0,222.0,437.0,460.0,2.0,75.0,565.0,108.0,T,F,F,T,F,F,F,F,T,1.0,6.0,5.0,5.0,5.0,6.0,7.0,1.0,3.0,5.0,1.0,7.0,0.0,6.0,4.0,1.0,5.0,7.0,1.0,7.0,7.0,4.0,2.0,1.0,0.0,7.0,4.0,7.0,0.0,7.0,4.0,2.0,0.0,1.0,4.0,7.0,5.0,6.0,5.0,0.0
2987175,0,5888481,173.17,R,8010.0,570.0,150.0,mastercard,117.0,debit,524.0,87.0,9.393722,184.0373,gmail.com,gmail.com,27.0,8.0,28.0,30.0,7.0,0.0,35.0,23.0,13.0,18.0,38.0,36.0,31.0,27.0,501.0,543.0,,366.0,104.0,216.0,517.0,570.0,153.0,38.0,297.0,133.0,180.0,587.0,23.0,F,F,T,T,F,F,T,T,F,4.0,4.0,3.0,1.0,0.0,4.0,7.0,2.0,2.0,4.0,0.0,5.0,6.0,7.0,7.0,2.0,3.0,1.0,0.0,2.0,7.0,7.0,5.0,4.0,6.0,7.0,7.0,4.0,1.0,6.0,1.0,2.0,6.0,3.0,1.0,3.0,2.0,0.0,6.0,1.0
2987176,0,5902471,25.96,H,2033.0,,150.0,visa,214.0,credit,156.0,87.0,4.687162,,anonymous.com,yahoo.com,12.0,31.0,6.0,3.0,0.0,37.0,10.0,14.0,28.0,33.0,17.0,38.0,1.0,8.0,254.0,153.0,361.0,236.0,87.0,161.0,314.0,400.0,567.0,192.0,119.0,109.0,81.0,93.0,108.0,F,T,F,F,T,T,T,T,T,1.0,1.0,1.0,6.0,1.0,6.0,7.0,5.0,2.0,1.0,7.0,3.0,5.0,0.0,3.0,6.0,7.0,2.0,0.0,5.0,4.0,2.0,2.0,3.0,0.0,5.0,2.0,4.0,7.0,6.0,7.0,3.0,5.0,1.0,3.0,5.0,2.0,6.0,5.0,5.0
2987177,1,5940113,21.15,S,15513.0,183.0,185.0,discover,141.0,debit,304.0,87.0,3.7006013,192.66122,aol.com,gmail.com,15.0,36.0,8.0,2.0,28.0,21.0,11.0,8.0,27.0,34.0,17.0,1.0,38.0,24.0,245.0,246.0,103.0,169.0,201.0,569.0,105.0,74.0,313.0,513.0,201.0,50.0,358.0,192.0,29.0,T,F,T,F,F,F,F,F,F,7.0,5.0,0.0,1.0,2.0,5.0,5.0,3.0,0.0,0.0,2.0,3.0,5.0,7.0,1.0,7.0,7.0,1.0,3.0,2.0,5.0,2.0,1.0,0.0,4.0,5.0,5.0,3.0,3.0,4.0,5.0,4.0,3.0,3.0,7.0,2.0,2.0,2.0,4.0,1.0
2987178,0,5947044,92.46,H,1054.0,300.0,150.0,visa,202.0,debit,496.0,87.0,15.767332,41.80771,yahoo.com,gmail.com,35.0,20.0,23.0,25.0,39.0,1.0,32.0,15.0,38.0,17.0,16.0,15.0,21.0,38.0,233.0,496.0,,,77.0,267.0,167.0,170.0,338.0,370.0,72.0,581.0,34.0,222.0,425.0,F,F,T,F,F,T,F,T,T,0.0,5.0,5.0,0.0,4.0,3.0,,5.0,0.0,2.0,0.0,4.0,0.0,1.0,4.0,0.0,3.0,4.0,5.0,4.0,2.0,3.0,4.0,4.0,6.0,0.0,7.0,0.0,7.0,4.0,4.0,7.0,5.0,2.0,3.0,6.0,7.0,6.0,1.0,1.0
2987179,0,6090390,10.08,H,12855.0,,150.0,visa,227.0,credit,120.0,87.0,73.8451,92.62845,gmail.com,gmail.com,14.0,39.0,33.0,12.0,11.0,4.0,18.0,27.0,4.0,12.0,14.0,33.0,37.0,17.0,253.0,518.0,294.0,389.0,103.0,396.0,212.0,229.0,8.0,364.0,467.0,474.0,172.0,402.0,372.0,F,T,F,T,T,F,T,T,T,3.0,3.0,6.0,3.0,6.0,2.0,6.0,3.0,2.0,0.0,4.0,0.0,3.0,6.0,3.0,4.0,7.0,6.0,3.0,5.0,6.0,6.0,5.0,0.0,3.0,7.0,1.0,0.0,7.0,0.0,5.0,6.0,4.0,1.0,3.0,2.0,5.0,1.0,7.0,1.0
2987180,0,6123534,83.82,S,12674.0,197.0,185.0,american express,169.0,credit,216.0,87.0,36.44558,,aol.com,yahoo.com,23.0,7.0,8.0,9.0,8.0,4.0,20.0,26.0,38.0,38.0,21.0,19.0,5.0,37.0,399.0,141.0,87.0,,511.0,589.0,565.0,543.0,274.0,372.0,565.0,564.0,195.0,358.0,277.0,T,T,F,T,F,T,F,T,T,7.0,5.0,2.0,3.0,6.0,4.0,,3.0,2.0,5.0,0.0,1.0,7.0,6.0,4.0,3.0,5.0,7.0,0.0,6.0,4.0,7.0,6.0,3.0,4.0,4.0,5.0,2.0,7.0,5.0,2.0,3.0,4.0,6.0,0.0,4.0,3.0,1.0,5.0,7.0
2987181,0,6128123,61.12,R,4339.0,,150.0,american express,112.0,debit,136.0,87.0,55.669403,41.86004,hotmail.com,gmail.com,5.0,11.0,8.0,16.0,12.0,11.0,28.0,27.0,2.0,18.0,14.0,20.0,10.0,25.0,298.0,305.0,433.0,,278.0,473.0,142.0,527.0,409.0,98.0,63.0,144.0,389.0,406.0,354.0,F,F,T,T,F,T,T,F,F,4.0,1.0,0.0,6.0,2.0,5.0,0.0,0.0,7.0,0.0,1.0,7.0,7.0,4.0,3.0,4.0,1.0,1.0,2.0,3.0,0.0,5.0,0.0,2.0,4.0,2.0,3.0,6.0,5.0,0.0,5.0,7.0,3.0,4.0,3.0,6.0,5.0,3.0,2.0,7.0
2987182,0,6132627,46.42,S,13873.0,297.0,185.0,discover,151.0,credit,241.0,87.0,28.153666,69.34222,anonymous.com,gmail.com,37.0,37.0,32.0,29.0,8.0,13.0,5.0,24.0,35.0,17.0,24.0,22.0,18.0,36.0,76.0,199.0,,,214.0,449.0,415.0,462.0,297.0,576.0,142.0,173.0,297.0,18.0,485.0,T,T,F,T,T,T,T,F,T,6.0,6.0,2.0,5.0,0.0,4.0,,4.0,2.0,0.0,7.0,1.0,1.0,6.0,4.0,1.0,0.0,3.0,0.0,4.0,7.0,4.0,5.0,7.0,4.0,5.0,7.0,2.0,5.0,4.0,7.0,4.0,2.0,6.0,7.0,7.0,0.0,3.0,2.0,6.0
2987183,0,6161213,313.28,C,4053.0,,150.0,american express,156.0,debit,271.0,87.0,20.78676,53.665707,yahoo.com,yahoo.com,23.0,7.0,27.0,7.0,8.0,25.0,34.0,2.0,26.0,26.0,15.0,28.0,1.0,36.0,339.0,310.0,,440.0,251.0,581.0,73.0,63.0,368.0,178.0,514.0,169.0,115.0,308.0,498.0,T,T,F,F,F,T,F,T,F,3.0,0.0,6.0,0.0,2.0,4.0,,6.0,2.0,1.0,0.0,1.0,3.0,6.0,2.0,0.0,0.0,5.0,4.0,6.0,6.0,7.0,2.0,5.0,5.0,4.0,2.0,3.0,4.0,1.0,2.0,3.0,2.0,6.0,7.0,6.0,6.0,5.0,0.0,0.0
2987184,0,6185106,27.54,W,4926.0,,185.0,visa,231.0,debit,372.0,87.0,159.687,188.69969,yahoo.com,yahoo.com,30.0,26.0,36.0,38.0,19.0,12.0,14.0,25.0,19.0,37.0,25.0,37.0,4.0,0.0,160.0,227.0,481.0,,582.0,413.0,573.0,294.0,485.0,471.0,527.0,335.0,278.0,126.0,260.0,T,T,F,T,T,F,T,T,T,6.0,6.0,4.0,3.0,1.0,2.0,6.0,6.0,7.0,2.0,6.0,6.0,6.0,4.0,7.0,1.0,1.0,0.0,1.0,6.0,0.0,1.0,2.0,4.0,6.0,2.0,7.0,4.0,5.0,3.0,0.0,1.0,6.0,2.0,7.0,5.0,4.0,5.0,2.0,2.0
2987185,0,6242689,526.54,R,15128.0,306.0,150.0,visa,231.0,credit,213.0,87.0,54.931164,52.40388,yahoo.com,gmail.com,24.0,8.0,31.0,16.0,31.0,29.0,26.0,35.0,15.0,5.0,37.0,35.0,13.0,32.0,64.0,3.0,,251.0,294.0,138.0,387.0,290.0,13.0,593.0,460.0,109.0,275.0,137.0,355.0,T,F,F,T,T,T,F,T,F,5.0,6.0,0.0,6.0,7.0,1.0,2.0,2.0,6.0,0.0,4.0,7.0,7.0,1.0,4.0,1.0,2.0,5.0,3.0,5.0,3.0,3.0,0.0,6.0,1.0,2.0,6.0,2.0,2.0,6.0,5.0,3.0,3.0,2.0,2.0,5.0,2.0,7.0,1.0,7.0
2987186,0,6256298,42.61,W,18036.0,244.0,185.0,mastercard,179.0,credit,169.0,87.0,68.51922,519.7059,yahoo.com,yahoo.com,14.0,13.0,38.0,6.0,28.0,11.0,17.0,25.0,3.0,39.0,8.0,25.0,29.0,7.0,503.0,554.0,,72.0,281.0,436.0,258.0,382.0,542.0,144.0,429.0,141.0,212.0,464.0,346.0,T,F,F,T,F,F,F,F,F,4.0,5.0,0.0,5.0,0.0,3.0,2.0,5.0,0.0,5.0,2.0,6.0,2.0,3.0,2.0,0.0,0.0,1.0,7.0,3.0,5.0,1.0,1.0,1.0,3.0,0.0,5.0,3.0,6.0,2.0,6.0,0.0,3.0,7.0,0.0,3.0,5.0,5.0,7.0,4.0
2987187,0,6259500,13.4,W,5605.0,,150.0,visa,233.0,debit,174.0,87.0,0.020148119,44.76723,hotmail.com,gmail.com,13.0,19.0,7.0,2.0,38.0,10.0,30.0,23.0,32.0,16.0,2.0,23.0,28.0,32.0,187.0,382.0,,352.0,556.0,193.0,207.0,506.0,490.0,380.0,516.0,584.0,320.0,84.0,569.0,F,T,T,F,F,T,T,T,F,0.0,6.0,0.0,4.0,6.0,7.0,6.0,1.0,0.0,1.0,2.0,0.0,6.0,7.0,0.0,2.0,4.0,0.0,4.0,4.0,5.0,1.0,3.0,2.0,6.0,7.0,0.0,4.0,1.0,4.0,6.0,1.0,5.0,2.0,1.0,5.0,0.0,1.0,3.0,0.0
2987188,0,6273084,58.96,S,17031.0,176.0,185.0,american express,161.0,credit,512.0,87.0,1.6677144,84.038124,gmail.com,hotmail.com,28.0,14.0,10.0,34.0,14.0,11.0,24.0,8.0,29.0,1.0,21.0,14.0,3.0,32.0,357.0,277.0,,20.0,22.0,198.0,212.0,192.0,251.0,25.0,224.0,211.0,195.0,18.0,456.0,T,T,T,F,T,T,T,F,T,7.0,7.0,6.0,4.0,5.0,5.0,4.0,5.0,0.0,6.0,3.0,6.0,6.0,1.0,5.0,5.0,3.0,0.0,6.0,7.0,1.0,3.0,1.0,6.0,3.0,5.0,0.0,6.0,3.0,2.0,7.0,7.0,4.0,0.0,1.0,4.0,3.0,0.0,5.0,1.0
2987189,0,6283921,16.71,H,16891.0,215.0,185.0,visa,157.0,debit,519.0,87.0,28.87243,,aol.com,yahoo.com,34.0,34.0,9.0,4.0,19.0,13.0,6.0,31.0,37.0,12.0,4.0,4.0,2.0,10.0,103.0,64.0,299.0,15.0,286.0,386.0,135.0,334.0,458.0,381.0,536.0,468.0,200.0,292.0,188.0,F,F,T,F,T,F,F,F,F,0.0,1.0,6.0,4.0,0.0,6.0,5.0,3.0,3.0,4.0,4.0,2.0,1.0,7.0,3.0,7.0,4.0,7.0,2.0,1.0,0.0,6.0,2.0,5.0,3.0,2.0,5.0,6.0,2.0,2.0,2.0,1.0,7.0,4.0,0.0,4.0,7.0,2.0,6.0,6.0
2987190,0,6328175,23.88,C,14387.0,,150.0,discover,217.0,debit,197.0,87.0,69.94666,98.90713,hotmail.com,hotmail.com,5.0,38.0,2.0,16.0,15.0,33.0,7.0,18.0,29.0,18.0,9.0,28.0,26.0,2.0,203.0,42.0,,246.0,448.0,189.0,359.0,158.0,39.0,264.0,531.0,137.0,470.0,441.0,532.0,T,F,F,T,F,T,T,T,F,2.0,4.0,3.0,1.0,5.0,5.0,2.0,7.0,4.0,0.0,7.0,0.0,0.0,1.0,1.0,5.0,4.0,5.0,7.0,5.0,7.0,2.0,4.0,0.0,5.0,5.0,3.0,6.0,6.0,1.0,7.0,4.0,1.0,7.0,5.0,2.0,6.0,7.0,7.0,7.0
2987191,0,6353530,84.5,S,3436.0,552.0,150.0,american express,193.0,debit,185.0,87.0,38.423622,,aol.com,gmail.com,33.0,20.0,31.0,26.0,1.0,9.0,35.0,10.0,38.0,27.0,31.0,0.0,14.0,16.0,231.0,287.0,,417.0,308.0,14.0,519.0,126.0,184.0,43.0,137.0,557.0,151.0,306.0,238.0,F,T,F,F,F,T,T,F,T,5.0,5.0,5.0,4.0,4.0,7.0,4.0,5.0,2.0,3.0,2.0,7.0,0.0,5.0,3.0,1.0,2.0,6.0,5.0,6.0,7.0,6.0,0.0,1.0,7.0,5.0,2.0,4.0,2.0,1.0,1.0,0.0,0.0,1.0,4.0,2.0,0.0,6.0,3.0,3.0
2987192,0,6397608,100.6,W,6209.0,572.0,150.0,discover,173.0,debit,123.0,87.0,0.20894557,,hotmail.com,hotmail.com,33.0,21.0,26.0,20.0,15.0,10.0,20.0,19.0,35.0,22.0,16.0,27.0,31.0,12.0,80.0,389.0,,65.0,520.0,599.0,144.0,187.0,64.0,403.0,43.0,416.0,197.0,96.0,454.0,F,T,F,T,T,F,T,F,T,6.0,7.0,0.0,5.0,0.0,1.0,3.0,0.0,0.0,1.0,4.0,2.0,1.0,5.0,3.0,2.0,4.0,5.0,4.0,3.0,5.0,4.0,7.0,1.0,2.0,1.0,6.0,5.0,1.0,2.0,4.0,4.0,3.0,5.0,5.0,0.0,4.0,5.0,0.0,1.0
2987193,0,6483328,27.54,C,12792.0,350.0,185.0,visa,163.0,credit,522.0,87.0,41.492252,,yahoo.com,yahoo.com,4.0,2.0,3.0,10.0,10.0,38.0,11.0,4.0,17.0,5.0,21.0,19.0,11.0,22.0,584.0,156.0,,297.0,532.0,342.0,448.0,441.0,381.0,581.0,312.0,517.0,84.0,464.0,586.0,T,T,T,T,T,T,T,F,F,4.0,5.0,4.0,0.0,1.0,5.0,,6.0,1.0,7.0,5.0,5.0,5.0,1.0,6.0,2.0,7.0,6.0,4.0,6.0,5.0,5.0,2.0,0.0,7.0,1.0,3.0,1.0,6.0,0.0,7.0,7.0,4.0,2.0,1.0,5.0,5.0,2.0,4.0,0.0
2987194,0,6501177,161.77,H,18386.0,178.0,185.0,mastercard,198.0,debit,410.0,87.0,48.30181,,hotmail.com,gmail.com,4.0,9.0,7.0,4.0,19.0,26.0,5.0,37.0,28.0,19.0,31.0,31.0,14.0,3.0,186.0,446.0,,,201.0,402.0,339.0,262.0,513.0,49.0,454.0,309.0,418.0,229.0,485.0,T,T,F,T,T,F,T,F,T,3.0,4.0,2.0,5.0,2.0,0.0,,5.0,4.0,4.0,0.0,0.0,3.0,3.0,4.0,1.0,2.0,3.0,4.0,3.0,5.0,1.0,6.0,5.0,5.0,1.0,3.0,1.0,3.0,7.0,7.0,3.0,6.0,3.0,5.0,0.0,4.0,3.0,7.0,1.0
2987195,0,6535655,195.05,C,15171.0,478.0,185.0,discover,205.0,debit,434.0,87.0,129.87184,,gmail.com,hotmail.com,27.0,1.0,7.0,28.0,6.0,7.0,5.0,28.0,10.0,9.0,5.0,37.0,8.0,1.0,349.0,235.0,,375.0,490.0,485.0,464.0,408.0,360.0,535.0,509.0,543.0,423.0,425.0,64.0,F,F,F,T,T,F,T,F,F,3.0,4.0,6.0,1.0,1.0,1.0,,1.0,2.0,6.0,7.0,1.0,5.0,1.0,5.0,7.0,2.0,6.0,1.0,6.0,3.0,6.0,5.0,0.0,0.0,0.0,2.0,7.0,5.0,5.0,4.0,1.0,5.0,3.0,0.0,0.0,2.0,5.0,2.0,6.0
2987196,0,6558321,265.05,H,8312.0,346.0,150.0,american express,168.0,credit,227.0,87.0,0.14767258,9.941322,aol.com,gmail.com,33.0,34.0,16.0,19.0,29.0,34.0,36.0,13.0,31.0,10.0,19.0,22.0,10.0,17.0,339.0,6.0,497.0,450.0,146.0,380.0,461.0,414.0,426.0,506.0,85.0,217.0,406.0,121.0,123.0,T,F,F,F,T,F,T,T,T,7.0,1.0,3.0,0.0,4.0,0.0,5.0,2.0,0.0,2.0,7.0,7.0,0.0,2.0,5.0,5.0,4.0,0.0,2.0,5.0,5.0,1.0,6.0,6.0,6.0,6.0,7.0,4.0,7.0,1.0,4.0,0.0,7.0,1.0,5.0,2.0,5.0,7.0,0.0,6.0
2987197,0,6608686,97.74,S,5093.0,524.0,185.0,mastercard,104.0,credit,382.0,87.0,2.9456546,45.34267,anonymous.com,gmail.com,15.0,9.0,18.0,1.0,33.0,7.0,39.0,31.0,24.0,28.0,1.0,22.0,28.0,30.0,257.0,322.0,,189.0,143.0,366.0,23.0,217.0,85.0,328.0,226.0,287.0,100.0,547.0,477.0,F,F,F,F,T,T,F,F,T,2.0,2.0,6.0,6.0,4.0,3.0,7.0,1.0,5.0,1.0,0.0,4.0,4.0,7.0,6.0,3.0,6.0,4.0,5.0,0.0,2.0,2.0,2.0,4.0,3.0,1.0,2.0,0.0,6.0,7.0,3.0,6.0,0.0,3.0,6.0,1.0,3.0,4.0,5.0,2.0
2987198,0,6612188,244.64,W,17709.0,,150.0,mastercard,114.0,debit,126.0,87.0,57.807697,40.073097,gmail.com,hotmail.com,25.0,13.0,11.0,7.0,38.0,6.0,15.0,2.0,17.0,32.0,19.0,19.0,18.0,12.0,351.0,108.0,,,586.0,475.0,12.0,573.0,560.0,540.0,460.0,36.0,270.0,170.0,74.0,F,F,T,F,F,T,F,F,F,6.0,3.0,4.0,3.0,1.0,1.0,,2.0,4.0,1.0,2.0,7.0,5.0,0.0,0.0,3.0,4.0,6.0,3.0,6.0,0.0,6.0,1.0,6.0,2.0,6.0,2.0,3.0,3.0,2.0,6.0,0.0,4.0,2.0,2.0,5.0,7.0,0.0,4.0,7.0
2987199,0,6615466,6.9,W,5806.0,,185.0,american express,120.0,credit,397.0,87.0,34.592087,,hotmail.com,gmail.com,39.0,33.0,37.0,22.0,3.0,17.0,8.0,15.0,25.0,6.0,8.0,14.0,26.0,12.0,339.0,8.0,21.0,,7.0,177.0,549.0,27.0,115.0,185.0,36.0,102.0,175.0,582.0,6.0,F,F,T,T,F,F,T,T,F,0.0,7.0,3.0,3.0,0.0,3.0,,7.0,3.0,3.0,6.0,1.0,7.0,6.0,3.0,2.0,6.0,7.0,6.0,5.0,2.0,5.0,1.0,3.0,4.0,4.0,5.0,7.0,1.0,4.0,7.0,2.0,6.0,6.0,2.0,1.0,6.0,6.0,1.0,7.0
2987200,0,6620364,38.49,S,6954.0,503.0,150.0,american express,164.0,debit,355.0,87.0,14.652393,22.133585,hotmail.com,yahoo.com,12.0,28.0,8.0,6.0,4.0,27.0,16.0,26.0,11.0,24.0,36.0,3.0,3.0,6.0,48.0,78.0,176.0,363.0,211.0,497.0,93.0,538.0,315.0,432.0,433.0,462.0,458.0,226.0,154.0,T,F,F,F,T,F,T,F,T,5.0,6.0,7.0,4.0,5.0,1.0,,7.0,7.0,6.0,6.0,7.0,2.0,5.0,5.0,3.0,0.0,2.0,4.0,1.0,2.0,2.0,1.0,7.0,4.0,0.0,0.0,0.0,7.0,5.0,1.0,6.0,4.0,1.0,3.0,3.0,7.0,7.0,0.0,7.0
2987201,1,6637474,21.04,R,17782.0,211.0,185.0,mastercard,185.0,credit,245.0,87.0,20.538671,,yahoo.com,gmail.com,9.0,24.0,22.0,15.0,38.0,7.0,5.0,0.0,24.0,16.0,10.0,1.0,21.0,11.0,401.0,170.0,470.0,261.0,377.0,434.0,344.0,4.0,409.0,418.0,174.0,196.0,202.0,436.0,291.0,T,T,F,F,F,F,T,F,F,5.0,5.0,7.0,4.0,3.0,0.0,2.0,4.0,6.0,3.0,1.0,6.0,4.0,5.0,1.0,5.0,0.0,1.0,0.0,5.0,2.0,2.0,4.0,2.0,4.0,6.0,4.0,3.0,2.0,6.0,1.0,4.0,2.0,6.0,4.0,5.0,3.0,0.0,4.0,6.0
2987202,0,6641158,62.25,R,10772.0,,185.0,visa,212.0,credit,412.0,87.0,23.879646,58.009583,gmail.com,gmail.com,39.0,1.0,17.0,4.0,33.0,30.0,21.0,28.0,18.0,13.0,8.0,28.0,18.0,11.0,68.0,308.0,48.0,19.0,248.0,109.0,451.0,229.0,513.0,348.0,13.0,61.0,249.0,301.0,77.0,F,T,F,T,F,T,T,F,T,5.0,0.0,3.0,4.0,2.0,3.0,,2.0,0.0,7.0,7.0,7.0,3.0,2.0,3.0,7.0,3.0,5.0,5.0,4.0,3.0,3.0,4.0,4.0,0.0,1.0,4.0,6.0,6.0,0.0,6.0,6.0,6.0,0.0,4.0,4.0,5.0,3.0,1.0,4.0
2987203,0,6655464,29.12,R,5603.0,,185.0,discover,132.0,debit,384.0,87.0,74.9657,,anonymous.com,gmail.com,11.0,22.0,15.0,31.0,23.0,6.0,25.0,32.0,12.0,28.0,0.0,36.0,36.0,10.0,260.0,593.0,,566.0,506.0,87.0,302.0,495.0,560.0,500.0,145.0,175.0,272.0,45.0,92.0,F,F,F,F,T,F,F,F,T,3.0,5.0,2.0,7.0,2.0,3.0,5.0,2.0,7.0,2.0,2.0,0.0,2.0,7.0,3.0,3.0,1.0,0.0,4.0,7.0,1.0,3.0,6.0,0.0,6.0,7.0,1.0,7.0,6.0,2.0,6.0,6.0,6.0,3.0,0.0,4.0,1.0,7.0,1.0,7.0
2987204,0,6695004,45.48,R,1093.0,,150.0,american express,210.0,debit,293.0,87.0,59.032906,40.501392,yahoo.com,gmail.com,18.0,22.0,33.0,25.0,12.0,31.0,39.0,23.0,39.0,9.0,5.0,2.0,16.0,13.0,218.0,130.0,,421.0,150.0,527.0,3.0,410.0,359.0,525.0,445.0,211.0,456.0,58.0,203.0,F,T,F,T,F,F,T,T,F,5.0,3.0,5.0,5.0,0.0,3.0,7.0,7.0,0.0,1.0,2.0,0.0,5.0,2.0,6.0,1.0,0.0,6.0,2.0,2.0,3.0,0.0,7.0,6.0,2.0,0.0,6.0,2.0,3.0,2.0,0.0,5.0,2.0,2.0,3.0,2.0,6.0,7.0,2.0,5.0
2987205,0,6696790,432.85,H,8481.0,,150.0,american express,193.0,credit,182.0,87.0,20.446617,7.1692595,hotmail.com,yahoo.com,17.0,12.0,39.0,31.0,20.0,3.0,12.0,8.0,2.0,30.0,8.0,13.0,4.0,11.0,268.0,34.0,,,331.0,536.0,6.0,192.0,345.0,471.0,522.0,430.0,421.0,243.0,359.0,F,F,T,T,T,F,T,F,F,3.0,5.0,1.0,0.0,6.0,2.0,2.0,1.0,3.0,3.0,2.0,4.0,4.0,4.0,7.0,7.0,1.0,5.0,6.0,2.0,3.0,1.0,6.0,4.0,1.0,4.0,0.0,7.0,1.0,4.0,3.0,7.0,4.0,3.0,4.0,3.0,6.0,7.0,3.0,6.0
2987206,0,6761086,45.3,R,18156.0,,185.0,mastercard,107.0,debit,110.0,87.0,18.042887,,yahoo.com,yahoo.com,20.0,29.0,0.0,2.0,21.0,18.0,7.0,29.0,30.0,16.0,9.0,24.0,27.0,27.0,43.0,114.0,,31.0,75.0,596.0,401.0,531.0,250.0,353.0,48.0,54.0,491.0,115.0,326.0,T,T,F,T,F,F,T,F,T,4.0,3.0,3.0,1.0,6.0,3.0,4.0,6.0,7.0,0.0,5.0,0.0,6.0,0.0,0.0,2.0,2.0,5.0,2.0,0.0,1.0,1.0,2.0,1.0,4.0,2.0,7.0,5.0,3.0,6.0,4.0,0.0,6.0,6.0,4.0,6.0,6.0,7.0,6.0,3.0
2987207,0,6767655,86.07,W,8525.0,231.0,150.0,visa,149.0,debit,512.0,87.0,14.970257,,anonymous.com,gmail.com,10.0,37.0,18.0,15.0,33.0,25.0,5.0,13.0,8.0,3.0,29.0,28.0,5.0,13.0,420.0,191.0,146.0,,126.0,60.0,538.0,82.0,340.0,586.0,278.0,15.0,256.0,365.0,478.0,T,T,T,T,F,T,T,T,F,7.0,5.0,6.0,3.0,4.0,0.0,5.0,7.0,7.0,5.0,1.0,0.0,0.0,7.0,1.0,0.0,7.0,2.0,0.0,6.0,3.0,1.0,3.0,6.0,4.0,4.0,6.0,3.0,1.0,3.0,0.0,1.0,1.0,7.0,5.0,3.0,0.0,0.0,3.0,1.0
2987208,0,6803160,42.29,H,13171.0,,150.0,discover,142.0,credit,223.0,87.0,26.26612,253.75288,gmail.com,yahoo.com,27.0,10.0,4.0,10.0,21.0,10.0,15.0,29.0,8.0,31.0,35.0,29.0,36.0,30.0,251.0,123.0,119.0,327.0,104.0,537.0,206.0,402.0,404.0,333.0,120.0,434.0,491.0,82.0,588.0,F,T,T,T,F,T,T,T,T,5.0,1.0,7.0,3.0,2.0,3.0,1.0,6.0,0.0,0.0,4.0,6.0,1.0,5.0,6.0,4.0,6.0,0.0,0.0,7.0,5.0,2.0,7.0,7.0,0.0,6.0,1.0,6.0,2.0,3.0,5.0,2.0,0.0,5.0,5.0,5.0,3.0,1.0,6.0,4.0
2987209,0,6861632,59.34,H,5402.0,391.0,185.0,american express,224.0,debit,232.0,87.0,47.330296,,yahoo.com,gmail.com,27.0,13.0,17.0,24.0,1.0,24.0,24.0,25.0,6.0,34.0,34.0,27.0,15.0,24.0,36.0,192.0,236.0,,444.0,518.0,326.0,311.0,388.0,382.0,410.0,85.0,522.0,354.0,19.0,T,T,T,F,T,T,T,T,F,5.0,1.0,3.0,2.0,1.0,6.0,6.0,5.0,0.0,5.0,0.0,5.0,4.0,1.0,1.0,6.0,2.0,4.0,7.0,5.0,3.0,0.0,5.0,0.0,7.0,6.0,3.0,6.0,3.0,0.0,7.0,7.0,5.0,4.0,3.0,6.0,2.0,3.0,4.0,3.0
2987210,0,6868901,54.96,W,14495.0,475.0,185.0,american express,228.0,credit,399.0,87.0,41.117397,27.338306,hotmail.com,yahoo.com,8.0,12.0,24.0,32.0,27.0,27.0,2.0,3.0,4.0,22.0,38.0,3.0,31.0,25.0,2.0,581.0,314.0,,121.0,460.0,560.0,124.0,355.0,113.0,468.0,251.0,314.0,122.0,412.0,F,T,F,F,F,F,T,T,F,7.0,1.0,3.0,1.0,2.0,1.0,1.0,7.0,1.0,3.0,1.0,6.0,4.0,5.0,3.0,2.0,7.0,2.0,3.0,2.0,0.0,5.0,3.0,6.0,4.0,2.0,1.0,2.0,4.0,4.0,1.0,4.0,6.0,4.0,4.0,1.0,7.0,4.0,3.0,2.0
2987211,0,6894775,89.4,C,14498.0,596.0,185.0,visa,214.0,credit,212.0,87.0,66.7934,68.82916,hotmail.com,hotmail.com,19.0,33.0,16.0,9.0,31.0,26.0,30.0,3.0,4.0,28.0,35.0,10.0,26.0,23.0,324.0,227.0,71.0,430.0,401.0,298.0,495.0,552.0,264.0,192.0,577.0,409.0,407.0,108.0,98.0,T,T,F,F,T,F,F,F,F,1.0,7.0,6.0,0.0,7.0,1.0,6.0,1.0,2.0,2.0,6.0,7.0,7.0,1.0,7.0,2.0,6.0,3.0,3.0,7.0,5.0,5.0,6.0,5.0,7.0,0.0,4.0,0.0,1.0,3.0,6.0,2.0,1.0,7.0,2.0,0.0,4.0,3.0,4.0,5.0
2987212,0,6907458,196.73,H,11584.0,104.0,185.0,mastercard,173.0,debit,265.0,87.0,27.757677,42.80833,anonymous.com,hotmail.com,2.0,3.0,12.0,30.0,11.0,15.0,18.0,0.0,33.0,5.0,18.0,18.0,18.0,36.0,399.0,380.0,340.0,,207.0,305.0,324.0,459.0,117.0,542.0,212.0,308.0,545.0,220.0,216.0,T,T,F,T,T,T,F,T,T,4.0,0.0,1.0,1.0,0.0,6.0,1.0,7.0,2.0,4.0,3.0,1.0,5.0,3.0,7.0,2.0,2.0,1.0,2.0,2.0,4.0,1.0,1.0,2.0,5.0,2.0,2.0,6.0,6.0,5.0,0.0,1.0,4.0,7.0,2.0,3.0,4.0,2.0,1.0,4.0
2987213,0,6952966,334.33,H,14430.0,595.0,150.0,mastercard,168.0,debit,412.0,87.0,32.054035,2.6650224,gmail.com,hotmail.com,8.0,35.0,12.0,23.0,4.0,30.0,31.0,2.0,37.0,13.0,15.0,2.0,23.0,10.0,328.0,410.0,143.0,143.0,339.0,257.0,393.0,5.0,32.0,298.0,179.0,74.0,503.0,349.0,205.0,T,T,T,T,F,T,F,T,T,5.0,2.0,0.0,7.0,6.0,4.0,,0.0,3.0,5.0,6.0,6.0,0.0,4.0,7.0,6.0,3.0,2.0,5.0,5.0,3.0,7.0,5.0,5.0,0.0,6.0,3.0,0.0,0.0,6.0,1.0,6.0,5.0,6.0,2.0,3.0,3.0,2.0,7.0,2.0
2987214,0,6979905,76.75,W,11071.0,154.0,150.0,visa,143.0,credit,361.0,87.0,18.980686,,hotmail.com,gmail.com,39.0,31.0,11.0,32.0,5.0,29.0,18.0,11.0,23.0,13.0,25.0,13.0,7.0,39.0,432.0,78.0,337.0,162.0,524.0,17.0,576.0,52.0,252.0,306.0,185.0,433.0,165.0,239.0,420.0,F,F,F,T,T,T,F,T,T,5.0,2.0,0.0,3.0,2.0,2.0,3.0,0.0,2.0,7.0,5.0,0.0,3.0,7.0,1.0,7.0,7.0,6.0,4.0,4.0,0.0,4.0,7.0,6.0,1.0,4.0,7.0,6.0,7.0,4.0,4.0,6.0,7.0,1.0,3.0,1.0,0.0,4.0,2.0,1.0
2987215,0,7006676,104.43,W,7582.0,363.0,185.0,american express,208.0,debit,388.0,87.0,65.7225,146.23378,anonymous.com,gmail.com,20.0,19.0,13.0,3.0,33.0,13.0,6.0,1.0,0.0,30.0,12.0,15.0,2.0,8.0,454.0,148.0,,,518.0,300.0,478.0,33.0,237.0,489.0,456.0,28.0,429.0,209.0,153.0,F,T,T,F,T,T,F,T,F,1.0,6.0,0.0,7.0,2.0,6.0,1.0,1.0,4.0,2.0,7.0,2.0,6.0,2.0,1.0,6.0,3.0,7.0,7.0,6.0,0.0,2.0,4.0,3.0,7.0,6.0,4.0,2.0,2.0,0.0,7.0,0.0,6.0,2.0,0.0,6.0,4.0,7.0,7.0,4.0
2987216,0,7064253,15.4,R,13839.0,,150.0,visa,112.0,debit,102.0,87.0,137.8931,104.53605,yahoo.com,hotmail.com,24.0,23.0,14.0,39.0,17.0,29.0,0.0,37.0,34.0,14.0,24.0,39.0,30.0,5.0,523.0,249.0,572.0,34.0,6.0,142.0,249.0,249.0,364.0,195.0,267.0,139.0,267.0,204.0,536.0,F,F,T,T,F,T,F,F,F,6.0,2.0,7.0,2.0,6.0,2.0,0.0,4.0,6.0,6.0,1.0,2.0,6.0,0.0,1.0,1.0,2.0,2.0,7.0,7.0,0.0,1.0,4.0,5.0,4.0,3.0,6.0,5.0,3.0,6.0,7.0,2.0,1.0,2.0,1.0,4.0,4.0,6.0,5.0,2.0
2987217,0,7075628,49.57,R,15531.0,419.0,150.0,discover,137.0,debit,298.0,87.0,15.320403,,gmail.com,gmail.com,35.0,35.0,27.0,17.0,21.0,36.0,22.0,36.0,24.0,29.0,39.0,12.0,38.0,33.0,589.0,276.0,191.0,,470.0,120.0,415.0,250.0,540.0,159.0,13.0,65.0,89.0,203.0,229.0,T,T,T,F,F,F,T,T,F,1.0,7.0,0.0,2.0,7.0,4.0,0.0,1.0,4.0,6.0,7.0,1.0,6.0,3.0,6.0,6.0,7.0,1.0,7.0,2.0,6.0,3.0,0.0,0.0,0.0,4.0,5.0,4.0,7.0,3.0,7.0,4.0,4.0,1.0,0.0,5.0,3.0,1.0,2.0,1.0
2987218,0,7134339,153.59,S,15634.0,460.0,150.0,american express,118.0,credit,309.0,87.0,37.49944,124.947,aol.com,hotmail.com,28.0,30.0,3.0,11.0,38.0,32.0,21.0,6.0,20.0,12.0,7.0,38.0,34.0,35.0,530.0,7.0,522.0,130.0,573.0,33.0,197.0,434.0,420.0,5.0,568.0,307.0,223.0,242.0,489.0,T,F,F,T,T,F,F,T,T,3.0,7.0,2.0,3.0,7.0,4.0,2.0,5.0,2.0,7.0,7.0,5.0,3.0,7.0,1.0,2.0,5.0,0.0,2.0,0.0,2.0,7.0,4.0,7.0,0.0,0.0,3.0,0.0,5.0,3.0,7.0,1.0,5.0,7.0,3.0,5.0,5.0,1.0,3.0,1.0
2987219,0,7134941,141.54,R,4707.0,529.0,185.0,discover,169.0,debit,378.0,87.0,6.923742,202.9235,anonymous.com,yahoo.com,31.0,11.0,1.0,7.0,2.0,29.0,32.0,12.0,37.0,24.0,30.0,28.0,12.0,3.0,477.0,386.0,105.0,67.0,400.0,274.0,552.0,405.0,482.0,138.0,62.0,414.0,586.0,500.0,571.0,F,F,T,T,T,T,T,F,F,5.0,5.0,4.0,7.0,2.0,1.0,3.0,0.0,4.0,7.0,3.0,0.0,0.0,6.0,3.0,6.0,3.0,1.0,4.0,1.0,3.0,0.0,2.0,7.0,4.0,0.0,0.0,0.0,0.0,6.0,6.0,5.0,2.0,1.0,3.0,3.0,3.0,2.0,0.0,5.0
2987220,0,7146361,68.91,S,12772.0,,185.0,american express,141.0,credit,166.0,87.0,27.194086,194.97237,anonymous.com,gmail.com,28.0,2.0,20.0,39.0,8.0,30.0,35.0,29.0,16.0,8.0,37.0,27.0,14.0,23.0,258.0,180.0,50.0,75.0,112.0,28.0,56.0,9.0,346.0,307.0,556.0,389.0,574.0,346.0,306.0,F,F,T,T,T,T,F,F,F,2.0,2.0,4.0,4.0,4.0,6.0,0.0,5.0,4.0,6.0,1.0,6.0,1.0,0.0,6.0,7.0,6.0,0.0,2.0,5.0,5.0,0.0,7.0,1.0,4.0,5.0,0.0,5.0,4.0,4.0,2.0,6.0,1.0,6.0,1.0,4.0,5.0,5.0,4.0,3.0
2987221,0,7151171,144.75,C,1074.0,,150.0,mastercard,127.0,debit,170.0,87.0,43.005154,16.167656,anonymous.com,hotmail.com,19.0,26.0,27.0,35.0,33.0,32.0,6.0,26.0,14.0,22.0,21.0,32.0,14.0,20.0,302.0,193.0,113.0,,398.0,509.0,135.0,285.0,556.0,434.0,97.0,83.0,471.0,253.0,60.0,T,F,T,T,F,T,F,T,T,1.0,4.0,6.0,0.0,2.0,4.0,1.0,1.0,7.0,2.0,1.0,6.0,6.0,0.0,3.0,5.0,5.0,5.0,5.0,2.0,5.0,3.0,2.0,3.0,1.0,1.0,4.0,4.0,4.0,6.0,1.0,6.0,3.0,6.0,1.0,1.0,2.0,0.0,0.0,2.0
2987222,0,7155904,93.68,R,10952.0,261.0,150.0,american express,152.0,credit,435.0,87.0,10.692205,289.454,anonymous.com,yahoo.com,25.0,5.0,10.0,5.0,21.0,11.0,12.0,23.0,31.0,3.0,14.0,33.0,28.0,8.0,369.0,361.0,251.0,229.0,381.0,533.0,207.0,470.0,563.0,197.0,322.0,206.0,594.0,449.0,420.0,T,T,F,T,T,T,T,T,T,5.0,5.0,7.0,2.0,1.0,1.0,,4.0,7.0,5.0,4.0,5.0,2.0,6.0,7.0,7.0,2.0,5.0,5.0,1.0,0.0,7.0,2.0,1.0,1.0,2.0,4.0,0.0,7.0,7.0,6.0,6.0,5.0,4.0,4.0,5.0,6.0,5.0,5.0,0.0
2987223,0,7157968,204.45,W,10938.0,,150.0,mastercard,220.0,credit,396.0,87.0,19.204594,20.517296,anonymous.com,hotmail.com,11.0,3.0,8.0,17.0,1.0,28.0,8.0,39.0,21.0,29.0,10.0,8.0,24.0,20.0,101.0,569.0,,210.0,397.0,480.0,121.0,538.0,91.0,266.0,187.0,87.0,343.0,316.0,253.0,F,F,F,F,F,T,T,F,T,2.0,0.0,3.0,7.0,3.0,6.0,,0.0,2.0,6.0,0.0,0.0,6.0,5.0,3.0,1.0,3.0,6.0,2.0,6.0,7.0,2.0,3.0,3.0,4.0,2.0,4.0,7.0,4.0,3.0,1.0,6.0,4.0,2.0,1.0,7.0,7.0,4.0,1.0,0.0
2987224,0,7160143,75.06,R,7324.0,,185.0,visa,178.0,debit,456.0,87.0,100.00113,153.62822,hotmail.com,yahoo.com,35.0,39.0,24.0,29.0,28.0,7.0,4.0,25.0,28.0,1.0,6.0,16.0,31.0,27.0,406.0,518.0,,413.0,257.0,180.0,357.0,175.0,383.0,132.0,412.0,205.0,454.0,569.0,203.0,T,T,T,T,T,T,T,F,T,6.0,6.0,1.0,1.0,0.0,4.0,6.0,7.0,7.0,2.0,0.0,4.0,0.0,4.0,3.0,5.0,0.0,2.0,6.0,5.0,2.0,5.0,5.0,2.0,3.0,5.0,6.0,1.0,7.0,7.0,4.0,2.0,4.0,2.0,6.0,6.0,3.0,5.0,1.0,5.0
2987225,0,7214104,36.92,W,18296.0,364.0,150.0,mastercard,215.0,credit,219.0,87.0,0.11686734,,gmail.com,gmail.com,7.0,18.0,15.0,23.0,5.0,14.0,0.0,26.0,27.0,39.0,12.0,21.0,37.0,22.0,352.0,587.0,,313.0,315.0,97.0,427.0,26.0,303.0,489.0,241.0,138.0,99.0,337.0,274.0,F,F,T,F,T,T,T,F,F,7.0,3.0,0.0,6.0,1.0,6.0,,3.0,6.0,6.0,4.0,5.0,3.0,0.0,7.0,0.0,0.0,6.0,2.0,1.0,6.0,4.0,7.0,6.0,0.0,7.0,0.0,6.0,4.0,1.0,6.0,2.0,5.0,5.0,1.0,3.0,0.0,6.0,1.0,7.0
2987226,0,7243005,79.0,R,16363.0,434.0,185.0,mastercard,227.0,debit,538.0,87.0,67.423454,26.639725,hotmail.com,hotmail.com,35.0,26.0,29.0,7.0,31.0,37.0,3.0,20.0,33.0,33.0,29.0,39.0,15.0,20.0,312.0,248.0,418.0,,391.0,302.0,534.0,91.0,583.0,314.0,220.0,444.0,179.0,129.0,179.0,T,T,T,F,T,T,T,F,F,2.0,6.0,7.0,7.0,4.0,6.0,0.0,4.0,1.0,5.0,4.0,2.0,7.0,2.0,4.0,5.0,7.0,1.0,7.0,5.0,6.0,1.0,2.0,5.0,0.0,6.0,5.0,0.0,1.0,6.0,0.0,2.0,7.0,5.0,3.0,0.0,5.0,4.0,0.0,2.0
2987227,0,7331375,2.17,C,1672.0,,150.0,discover,226.0,debit,220.0,87.0,107.64757,157.43028,yahoo.com,gmail.com,35.0,8.0,5.0,14.0,31.0,11.0,20.0,21.0,12.0,23.0,20.0,1.0,26.0,35.0,500.0,71.0,206.0,,278.0,404.0,300.0,204.0,350.0,86.0,286.0,450.0,103.0,337.0,168.0,F,T,F,F,F,F,T,F,T,5.0,4.0,2.0,1.0,5.0,2.0,,3.0,4.0,3.0,6.0,2.0,1.0,6.0,1.0,2.0,0.0,1.0,6.0,5.0,4.0,7.0,1.0,6.0,1.0,5.0,5.0,1.0,4.0,6.0,7.0,6.0,5.0,4.0,6.0,7.0,7.0,4.0,7.0,6.0
2987228,0,7397982,83.19,W,4633.0,,150.0,mastercard,149.0,credit,386.0,87.0,33.693417,37.883495,anonymous.com,yahoo.com,5.0,4.0,4.0,14.0,32.0,33.0,6.0,11.0,2.0,36.0,8.0,19.0,20.0,9.0,412.0,129.0,,438.0,464.0,12.0,372.0,265.0,9.0,365.0,582.0,491.0,562.0,464.0,593.0,F,F,T,F,T,T,F,F,F,1.0,6.0,7.0,4.0,2.0,7.0,5.0,4.0,1.0,6.0,7.0,3.0,0.0,1.0,5.0,7.0,6.0,7.0,0.0,7.0,1.0,1.0,6.0,6.0,4.0,6.0,5.0,4.0,7.0,0.0,2.0,5.0,1.0,4.0,0.0,4.0,5.0,3.0,7.0,4.0
2987229,0,7425550,0.99,W,4619.0,251.0,150.0,mastercard,222.0,credit,171.0,87.0,32.273697,36.395702,hotmail.com,yahoo.com,28.0,2.0,22.0,11.0,18.0,16.0,7.0,20.0,19.0,32.0,21.0,8.0,38.0,24.0,559.0,206.0,,,425.0,514.0,359.0,210.0,125.0,201.0,147.0,120.0,368.0,127.0,167.0,F,F,T,T,F,T,T,T,T,7.0,0.0,2.0,4.0,4.0,0.0,6.0,3.0,3.0,0.0,2.0,7.0,2.0,1.0,6.0,3.0,1.0,7.0,3.0,7.0,4.0,4.0,4.0,5.0,2.0,4.0,1.0,4.0,0.0,1.0,1.0,2.0,3.0,6.0,3.0,6.0,2.0,5.0,7.0,2.0
2987230,0,7433464,8.2,R,16617.0,569.0,185.0,mastercard,227.0,credit,504.0,87.0,16.481628,,aol.com,hotmail.com,39.0,14.0,15.0,38.0,10.0,8.0,4.0,36.0,25.0,5.0,32.0,8.0,14.0,12.0,585.0,180.0,,29.0,181.0,263.0,2.0,54.0,77.0,519.0,131.0,8.0,559.0,121.0,275.0,F,F,T,T,T,T,F,T,F,1.0,0.0,6.0,6.0,6.0,2.0,3.0,0.0,0.0,5.0,2.0,0.0,0.0,3.0,6.0,6.0,4.0,4.0,3.0,7.0,1.0,5.0,3.0,1.0,0.0,1.0,3.0,4.0,3.0,0.0,2.0,5.0,1.0,6.0,3.0,2.0,4.0,3.0,5.0,4.0
2987231,0,7466439,89.74,S,10029.0,319.0,150.0,mastercard,234.0,debit,246.0,87.0,64.236885,,hotmail.com,hotmail.com,22.0,0.0,29.0,8.0,35.0,3.0,28.0,15.0,32.0,29.0,0.0,30.0,7.0,38.0,495.0,124.0,143.0,,366.0,491.0,425.0,204.0,120.0,160.0,39.0,21.0,249.0,359.0,428.0,T,F,T,F,F,T,T,F,F,7.0,0.0,5.0,6.0,7.0,4.0,0.0,6.0,2.0,6.0,1.0,4.0,4.0,5.0,0.0,2.0,5.0,4.0,6.0,7.0,6.0,5.0,7.0,6.0,7.0,3.0,0.0,1.0,0.0,2.0,3.0,1.0,6.0,6.0,4.0,6.0,2.0,0.0,1.0,1.0
2987232,1,7481360,92.32,W,13682.0,220.0,150.0,discover,149.0,debit,453.0,87.0,32.66701,107.43631,hotmail.com,yahoo.com,13.0,16.0,20.0,28.0,22.0,21.0,25.0,5.0,10.0,15.0,0.0,8.0,15.0,10.0,178.0,90.0,547.0,,453.0,46.0,13.0,173.0,57.0,518.0,443.0,506.0,242.0,530.0,132.0,T,F,T,T,T,F,F,F,F,6.0,6.0,5.0,0.0,4.0,4.0,7.0,5.0,4.0,0.0,1.0,2.0,1.0,6.0,0.0,0.0,7.0,5.0,5.0,6.0,6.0,6.0,3.0,6.0,5.0,7.0,1.0,2.0,6.0,7.0,3.0,2.0,7.0,2.0,7.0,6.0,6.0,0.0,6.0,2.0
2987233,0,7575418,15.2,R,15092.0,,150.0,mastercard,131.0,debit,245.0,87.0,26.532557,208.16832,aol.com,hotmail.com,35.0,12.0,14.0,36.0,25.0,18.0,38.0,23.0,29.0,34.0,38.0,31.0,24.0,34.0,113.0,112.0,244.0,276.0,293.0,255.0,328.0,292.0,469.0,418.0,406.0,543.0,405.0,200.0,370.0,F,F,T,F,T,T,F,T,F,2.0,7.0,5.0,2.0,1.0,1.0,4.0,2.0,2.0,3.0,3.0,4.0,1.0,4.0,5.0,5.0,2.0,6.0,0.0,5.0,6.0,5.0,4.0,0.0,4.0,6.0,6.0,2.0,4.0,0.0,1.0,0.0,6.0,0.0,4.0,0.0,5.0,5.0,6.0,5.0
2987234,0,7595051,24.95,C,14356.0,324.0,150.0,american express,181.0,debit,447.0,87.0,20.74713,105.04034,hotmail.com,gmail.com,20.0,21.0,6.0,31.0,5.0,20.0,4.0,31.0,33.0,34.0,29.0,39.0,38.0,25.0,179.0,394.0,,,429.0,274.0,599.0,47.0,296.0,81.0,365.0,127.0,340.0,304.0,537.0,T,F,T,F,T,T,T,F,F,6.0,7.0,2.0,7.0,5.0,1.0,,0.0,0.0,4.0,7.0,0.0,4.0,3.0,5.0,1.0,7.0,1.0,6.0,4.0,6.0,5.0,7.0,0.0,1.0,2.0,4.0,3.0,5.0,0.0,1.0,7.0,1.0,3.0,3.0,4.0,5.0,5.0,1.0,6.0
2987235,0,7629838,246.56,S,2549.0,592.0,150.0,mastercard,230.0,debit,299.0,87.0,34.349358,59.745148,yahoo.com,gmail.com,4.0,23.0,6.0,31.0,24.0,1.0,8.0,38.0,32.0,38.0,23.0,31.0,33.0,8.0,427.0,294.0,,64.0,75.0,28.0,472.0,474.0,403.0,455.0,14.0,525.0,223.0,393.0,487.0,F,T,F,F,T,F,T,T,F,5.0,2.0,0.0,2.0,1.0,6.0,,7.0,3.0,1.0,7.0,7.0,2.0,3.0,5.0,5.0,3.0,0.0,1.0,6.0,1.0,1.0,1.0,6.0,5.0,2.0,6.0,7.0,7.0,3.0,3.0,1.0,5.0,2.0,3.0,3.0,3.0,3.0,6.0,1.0
2987236,0,7674722,32.06,R,3441.0,559.0,185.0,american express,226.0,credit,127.0,87.0,0.05931765,,yahoo.com,hotmail.com,9.0,12.0,30.0,6.0,23.0,10.0,18.0,21.0,32.0,18.0,36.0,6.0,0.0,30.0,518.0,22.0,521.0,173.0,231.0,424.0,303.0,250.0,599.0,432.0,474.0,317.0,190.0,398.0,17.0,F,F,T,T,T,T,F,F,T,5.0,2.0,0.0,1.0,1.0,7.0,,2.0,4.0,7.0,7.0,3.0,5.0,0.0,3.0,3.0,6.0,1.0,2.0,7.0,0.0,2.0,7.0,3.0,7.0,7.0,5.0,3.0,6.0,2.0,1.0,6.0,0.0,2.0,4.0,5.0,1.0,5.0,7.0,7.0
2987237,0,7753151,643.69,S,7877.0,553.0,150.0,mastercard,179.0,debit,183.0,87.0,11.974064,132.95987,aol.com,yahoo.com,27.0,18.0,9.0,5.0,11.0,0.0,25.0,31.0,39.0,7.0,23.0,5.0,20.0,9.0,528.0,338.0,265.0,,421.0,558.0,191.0,190.0,388.0,273.0,485.0,110.0,307.0,87.0,243.0,T,F,F,T,F,T,F,T,F,3.0,2.0,3.0,5.0,2.0,5.0,3.0,7.0,6.0,5.0,3.0,7.0,7.0,2.0,6.0,7.0,0.0,2.0,1.0,0.0,5.0,2.0,7.0,2.0,5.0,0.0,1.0,7.0,3.0,5.0,5.0,0.0,2.0,4.0,2.0,2.0,4.0,3.0,3.0,4.0
2987238,0,7783687,54.48,C,6887.0,,150.0,visa,120.0,credit,400.0,87.0,23.691584,,anonymous.com,yahoo.com,18.0,3.0,20.0,31.0,30.0,12.0,5.0,10.0,26.0,5.0,20.0,17.0,6.0,10.0,410.0,505.0,,,537.0,324.0,502.0,543.0,287.0,96.0,567.0,187.0,45.0,237.0,0.0,T,F,T,F,F,T,T,F,F,1.0,6.0,7.0,1.0,2.0,4.0,3.0,6.0,1.0,2.0,5.0,1.0,7.0,1.0,4.0,2.0,2.0,1.0,1.0,1.0,4.0,2.0,3.0,3.0,2.0,7.0,6.0,2.0,7.0,4.0,7.0,0.0,2.0,7.0,5.0,0.0,2.0,2.0,4.0,1.0
2987239,0,7786796,85.53,W,13999.0,,150.0,visa,159.0,debit,184.0,87.0,26.135418,99.026665,gmail.com,gmail.com,8.0,12.0,32.0,29.0,5.0,37.0,8.0,16.0,14.0,6.0,8.0,22.0,14.0,13.0,408.0,255.0,,,387.0,237.0,515.0,446.0,160.0,286.0,557.0,159.0,112.0,596.0,364.0,F,F,T,T,T,T,T,T,F,5.0,2.0,5.0,1.0,1.0,6.0,,7.0,3.0,3.0,5.0,4.0,5.0,0.0,7.0,3.0,4.0,4.0,4.0,3.0,6.0,0.0,2.0,6.0,3.0,5.0,5.0,1.0,3.0,6.0,0.0,5.0,3.0,6.0,3.0,2.0,7.0,4.0,6.0,6.0
2987240,0,7794624,323.29,R,3718.0,580.0,185.0,american express,199.0,debit,221.0,87.0,18.97005,95.41968,hotmail.com,gmail.com,31.0,39.0,35.0,29.0,28.0,6.0,16.0,16.0,17.0,39.0,32.0,31.0,37.0,27.0,571.0,191.0,,27.0,398.0,381.0,220.0,82.0,452.0,365.0,157.0,458.0,26.0,533.0,195.0,T,F,T,T,T,F,F,T,T,0.0,4.0,5.0,6.0,0.0,1.0,6.0,5.0,1.0,0.0,1.0,5.0,7.0,5.0,2.0,5.0,5.0,1.0,0.0,2.0,5.0,0.0,1.0,2.0,7.0,6.0,1.0,0.0,7.0,3.0,0.0,0.0,2.0,5.0,0.0,4.0,0.0,3.0,2.0,7.0
2987241,0,7799570,63.06,H,7464.0,,150.0,american express,178.0,debit,338.0,87.0,66.9388,,yahoo.com,hotmail.com,4.0,39.0,10.0,16.0,38.0,27.0,0.0,13.0,29.0,23.0,30.0,16.0,39.0,15.0,411.0,163.0,,,205.0,216.0,64.0,87.0,304.0,79.0,426.0,113.0,93.0,463.0,536.0,T,F,F,F,T,F,F,F,T,2.0,5.0,2.0,0.0,7.0,7.0,,1.0,1.0,0.0,3.0,6.0,5.0,2.0,6.0,6.0,6.0,4.0,0.0,4.0,6.0,3.0,0.0,2.0,0.0,2.0,0.0,1.0,7.0,3.0,5.0,1.0,3.0,5.0,4.0,2.0,6.0,7.0,7.0,2.0
2987242,0,7843252,18.13,S,5116.0,118.0,150.0,visa,148.0,debit,211.0,87.0,35.17809,18.15549,anonymous.com,hotmail.com,8.0,19.0,4.0,20.0,22.0,0.0,15.0,28.0,9.0,14.0,11.0,6.0,6.0,22.0,84.0,227.0,,522.0,420.0,215.0,349.0,1.0,454.0,204.0,241.0,109.0,119.0,14.0,105.0,T,T,F,T,F,T,T,T,F,1.0,2.0,3.0,7.0,5.0,0.0,,0.0,0.0,5.0,4.0,0.0,0.0,4.0,1.0,1.0,2.0,5.0,6.0,2.0,2.0,5.0,7.0,3.0,1.0,5.0,6.0,2.0,1.0,0.0,0.0,2.0,0.0,3.0,2.0,3.0,6.0,5.0,2.0,0.0
2987243,0,7856644,48.39,S,4285.0,260.0,150.0,discover,147.0,debit,156.0,87.0,28.53664,53.43191,gmail.com,hotmail.com,18.0,37.0,30.0,0.0,4.0,22.0,30.0,35.0,24.0,17.0,29.0,39.0,5.0,22.0,300.0,167.0,300.0,519.0,213.0,455.0,380.0,336.0,13.0,421.0,357.0,431.0,45.0,250.0,510.0,F,F,T,T,T,T,F,T,F,0.0,3.0,3.0,1.0,5.0,4.0,,1.0,6.0,7.0,2.0,5.0,7.0,1.0,5.0,5.0,4.0,0.0,2.0,6.0,0.0,7.0,3.0,0.0,0.0,2.0,5.0,3.0,6.0,7.0,5.0,4.0,6.0,4.0,2.0,3.0,4.0,5.0,7.0,2.0
2987244,0,7882745,52.5,S,4006.0,,150.0,discover,108.0,debit,374.0,87.0,101.57496,252.23741,anonymous.com,yahoo.com,1.0,20.0,27.0,11.0,22.0,36.0,21.0,13.0,22.0,6.0,29.0,36.0,27.0,7.0,215.0,554.0,,,31.0,354.0,560.0,212.0,97.0,331.0,199.0,181.0,33.0,30.0,205.0,F,F,F,F,T,T,F,T,F,0.0,5.0,1.0,0.0,0.0,2.0,6.0,3.0,7.0,2.0,3.0,1.0,4.0,4.0,5.0,3.0,4.0,2.0,5.0,7.0,0.0,7.0,5.0,0.0,5.0,0.0,0.0,5.0,5.0,1.0,3.0,0.0,3.0,3.0,2.0,5.0,7.0,5.0,1.0,6.0
2987245,0,7900279,12.17,H,4401.0,373.0,150.0,visa,140.0,credit,403.0,87.0,61.44202,,anonymous.com,yahoo.com,15.0,5.0,13.0,21.0,21.0,13.0,17.0,5.0,26.0,22.0,3.0,26.0,16.0,9.0,382.0,595.0,,,148.0,158.0,534.0,225.0,77.0,595.0,394.0,150.0,491.0,180.0,552.0,T,F,F,T,F,F,F,F,F,0.0,6.0,4.0,5.0,6.0,7.0,,4.0,5.0,1.0,3.0,3.0,0.0,1.0,2.0,7.0,7.0,4.0,7.0,2.0,3.0,3.0,1.0,3.0,3.0,3.0,3.0,3.0,6.0,4.0,3.0,1.0,6.0,6.0,1.0,3.0,5.0,5.0,5.0,0.0
2987246,0,7930162,41.21,C,10820.0,140.0,185.0,mastercard,193.0,credit,422.0,87.0,72.58977,353.57092,yahoo.com,gmail.com,36.0,34.0,23.0,5.0,22.0,7.0,19.0,33.0,16.0,17.0,6.0,27.0,17.0,12.0,381.0,205.0,448.0,,366.0,244.0,137.0,305.0,408.0,130.0,571.0,484.0,109.0,518.0,119.0,F,F,T,F,T,F,T,T,F,7.0,1.0,2.0,1.0,2.0,1.0,4.0,7.0,3.0,5.0,0.0,0.0,4.0,5.0,0.0,5.0,0.0,0.0,0.0,6.0,0.0,7.0,2.0,0.0,1.0,7.0,7.0,5.0,1.0,7.0,4.0,2.0,0.0,7.0,2.0,1.0,0.0,6.0,4.0,2.0
2987247,0,7976198,24.13,R,8134.0,380.0,150.0,discover,133.0,debit,515.0,87.0,56.801678,168.8898,gmail.com,gmail.com,37.0,16.0,7.0,5.0,10.0,22.0,37.0,33.0,29.0,31.0,23.0,37.0,34.0,8.0,176.0,554.0,,,577.0,500.0,151.0,323.0,310.0,466.0,391.0,558.0,333.0,232.0,161.0,F,F,F,F,T,T,T,T,F,6.0,4.0,3.0,2.0,5.0,5.0,5.0,1.0,7.0,4.0,6.0,0.0,1.0,5.0,7.0,6.0,0.0,5.0,6.0,0.0,4.0,3.0,6.0,6.0,7.0,1.0,6.0,0.0,4.0,4.0,7.0,5.0,6.0,3.0,7.0,5.0,3.0,3.0,2.0,2.0
2987248,0,7994401,150.93,W,8574.0,,150.0,american express,239.0,debit,154.0,87.0,37.564194,,anonymous.com,yahoo.com,34.0,24.0,28.0,1.0,25.0,11.0,20.0,37.0,2.0,0.0,24.0,18.0,36.0,36.0,179.0,512.0,470.0,,297.0,317.0,598.0,0.0,190.0,255.0,552.0,333.0,59.0,101.0,210.0,T,T,T,F,T,F,F,F,F,7.0,1.0,4.0,2.0,3.0,1.0,2.0,5.0,3.0,1.0,7.0,6.0,4.0,2.0,0.0,2.0,4.0,6.0,0.0,6.0,3.0,3.0,5.0,3.0,4.0,1.0,6.0,7.0,1.0,5.0,1.0,0.0,5.0,5.0,2.0,1.0,6.0,6.0,3.0,0.0
2987249,0,7997688,56.72,R,9341.0,,150.0,american express,111.0,debit,287.0,87.0,46.482597,77.10055,yahoo.com,yahoo.com,12.0,25.0,29.0,8.0,10.0,35.0,21.0,10.0,29.0,37.0,26.0,5.0,36.0,15.0,53.0,45.0,258.0,294.0,516.0,45.0,196.0,64.0,185.0,133.0,559.0,496.0,568.0,432.0,591.0,T,F,T,T,T,T,F,F,T,0.0,0.0,0.0,4.0,1.0,1.0,,0.0,4.0,5.0,6.0,5.0,5.0,1.0,3.0,2.0,0.0,2.0,6.0,5.0,2.0,1.0,1.0,4.0,1.0,7.0,3.0,1.0,7.0,1.0,1.0,2.0,1.0,0.0,5.0,2.0,6.0,0.0,1.0,4.0
2987250,0,8005892,40.0,C,13894.0,,150.0,visa,182.0,debit,202.0,87.0,13.806134,,aol.com,gmail.com,2.0,12.0,11.0,39.0,22.0,33.0,37.0,28.0,32.0,2.0,14.0,24.0,31.0,16.0,175.0,294.0,,,466.0,514.0,275.0,473.0,364.0,570.0,71.0,504.0,143.0,455.0,440.0,T,F,F,T,T,F,F,T,F,7.0,5.0,7.0,3.0,2.0,3.0,1.0,3.0,5.0,1.0,7.0,7.0,0.0,6.0,0.0,6.0,1.0,0.0,2.0,5.0,4.0,5.0,0.0,2.0,7.0,7.0,0.0,0.0,6.0,5.0,5.0,1.0,6.0,3.0,3.0,5.0,1.0,5.0,5.0,6.0
2987251,0,8024110,48.58,W,15995.0,,185.0,visa,169.0,debit,496.0,87.0,5.624247,9.558296,anonymous.com,yahoo.com,32.0,29.0,18.0,27.0,23.0,26.0,6.0,28.0,35.0,16.0,33.0,18.0,39.0,26.0,496.0,393.0,158.0,,336.0,444.0,183.0,572.0,579.0,373.0,578.0,353.0,449.0,393.0,489.0,T,F,T,F,F,T,T,F,T,4.0,3.0,1.0,1.0,1.0,6.0,0.0,0.0,5.0,0.0,3.0,5.0,3.0,1.0,3.0,0.0,4.0,4.0,1.0,3.0,5.0,2.0,6.0,6.0,5.0,6.0,2.0,3.0,4.0,1.0,0.0,2.0,5.0,6.0,0.0,2.0,1.0,4.0,7.0,1.0
2987252,0,8060670,69.79,C,10159.0,306.0,185.0,mastercard,216.0,debit,337.0,87.0,40.228176,86.66344,aol.com,yahoo.com,14.0,20.0,13.0,37.0,25.0,25.0,3.0,31.0,36.0,13.0,17.0,31.0,28.0,31.0,393.0,253.0,,562.0,482.0,160.0,236.0,502.0,597.0,321.0,490.0,497.0,384.0,485.0,331.0,T,F,T,T,F,T,F,F,F,6.0,2.0,5.0,1.0,6.0,2.0,2.0,2.0,3.0,3.0,0.0,4.0,0.0,1.0,6.0,4.0,2.0,6.0,1.0,0.0,0.0,3.0,0.0,3.0,1.0,7.0,5.0,5.0,1.0,5.0,3.0,2.0,5.0,5.0,6.0,0.0,7.0,0.0,4.0,7.0
2987253,0,8077194,107.61,R,12175.0,,185.0,visa,224.0,credit,143.0,87.0,3.1527002,112.698746,hotmail.com,hotmail.com,29.0,14.0,1.0,10.0,31.0,24.0,17.0,32.0,13.0,28.0,8.0,30.0,35.0,27.0,565.0,274.0,,367.0,240.0,579.0,338.0,543.0,282.0,176.0,256.0,5.0,461.0,421.0,476.0,T,F,T,F,T,F,F,T,F,6.0,0.0,6.0,1.0,3.0,5.0,,4.0,3.0,5.0,2.0,0.0,0.0,2.0,4.0,7.0,2.0,2.0,2.0,6.0,3.0,7.0,0.0,0.0,6.0,7.0,6.0,1.0,5.0,4.0,3.0,5.0,6.0,4.0,7.0,2.0,0.0,5.0,2.0,7.0
2987254,0,8077388,18.18,C,13850.0,,150.0,discover,176.0,debit,404.0,87.0,31.456388,192.4127,aol.com,hotmail.com,4.0,11.0,5.0,23.0,35.0,29.0,12.0,38.0,1.0,26.0,4.0,18.0,21.0,22.0,555.0,296.0,,258.0,265.0,571.0,175.0,278.0,402.0,528.0,360.0,21.0,377.0,380.0,376.0,F,F,F,F,F,F,F,T,F,2.0,7.0,1.0,0.0,6.0,4.0,,5.0,2.0,4.0,6.0,6.0,1.0,7.0,1.0,7.0,2.0,6.0,5.0,0.0,7.0,4.0,2.0,3.0,0.0,7.0,5.0,1.0,3.0,3.0,3.0,0.0,7.0,1.0,1.0,3.0,7.0,0.0,5.0,6.0
2987255,0,8079441,17.36,S,13012.0,474.0,185.0,visa,188.0,debit,118.0,87.0,1.7168332,211.14374,gmail.com,yahoo.com,26.0,29.0,38.0,35.0,31.0,18.0,8.0,19.0,26.0,7.0,35.0,14.0,2.0,39.0,514.0,413.0,131.0,74.0,442.0,597.0,247.0,495.0,50.0,18.0,370.0,530.0,305.0,533.0,400.0,F,T,F,F,T,T,F,F,F,5.0,6.0,1.0,5.0,6.0,7.0,1.0,6.0,5.0,5.0,1.0,1.0,6.0,3.0,3.0,5.0,5.0,6.0,5.0,3.0,2.0,2.0,7.0,1.0,7.0,7.0,0.0,6.0,6.0,5.0,4.0,7.0,1.0,6.0,1.0,5.0,4.0,5.0,3.0,5.0
2987256,0,8148973,184.04,R,3336.0,,150.0,visa,197.0,debit,220.0,87.0,32.270126,,yahoo.com,yahoo.com,23.0,9.0,18.0,14.0,31.0,38.0,4.0,3.0,3.0,19.0,28.0,16.0,32.0,35.0,107.0,176.0,118.0,,383.0,226.0,211.0,529.0,567.0,69.0,471.0,84.0,463.0,194.0,502.0,F,F,T,F,T,F,T,F,T,5.0,7.0,3.0,3.0,1.0,2.0,,4.0,5.0,1.0,4.0,0.0,3.0,2.0,0.0,3.0,2.0,2.0,5.0,1.0,6.0,5.0,5.0,4.0,3.0,5.0,4.0,6.0,0.0,5.0,0.0,1.0,2.0,7.0,7.0,5.0,6.0,4.0,7.0,3.0
2987257,0,8178807,34.69,S,18103.0,,185.0,visa,172.0,credit,417.0,87.0,4.9260054,,gmail.com,hotmail.com,36.0,4.0,5.0,26.0,34.0,13.0,35.0,7.0,11.0,21.0,18.0,25.0,37.0,8.0,200.0,358.0,520.0,97.0,316.0,554.0,64.0,535.0,10.0,107.0,481.0,436.0,489.0,273.0,589.0,T,F,T,T,T,T,F,T,F,3.0,0.0,6.0,0.0,2.0,1.0,1.0,2.0,3.0,3.0,0.0,5.0,0.0,4.0,4.0,6.0,6.0,4.0,0.0,6.0,2.0,5.0,0.0,4.0,2.0,2.0,1.0,6.0,3.0,1.0,2.0,7.0,0.0,3.0,0.0,0.0,1.0,4.0,2.0,1.0
2987258,0,8185877,11.49,H,3867.0,312.0,185.0,mastercard,125.0,debit,322.0,87.0,17.236244,226.58824,anonymous.com,hotmail.com,4.0,35.0,1.0,27.0,9.0,0.0,24.0,35.0,28.0,18.0,8.0,25.0,12.0,6.0,34.0,146.0,,432.0,259.0,483.0,472.0,89.0,205.0,391.0,61.0,252.0,227.0,337.0,345.0,T,F,T,F,F,T,T,T,F,3.0,0.0,5.0,2.0,0.0,7.0,,7.0,5.0,5.0,2.0,4.0,5.0,2.0,0.0,0.0,1.0,0.0,7.0,4.0,2.0,4.0,7.0,3.0,0.0,3.0,4.0,1.0,2.0,3.0,0.0,5.0,0.0,6.0,7.0,6.0,2.0,4.0,4.0,7.0
2987259,0,8201741,88.96,W,8166.0,265.0,185.0,american express,160.0,debit,434.0,87.0,9.595949,34.53403,hotmail.com,gmail.com,16.0,13.0,14.0,33.0,11.0,27.0,27.0,33.0,23.0,0.0,3.0,20.0,17.0,15.0,56.0,533.0,448.0,181.0,585.0,522.0,534.0,88.0,435.0,61.0,0.0,472.0,565.0,401.0,264.0,F,T,F,F,T,F,F,F,F,1.0,1.0,3.0,5.0,0.0,2.0,7.0,7.0,1.0,4.0,0.0,1.0,4.0,5.0,2.0,6.0,0.0,4.0,3.0,4.0,6.0,0.0,7.0,3.0,7.0,3.0,3.0,4.0,7.0,3.0,7.0,2.0,0.0,4.0,1.0,5.0,5.0,2.0,3.0,4.0
2987260,0,8216002,90.9,C,12355.0,,185.0,visa,133.0,debit,351.0,87.0,19.963793,,yahoo.com,hotmail.com,39.0,25.0,39.0,38.0,21.0,26.0,4.0,0.0,24.0,7.0,6.0,21.0,22.0,33.0,138.0,50.0,,,39.0,328.0,295.0,241.0,581.0,478.0,147.0,399.0,592.0,285.0,391.0,T,F,F,F,F,F,F,F,T,1.0,0.0,6.0,2.0,7.0,1.0,2.0,7.0,3.0,1.0,0.0,4.0,1.0,3.0,0.0,1.0,1.0,7.0,0.0,2.0,2.0,1.0,5.0,4.0,4.0,4.0,4.0,5.0,2.0,1.0,6.0,2.0,5.0,3.0,6.0,1.0,1.0,4.0,7.0,3.0
2987261,0,8252120,10.14,H,8018.0,163.0,150.0,american express,165.0,debit,470.0,87.0,15.256936,,yahoo.com,gmail.com,15.0,28.0,15.0,24.0,18.0,39.0,13.0,14.0,30.0,20.0,4.0,39.0,26.0,38.0,168.0,40.0,,102.0,33.0,167.0,122.0,302.0,102.0,117.0,316.0,43.0,433.0,264.0,444.0,F,T,T,F,F,T,F,F,F,7.0,3.0,3.0,3.0,5.0,6.0,0.0,6.0,7.0,7.0,1.0,5.0,4.0,4.0,1.0,5.0,7.0,7.0,7.0,6.0,6.0,1.0,0.0,5.0,4.0,5.0,4.0,3.0,7.0,2.0,2.0,7.0,4.0,2.0,7.0,2.0,0.0,1.0,0.0,3.0
2987262,0,8267586,70.28,R,5230.0,315.0,150.0,mastercard,186.0,debit,347.0,87.0,3.6860435,67.79016,anonymous.com,yahoo.com,26.0,33.0,39.0,23.0,28.0,15.0,24.0,9.0,6.0,10.0,21.0,10.0,26.0,28.0,9.0,22.0,399.0,225.0,287.0,136.0,385.0,574.0,396.0,405.0,509.0,202.0,557.0,99.0,591.0,F,T,F,T,T,F,T,T,T,5.0,5.0,7.0,5.0,3.0,6.0,3.0,6.0,5.0,0.0,4.0,3.0,1.0,3.0,0.0,2.0,2.0,1.0,6.0,1.0,5.0,7.0,0.0,7.0,6.0,1.0,5.0,1.0,7.0,0.0,0.0,7.0,0.0,4.0,1.0,6.0,4.0,6.0,4.0,1.0
2987263,0,8329193,122.63,C,17066.0,,185.0,visa,129.0,credit,124.0,87.0,3.396486,,gmail.com,gmail.com,6.0,25.0,19.0,34.0,0.0,16.0,21.0,12.0,31.0,21.0,7.0,6.0,15.0,27.0,505.0,209.0,,,20.0,579.0,320.0,190.0,112.0,477.0,391.0,425.0,63.0,382.0,419.0,F,T,F,F,T,F,F,F,T,4.0,1.0,6.0,5.0,1.0,0.0,5.0,0.0,5.0,7.0,5.0,5.0,5.0,3.0,7.0,6.0,0.0,5.0,0.0,5.0,6.0,2.0,6.0,7.0,4.0,0.0,0.0,6.0,4.0,3.0,2.0,4.0,3.0,3.0,1.0,4.0,0.0,0.0,6.0,3.0
2987264,0,8343272,82.42,R,2244.0,,150.0,mastercard,134.0,debit,131.0,87.0,1.785226,276.649,hotmail.com,hotmail.com,29.0,28.0,30.0,27.0,5.0,22.0,27.0,25.0,23.0,6.0,5.0,31.0,34.0,9.0,316.0,363.0,,249.0,204.0,301.0,330.0,498.0,30.0,527.0,81.0,552.0,324.0,74.0,572.0,T,F,T,F,T,T,F,T,F,5.0,3.0,1.0,5.0,4.0,6.0,,4.0,6.0,5.0,2.0,4.0,7.0,3.0,6.0,4.0,2.0,0.0,3.0,7.0,6.0,3.0,6.0,0.0,2.0,4.0,7.0,7.0,1.0,1.0,7.0,0.0,0.0,4.0,0.0,2.0,7.0,1.0,2.0,6.0
2987265,0,8354874,109.42,S,5278.0,525.0,185.0,discover,215.0,debit,441.0,87.0,22.159792,125.30353,anonymous.com,gmail.com,11.0,33.0,31.0,14.0,29.0,15.0,26.0,20.0,16.0,29.0,11.0,37.0,32.0,23.0,393.0,591.0,4.0,,341.0,556.0,356.0,532.0,254.0,175.0,430.0,482.0,390.0,284.0,439.0,T,T,T,T,F,F,T,T,F,3.0,4.0,3.0,3.0,4.0,5.0,0.0,3.0,4.0,0.0,6.0,2.0,2.0,3.0,7.0,7.0,5.0,2.0,7.0,2.0,7.0,7.0,6.0,5.0,6.0,7.0,4.0,1.0,1.0,1.0,6.0,7.0,1.0,1.0,6.0,6.0,5.0,5.0,4.0,4.0
2987266,0,8413306,11.65,C,18278.0,,185.0,visa,152.0,credit,116.0,87.0,2.573604,,yahoo.com,hotmail.com,22.0,37.0,1.0,25.0,32.0,31.0,16.0,19.0,18.0,7.0,27.0,24.0,37.0,7.0,392.0,272.0,44.0,158.0,243.0,332.0,430.0,579.0,345.0,44.0,280.0,535.0,556.0,245.0,571.0,T,T,T,T,T,T,T,F,F,1.0,2.0,0.0,3.0,1.0,2.0,2.0,2.0,5.0,2.0,3.0,1.0,5.0,7.0,5.0,6.0,2.0,6.0,5.0,5.0,4.0,7.0,3.0,0.0,4.0,6.0,4.0,5.0,0.0,6.0,5.0,3.0,0.0,3.0,2.0,5.0,5.0,0.0,2.0,3.0
2987267,0,8430107,78.58,W,13698.0,323.0,185.0,visa,127.0,debit,265.0,87.0,12.339585,,yahoo.com,gmail.com,35.0,1.0,0.0,21.0,12.0,17.0,31.0,17.0,20.0,25.0,19.0,16.0,23.0,21.0,580.0,109.0,206.0,,121.0,320.0,24.0,113.0,158.0,454.0,221.0,573.0,72.0,465.0,450.0,F,T,F,T,T,F,T,F,F,7.0,3.0,1.0,6.0,0.0,4.0,4.0,0.0,3.0,2.0,5.0,2.0,0.0,2.0,3.0,7.0,3.0,5.0,1.0,2.0,7.0,1.0,4.0,3.0,1.0,0.0,3.0,7.0,6.0,1.0,7.0,0.0,4.0,5.0,5.0,4.0,4.0,7.0,3.0,0.0
2987268,0,8441704,39.14,C,2513.0,,150.0,american express,199.0,debit,107.0,87.0,11.533816,283.42963,yahoo.com,gmail.com,26.0,29.0,36.0,9.0,12.0,31.0,10.0,25.0,22.0,33.0,6.0,13.0,3.0,7.0,88.0,220.0,,241.0,170.0,43.0,59.0,145.0,583.0,269.0,462.0,536.0,483.0,285.0,530.0,T,F,F,F,F,T,T,F,F,7.0,4.0,0.0,6.0,3.0,1.0,5.0,1.0,6.0,7.0,4.0,6.0,3.0,6.0,1.0,1.0,0.0,3.0,5.0,7.0,0.0,6.0,1.0,5.0,6.0,4.0,0.0,4.0,5.0,0.0,1.0,6.0,0.0,6.0,4.0,0.0,4.0,0.0,7.0,3.0
2987269,0,8442695,32.1,S,14129.0,,185.0,discover,200.0,debit,233.0,87.0,13.254547,,hotmail.com,yahoo.com,18.0,6.0,37.0,20.0,22.0,17.0,3.0,27.0,13.0,14.0,29.0,18.0,33.0,3.0,205.0,76.0,,541.0,362.0,241.0,57.0,131.0,369.0,569.0,177.0,348.0,46.0,3.0,114.0,F,T,T,F,T,T,F,F,T,1.0,7.0,0.0,0.0,4.0,1.0,4.0,7.0,5.0,4.0,5.0,2.0,7.0,5.0,7.0,3.0,5.0,7.0,1.0,7.0,3.0,5.0,0.0,4.0,6.0,4.0,5.0,0.0,2.0,2.0,4.0,0.0,6.0,2.0,4.0,5.0,7.0,4.0,2.0,1.0
2987270,0,8476813,142.25,H,17869.0,152.0,150.0,mastercard,215.0,credit,361.0,87.0,24.609545,77.65024,yahoo.com,hotmail.com,7.0,35.0,5.0,24.0,19.0,9.0,36.0,1.0,8.0,5.0,19.0,2.0,3.0,38.0,185.0,283.0,,577.0,570.0,333.0,92.0,441.0,262.0,112.0,371.0,201.0,214.0,303.0,595.0,F,F,T,T,T,T,F,T,T,6.0,2.0,0.0,6.0,6.0,1.0,2.0,7.0,4.0,2.0,7.0,5.0,0.0,4.0,7.0,3.0,1.0,6.0,2.0,2.0,3.0,4.0,1.0,6.0,1.0,3.0,2.0,5.0,5.0,0.0,6.0,2.0,7.0,4.0,1.0,1.0,0.0,7.0,1.0,3.0
2987271,0,8486055,277.88,S,2701.0,479.0,150.0,american express,206.0,credit,176.0,87.0,8.0927925,,yahoo.com,gmail.com,13.0,1.0,25.0,36.0,6.0,39.0,0.0,5.0,6.0,0.0,7.0,21.0,7.0,35.0,330.0,437.0,,,468.0,65.0,583.0,412.0,291.0,344.0,109.0,304.0,415.0,129.0,209.0,T,T,T,T,T,T,F,F,T,3.0,0.0,5.0,7.0,3.0,1.0,,5.0,1.0,7.0,7.0,2.0,7.0,2.0,3.0,0.0,0.0,0.0,1.0,1.0,0.0,1.0,4.0,7.0,5.0,5.0,7.0,7.0,4.0,6.0,0.0,0.0,6.0,2.0,2.0,7.0,1.0,5.0,4.0,1.0
2987272,0,8570323,393.0,S,8204.0,,150.0,american express,238.0,credit,305.0,87.0,14.538516,319.6348,hotmail.com,gmail.com,33.0,9.0,36.0,23.0,20.0,21.0,11.0,13.0,13.0,14.0,27.0,10.0,11.0,27.0,315.0,21.0,,67.0,328.0,97.0,438.0,244.0,278.0,71.0,228.0,477.0,174.0,228.0,478.0,T,F,T,F,T,T,F,F,F,5.0,6.0,3.0,7.0,0.0,4.0,,0.0,6.0,0.0,4.0,4.0,0.0,3.0,1.0,0.0,5.0,0.0,5.0,0.0,6.0,5.0,3.0,7.0,7.0,3.0,5.0,2.0,6.0,7.0,3.0,3.0,6.0,6.0,4.0,1.0,5.0,5.0,3.0,7.0
2987273,0,8584235,231.9,W,9147.0,,185.0,mastercard,180.0,credit,538.0,87.0,141.93416,65.61768,gmail.com,gmail.com,8.0,7.0,38.0,6.0,32.0,28.0,4.0,17.0,10.0,4.0,39.0,10.0,7.0,25.0,474.0,466.0,,,82.0,354.0,398.0,53.0,66.0,291.0,334.0,255.0,500.0,177.0,235.0,T,F,T,F,F,F,T,T,F,0.0,4.0,3.0,2.0,7.0,6.0,,5.0,2.0,6.0,7.0,4.0,3.0,6.0,3.0,0.0,7.0,5.0,7.0,5.0,6.0,4.0,4.0,5.0,6.0,7.0,3.0,1.0,0.0,6.0,2.0,6.0,6.0,2.0,0.0,0.0,0.0,5.0,6.0,1.0
2987274,0,8591225,48.39,C,3279.0,188.0,185.0,discover,140.0,credit,131.0,87.0,55.27006,70.81278,hotmail.com,yahoo.com,26.0,24.0,11.0,39.0,29.0,23.0,9.0,39.0,20.0,35.0,21.0,22.0,28.0,9.0,336.0,137.0,,,145.0,148.0,419.0,312.0,363.0,0.0,374.0,498.0,558.0,99.0,274.0,T,T,T,F,F,T,F,F,F,3.0,3.0,6.0,4.0,3.0,3.0,7.0,1.0,2.0,6.0,5.0,3.0,1.0,1.0,3.0,6.0,4.0,7.0,0.0,7.0,5.0,3.0,3.0,5.0,1.0,7.0,0.0,2.0,1.0,6.0,1.0,1.0,7.0,5.0,3.0,3.0,1.0,5.0,0.0,0.0
2987275,0,8729737,80.48,W,4489.0,110.0,185.0,visa,220.0,credit,128.0,87.0,76.959305,,gmail.com,gmail.com,19.0,0.0,32.0,23.0,32.0,14.0,15.0,35.0,36.0,38.0,6.0,38.0,17.0,22.0,140.0,403.0,577.0,,264.0,420.0,20.0,439.0,470.0,450.0,551.0,420.0,95.0,567.0,448.0,F,F,F,T,T,T,T,T,F,0.0,5.0,6.0,0.0,5.0,0.0,,5.0,0.0,3.0,2.0,5.0,0.0,4.0,7.0,3.0,7.0,1.0,4.0,1.0,5.0,4.0,4.0,6.0,6.0,5.0,4.0,6.0,6.0,0.0,1.0,1.0,7.0,3.0,5.0,2.0,0.0,1.0,7.0,5.0
2987276,0,8753215,126.91,W,4023.0,588.0,185.0,mastercard,137.0,credit,219.0,87.0,16.5503,81.92643,gmail.com,hotmail.com,12.0,0.0,25.0,11.0,25.0,38.0,5.0,25.0,4.0,39.0,12.0,8.0,8.0,29.0,338.0,489.0,,,148.0,276.0,127.0,284.0,252.0,362.0,174.0,125.0,154.0,152.0,324.0,F,T,F,F,T,T,T,T,F,6.0,7.0,4.0,0.0,0.0,3.0,,0.0,1.0,0.0,7.0,7.0,2.0,6.0,0.0,6.0,3.0,4.0,1.0,6.0,4.0,1.0,7.0,1.0,0.0,3.0,6.0,4.0,2.0,4.0,7.0,7.0,1.0,2.0,3.0,2.0,0.0,2.0,5.0,2.0
2987277,0,8783808,62.38,S,4225.0,,150.0,discover,140.0,credit,463.0,87.0,8.555266,85.03715,yahoo.com,gmail.com,28.0,20.0,37.0,30.0,35.0,14.0,18.0,1.0,12.0,36.0,23.0,36.0,0.0,21.0,578.0,465.0,,464.0,413.0,242.0,476.0,160.0,255.0,58.0,537.0,552.0,44.0,304.0,429.0,T,F,T,T,T,T,F,F,T,3.0,1.0,3.0,4.0,0.0,5.0,3.0,2.0,1.0,7.0,1.0,6.0,4.0,5.0,5.0,6.0,4.0,6.0,6.0,6.0,3.0,4.0,5.0,2.0,4.0,4.0,3.0,0.0,7.0,0.0,4.0,1.0,4.0,4.0,3.0,7.0,3.0,1.0,6.0,7.0
2987278,0,8810630,63.04,S,8021.0,156.0,150.0,visa,215.0,credit,278.0,87.0,21.536182,,yahoo.com,hotmail.com,14.0,38.0,5.0,15.0,9.0,39.0,37.0,4.0,1.0,23.0,39.0,20.0,8.0,11.0,347.0,401.0,,,219.0,70.0,277.0,355.0,546.0,299.0,489.0,507.0,426.0,496.0,47.0,F,F,F,F,F,T,F,T,T,2.0,6.0,5.0,1.0,0.0,6.0,,0.0,0.0,7.0,3.0,7.0,5.0,1.0,6.0,0.0,2.0,6.0,1.0,3.0,5.0,1.0,7.0,2.0,4.0,7.0,5.0,4.0,7.0,2.0,0.0,0.0,2.0,4.0,6.0,2.0,5.0,1.0,3.0,3.0
2987279,0,8820885,135.12,W,9070.0,,185.0,american express,223.0,debit,381.0,87.0,13.834987,16.9604,gmail.com,hotmail.com,11.0,21.0,24.0,14.0,1.0,17.0,5.0,18.0,38.0,13.0,37.0,38.0,27.0,15.0,355.0,416.0,,21.0,500.0,243.0,305.0,396.0,366.0,256.0,215.0,359.0,531.0,218.0,500.0,T,T,F,F,F,F,T,F,T,5.0,5.0,3.0,1.0,6.0,5.0,,7.0,0.0,3.0,1.0,0.0,2.0,4.0,6.0,6.0,4.0,5.0,2.0,1.0,7.0,2.0,7.0,5.0,0.0,2.0,0.0,6.0,0.0,3.0,5.0,4.0,6.0,5.0,4.0,6.0,0.0,1.0,3.0,5.0
2987280,0,8828869,51.15,H,5140.0,,150.0,american express,147.0,debit,114.0,87.0,60.066643,103.08675,aol.com,hotmail.com,21.0,17.0,0.0,33.0,4.0,0.0,37.0,23.0,28.0,17.0,37.0,15.0,31.0,33.0,105.0,112.0,523.0,272.0,161.0,325.0,450.0,354.0,178.0,404.0,84.0,116.0,360.0,562.0,245.0,T,T,F,F,F,T,T,F,T,7.0,4.0,3.0,2.0,1.0,2.0,,4.0,2.0,1.0,6.0,6.0,3.0,1.0,1.0,1.0,7.0,7.0,1.0,5.0,2.0,3.0,4.0,2.0,5.0,6.0,3.0,1.0,3.0,5.0,4.0,2.0,0.0,6.0,5.0,1.0,7.0,5.0,2.0,6.0
2987281,0,8832073,24.48,R,6036.0,,150.0,mastercard,202.0,credit,423.0,87.0,66.06385,,yahoo.com,hotmail.com,30.0,26.0,14.0,34.0,39.0,1.0,16.0,26.0,9.0,10.0,33.0,39.0,11.0,10.0,4.0,81.0,,256.0,297.0,343.0,45.0,523.0,2.0,299.0,154.0,136.0,79.0,242.0,473.0,T,T,F,F,T,F,T,F,T,2.0,6.0,2.0,3.0,6.0,5.0,,7.0,6.0,2.0,7.0,5.0,1.0,7.0,3.0,3.0,5.0,7.0,6.0,4.0,2.0,1.0,7.0,1.0,2.0,4.0,6.0,4.0,5.0,2.0,3.0,7.0,3.0,5.0,0.0,4.0,6.0,7.0,6.0,7.0
2987282,0,8865787,34.61,W,4344.0,,185.0,mastercard,229.0,debit,129.0,87.0,29.048466,9.9278965,aol.com,hotmail.com,34.0,22.0,0.0,20.0,25.0,38.0,23.0,5.0,16.0,33.0,22.0,26.0,2.0,38.0,125.0,228.0,,,428.0,162.0,479.0,188.0,493.0,275.0,394.0,503.0,104.0,568.0,171.0,T,T,F,T,T,F,T,F,F,5.0,2.0,1.0,1.0,7.0,0.0,,0.0,6.0,1.0,6.0,3.0,5.0,2.0,2.0,7.0,0.0,6.0,0.0,6.0,0.0,7.0,1.0,6.0,6.0,0.0,3.0,1.0,1.0,2.0,3.0,1.0,3.0,6.0,7.0,1.0,5.0,4.0,0.0,6.0
2987283,0,8899632,109.65,S,14851.0,237.0,185.0,visa,211.0,debit,413.0,87.0,20.404701,174.90132,aol.com,gmail.com,25.0,15.0,17.0,14.0,9.0,21.0,17.0,35.0,28.0,17.0,25.0,26.0,22.0,30.0,15.0,364.0,168.0,59.0,123.0,16.0,408.0,365.0,375.0,498.0,473.0,10.0,21.0,271.0,357.0,F,F,T,F,F,T,T,F,F,5.0,6.0,1.0,6.0,5.0,3.0,,5.0,1.0,4.0,0.0,2.0,1.0,3.0,3.0,2.0,4.0,5.0,4.0,4.0,7.0,7.0,4.0,5.0,7.0,5.0,7.0,0.0,6.0,6.0,4.0,4.0,6.0,3.0,6.0,1.0,0.0,0.0,4.0,4.0
2987284,0,8915669,54.78,S,4684.0,,150.0,discover,100.0,credit,165.0,87.0,16.22592,,aol.com,yahoo.com,26.0,23.0,32.0,34.0,34.0,15.0,12.0,19.0,38.0,15.0,29.0,22.0,31.0,35.0,271.0,370.0,,367.0,456.0,560.0,242.0,513.0,375.0,311.0,367.0,290.0,293.0,8.0,352.0,F,T,F,T,T,F,T,T,T,3.0,4.0,5.0,5.0,7.0,4.0,,3.0,3.0,4.0,2.0,0.0,6.0,6.0,0.0,7.0,3.0,7.0,0.0,0.0,4.0,3.0,0.0,4.0,4.0,1.0,3.0,3.0,0.0,1.0,7.0,7.0,2.0,4.0,6.0,1.0,4.0,5.0,2.0,6.0
2987285,0,8926383,79.38,R,16792.0,132.0,185.0,visa,193.0,credit,477.0,87.0,24.301035,,aol.com,hotmail.com,31.0,0.0,26.0,6.0,12.0,32.0,4.0,23.0,22.0,27.0,28.0,18.0,2.0,20.0,529.0,466.0,,,351.0,574.0,299.0,127.0,169.0,488.0,434.0,371.0,432.0,520.0,83.0,F,T,T,T,T,T,T,F,F,6.0,7.0,6.0,6.0,7.0,0.0,0.0,3.0,6.0,2.0,2.0,6.0,1.0,3.0,0.0,4.0,4.0,0.0,4.0,1.0,4.0,4.0,0.0,7.0,5.0,4.0,6.0,6.0,0.0,3.0,6.0,5.0,7.0,3.0,5.0,2.0,7.0,4.0,5.0,2.0
2987286,0,8975513,114.1,H,10376.0,,150.0,mastercard,123.0,credit,230.0,87.0,5.1181355,,gmail.com,yahoo.com,10.0,9.0,12.0,29.0,23.0,24.0,23.0,1.0,10.0,14.0,25.0,21.0,31.0,8.0,268.0,185.0,318.0,,388.0,542.0,44.0,168.0,111.0,531.0,61.0,139.0,90.0,518.0,284.0,T,T,F,F,F,F,T,F,F,1.0,3.0,3.0,7.0,5.0,0.0,6.0,6.0,5.0,5.0,0.0,6.0,5.0,1.0,0.0,0.0,4.0,0.0,6.0,3.0,2.0,2.0,1.0,6.0,0.0,7.0,5.0,5.0,4.0,2.0,3.0,0.0,3.0,4.0,4.0,3.0,1.0,6.0,7.0,6.0
2987287,0,8994837,36.15,C,14967.0,,150.0,discover,218.0,debit,180.0,87.0,71.85693,,yahoo.com,hotmail.com,10.0,26.0,17.0,23.0,9.0,26.0,36.0,32.0,27.0,14.0,5.0,34.0,6.0,1.0,387.0,519.0,576.0,,272.0,173.0,122.0,29.0,296.0,508.0,303.0,518.0,508.0,577.0,381.0,F,F,T,F,T,F,F,T,T,7.0,5.0,0.0,4.0,6.0,6.0,7.0,0.0,7.0,4.0,4.0,0.0,2.0,7.0,7.0,6.0,4.0,4.0,6.0,3.0,0.0,1.0,1.0,7.0,7.0,6.0,7.0,0.0,1.0,6.0,1.0,1.0,5.0,1.0,4.0,6.0,4.0,3.0,5.0,6.0
2987288,0,9083175,125.45,H,12073.0,561.0,150.0,discover,109.0,debit,248.0,87.0,10.956601,,anonymous.com,hotmail.com,19.0,13.0,14.0,34.0,3.0,27.0,20.0,21.0,27.0,9.0,35.0,31.0,10.0,21.0,513.0,269.0,376.0,136.0,561.0,361.0,147.0,224.0,454.0,573.0,524.0,313.0,151.0,74.0,501.0,F,F,T,T,T,F,T,F,T,3.0,3.0,4.0,2.0,4.0,1.0,1.0,7.0,3.0,0.0,0.0,4.0,7.0,5.0,3.0,0.0,6.0,5.0,0.0,2.0,6.0,7.0,3.0,2.0,5.0,5.0,4.0,1.0,5.0,4.0,0.0,1.0,4.0,6.0,4.0,6.0,4.0,3.0,0.0,3.0
2987289,0,9126106,82.82,R,5628.0,390.0,185.0,discover,239.0,debit,100.0,87.0,10.323848,24.87865,hotmail.com,hotmail.com,25.0,2.0,29.0,16.0,10.0,7.0,23.0,8.0,25.0,2.0,0.0,0.0,24.0,15.0,457.0,147.0,485.0,,463.0,84.0,526.0,26.0,178.0,418.0,233.0,39.0,308.0,506.0,532.0,F,F,T,F,F,F,T,F,F,0.0,3.0,7.0,7.0,1.0,1.0,2.0,0.0,1.0,3.0,4.0,4.0,2.0,4.0,1.0,5.0,6.0,7.0,6.0,7.0,6.0,3.0,5.0,0.0,3.0,0.0,3.0,4.0,3.0,0.0,1.0,7.0,3.0,4.0,3.0,5.0,5.0,5.0,3.0,0.0
2987290,0,9252616,14.04,S,11463.0,,150.0,visa,124.0,debit,172.0,87.0,102.42445,10.456652,gmail.com,gmail.com,25.0,4.0,10.0,33.0,9.0,3.0,25.0,12.0,1.0,1.0,17.0,27.0,2.0,4.0,390.0,441.0,281.0,,115.0,543.0,67.0,447.0,316.0,337.0,539.0,192.0,400.0,204.0,230.0,F,T,T,T,T,T,F,T,F,7.0,3.0,4.0,4.0,0.0,4.0,5.0,2.0,1.0,6.0,4.0,1.0,7.0,0.0,6.0,3.0,7.0,5.0,2.0,2.0,2.0,7.0,7.0,2.0,0.0,6.0,2.0,2.0,2.0,1.0,1.0,1.0,2.0,4.0,5.0,3.0,7.0,5.0,0.0,5.0
2987291,0,9285631,266.81,W,5769.0,,150.0,american express,158.0,credit,363.0,87.0,77.98555,,hotmail.com,yahoo.com,6.0,34.0,3.0,0.0,22.0,29.0,15.0,14.0,28.0,16.0,17.0,33.0,12.0,37.0,470.0,76.0,,591.0,333.0,3.0,174.0,53.0,597.0,318.0,74.0,238.0,323.0,504.0,385.0,T,F,T,T,T,T,T,T,T,6.0,7.0,0.0,3.0,3.0,2.0,0.0,1.0,5.0,6.0,4.0,4.0,6.0,3.0,3.0,1.0,4.0,1.0,5.0,5.0,6.0,0.0,7.0,6.0,4.0,2.0,5.0,2.0,6.0,7.0,6.0,0.0,2.0,7.0,2.0,2.0,1.0,1.0,3.0,0.0
2987292,0,9308092,31.47,W,3062.0,111.0,185.0,discover,132.0,debit,232.0,87.0,40.68673,119.67603,aol.com,gmail.com,31.0,13.0,20.0,30.0,0.0,0.0,4.0,1.0,0.0,39.0,39.0,29.0,5.0,38.0,168.0,243.0,564.0,288.0,541.0,282.0,79.0,415.0,131.0,122.0,587.0,133.0,286.0,578.0,104.0,T,F,F,T,F,F,F,T,T,6.0,6.0,0.0,3.0,3.0,7.0,,4.0,0.0,6.0,7.0,6.0,3.0,3.0,2.0,4.0,2.0,7.0,7.0,2.0,4.0,0.0,1.0,7.0,7.0,0.0,7.0,3.0,1.0,7.0,4.0,3.0,5.0,3.0,6.0,2.0,0.0,4.0,1.0,0.0
2987293,0,9318766,8.84,S,5432.0,524.0,185.0,american express,213.0,debit,255.0,87.0,6.5021667,405.15094,aol.com,gmail.com,14.0,0.0,33.0,2.0,9.0,28.0,20.0,37.0,36.0,10.0,3.0,19.0,8.0,14.0,252.0,468.0,,,167.0,514.0,170.0,347.0,138.0,496.0,471.0,564.0,202.0,119.0,537.0,T,T,F,T,T,T,F,F,T,1.0,1.0,4.0,0.0,2.0,7.0,,4.0,3.0,7.0,6.0,2.0,3.0,2.0,0.0,2.0,1.0,0.0,0.0,7.0,5.0,3.0,3.0,0.0,6.0,7.0,1.0,6.0,3.0,6.0,0.0,2.0,2.0,3.0,2.0,1.0,0.0,7.0,5.0,7.0
2987294,0,9348601,17.3,C,5796.0,151.0,185.0,mastercard,155.0,debit,455.0,87.0,30.85785,31.083185,yahoo.com,gmail.com,35.0,29.0,19.0,25.0,22.0,5.0,34.0,32.0,35.0,25.0,19.0,13.0,30.0,26.0,239.0,462.0,517.0,466.0,321.0,435.0,6.0,592.0,141.0,415.0,375.0,216.0,258.0,222.0,520.0,T,F,T,T,F,F,F,T,T,6.0,6.0,6.0,7.0,0.0,6.0,,5.0,2.0,0.0,2.0,5.0,2.0,4.0,3.0,0.0,6.0,0.0,2.0,7.0,1.0,6.0,3.0,6.0,0.0,1.0,7.0,4.0,1.0,0.0,7.0,1.0,6.0,4.0,3.0,5.0,2.0,0.0,4.0,4.0
2987295,0,9369027,17.76,C,3349.0,177.0,185.0,american express,204.0,credit,154.0,87.0,30.759596,119.33834,yahoo.com,yahoo.com,28.0,21.0,8.0,7.0,15.0,10.0,12.0,35.0,22.0,12.0,14.0,26.0,9.0,16.0,479.0,153.0,10.0,,452.0,517.0,163.0,208.0,547.0,523.0,370.0,301.0,143.0,161.0,599.0,T,T,T,T,T,T,T,T,T,5.0,4.0,0.0,6.0,4.0,2.0,4.0,6.0,7.0,2.0,4.0,7.0,3.0,1.0,5.0,4.0,7.0,5.0,6.0,6.0,4.0,3.0,0.0,3.0,6.0,2.0,7.0,6.0,1.0,5.0,1.0,3.0,1.0,7.0,0.0,6.0,2.0,2.0,2.0,5.0
2987296,1,9375702,57.82,H,1410.0,,185.0,mastercard,109.0,debit,274.0,87.0,5.491604,,yahoo.com,yahoo.com,39.0,18.0,1.0,38.0,25.0,28.0,34.0,14.0,25.0,12.0,3.0,26.0,1.0,19.0,245.0,99.0,,,163.0,297.0,434.0,206.0,317.0,420.0,561.0,321.0,176.0,182.0,291.0,T,F,T,T,F,T,T,F,F,7.0,0.0,6.0,5.0,3.0,7.0,7.0,6.0,7.0,3.0,6.0,3.0,3.0,3.0,4.0,0.0,0.0,7.0,1.0,6.0,1.0,6.0,0.0,6.0,0.0,1.0,6.0,0.0,1.0,5.0,5.0,7.0,1.0,2.0,7.0,4.0,7.0,4.0,6.0,7.0
2987297,0,9445961,40.4,W,17422.0,403.0,185.0,american express,163.0,debit,181.0,87.0,4.2089467,,yahoo.com,hotmail.com,25.0,35.0,37.0,30.0,26.0,24.0,34.0,22.0,2.0,6.0,8.0,14.0,8.0,24.0,562.0,19.0,262.0,,310.0,57.0,460.0,145.0,550.0,288.0,226.0,132.0,453.0,357.0,215.0,T,F,T,F,T,T,T,F,F,2.0,6.0,6.0,1.0,7.0,2.0,,7.0,3.0,4.0,6.0,0.0,1.0,6.0,3.0,4.0,1.0,4.0,2.0,5.0,1.0,1.0,2.0,5.0,3.0,4.0,4.0,3.0,2.0,7.0,0.0,1.0,0.0,1.0,5.0,4.0,4.0,7.0,5.0,7.0
2987298,0,9497292,37.69,R,9933.0,,185.0,visa,227.0,credit,312.0,87.0,5.8718925,,yahoo.com,hotmail.com,21.0,12.0,30.0,4.0,38.0,31.0,9.0,18.0,34.0,22.0,16.0,16.0,3.0,16.0,111.0,53.0,180.0,,331.0,4.0,227.0,322.0,568.0,177.0,98.0,340.0,529.0,247.0,454.0,T,F,F,F,F,F,T,F,F,7.0,1.0,0.0,7.0,7.0,1.0,,3.0,4.0,6.0,5.0,2.0,2.0,5.0,4.0,1.0,5.0,1.0,4.0,4.0,2.0,6.0,6.0,0.0,3.0,6.0,6.0,4.0,3.0,3.0,4.0,7.0,6.0,0.0,1.0,2.0,5.0,7.0,5.0,7.0
2987299,0,9534453,107.95,C,7995.0,,185.0,visa,229.0,credit,245.0,87.0,24.946587,,yahoo.com,hotmail.com,7.0,22.0,6.0,35.0,33.0,24.0,23.0,19.0,10.0,26.0,36.0,14.0,24.0,32.0,103.0,495.0,,395.0,106.0,91.0,423.0,131.0,252.0,591.0,551.0,212.0,509.0,393.0,433.0,T,T,F,T,F,T,T,F,F,5.0,6.0,1.0,1.0,4.0,7.0,1.0,1.0,3.0,5.0,0.0,1.0,7.0,2.0,6.0,6.0,1.0,0.0,7.0,4.0,1.0,3.0,3.0,3.0,0.0,4.0,2.0,6.0,3.0,3.0,4.0,5.0,3.0,5.0,0.0,7.0,4.0,4.0,2.0,1.0
2987300,0,9646410,79.35,W,17181.0,437.0,150.0,discover,129.0,debit,120.0,87.0,4.34216,10.703083,hotmail.com,gmail.com,15.0,29.0,2.0,10.0,9.0,1.0,29.0,23.0,10.0,14.0,15.0,1.0,38.0,7.0,429.0,470.0,397.0,,106.0,34.0,371.0,68.0,32.0,440.0,61.0,6.0,198.0,404.0,127.0,T,F,T,T,F,T,F,F,T,2.0,3.0,0.0,1.0,6.0,5.0,5.0,1.0,6.0,5.0,3.0,2.0,7.0,1.0,7.0,7.0,0.0,7.0,2.0,0.0,7.0,2.0,3.0,0.0,1.0,6.0,5.0,4.0,1.0,5.0,7.0,3.0,0.0,0.0,6.0,7.0,7.0,4.0,2.0,2.0
2987301,0,9688122,77.3,S,4909.0,,150.0,discover,155.0,credit,130.0,87.0,6.522942,,gmail.com,yahoo.com,34.0,24.0,5.0,21.0,27.0,33.0,19.0,18.0,28.0,21.0,35.0,1.0,6.0,26.0,458.0,303.0,82.0,278.0,337.0,268.0,541.0,569.0,182.0,524.0,395.0,244.0,192.0,121.0,323.0,F,F,T,F,T,F,T,F,T,1.0,7.0,4.0,0.0,2.0,0.0,,2.0,2.0,1.0,6.0,5.0,0.0,0.0,4.0,7.0,7.0,2.0,3.0,7.0,0.0,5.0,7.0,2.0,7.0,7.0,6.0,7.0,0.0,1.0,4.0,5.0,0.0,5.0,0.0,3.0,2.0,3.0,4.0,6.0
2987302,0,9738716,85.7,W,8009.0,291.0,185.0,discover,157.0,credit,475.0,87.0,15.04314,88.18045,yahoo.com,hotmail.com,15.0,8.0,15.0,3.0,25.0,8.0,27.0,30.0,37.0,19.0,29.0,3.0,29.0,39.0,407.0,342.0,83.0,70.0,107.0,30.0,482.0,407.0,326.0,351.0,159.0,350.0,34.0,26.0,386.0,T,T,F,T,T,T,F,T,T,7.0,3.0,1.0,2.0,7.0,7.0,7.0,4.0,5.0,5.0,0.0,1.0,5.0,2.0,1.0,7.0,0.0,5.0,6.0,7.0,7.0,6.0,3.0,6.0,5.0,6.0,6.0,6.0,0.0,5.0,3.0,2.0,7.0,7.0,3.0,6.0,5.0,3.0,6.0,0.0
2987303,0,9834010,107.53,W,15732.0,,150.0,mastercard,179.0,debit,125.0,87.0,20.067226,276.5148,yahoo.com,gmail.com,2.0,27.0,32.0,4.0,23.0,5.0,36.0,2.0,19.0,10.0,32.0,16.0,14.0,34.0,184.0,195.0,70.0,,568.0,111.0,137.0,71.0,228.0,306.0,557.0,70.0,164.0,447.0,272.0,T,F,F,T,F,T,F,T,F,5.0,0.0,7.0,2.0,7.0,1.0,5.0,0.0,7.0,6.0,4.0,4.0,1.0,0.0,1.0,0.0,1.0,2.0,0.0,4.0,1.0,7.0,5.0,5.0,6.0,1.0,4.0,5.0,5.0,3.0,4.0,1.0,7.0,5.0,0.0,2.0,2.0,5.0,6.0,1.0
2987304,0,9841358,5.37,H,11997.0,325.0,185.0,american express,175.0,debit,444.0,87.0,35.286232,24.819185,gmail.com,yahoo.com,9.0,29.0,6.0,9.0,31.0,35.0,25.0,7.0,20.0,27.0,34.0,20.0,2.0,1.0,5.0,115.0,,562.0,314.0,251.0,353.0,370.0,1.0,20.0,584.0,467.0,351.0,108.0,222.0,F,T,T,T,F,T,T,F,T,0.0,6.0,0.0,6.0,1.0,5.0,0.0,7.0,1.0,6.0,4.0,7.0,5.0,1.0,1.0,4.0,7.0,1.0,2.0,6.0,6.0,0.0,7.0,5.0,4.0,1.0,3.0,3.0,7.0,1.0,5.0,1.0,2.0,1.0,5.0,0.0,1.0,4.0,6.0,4.0
2987305,0,9865575,36.57,S,7945.0,501.0,150.0,mastercard,114.0,credit,503.0,87.0,6.3488626,16.847055,aol.com,hotmail.com,23.0,4.0,32.0,21.0,5.0,7.0,33.0,35.0,21.0,22.0,28.0,16.0,27.0,4.0,192.0,6.0,,312.0,423.0,441.0,471.0,182.0,593.0,41.0,284.0,396.0,160.0,119.0,143.0,T,T,F,F,T,T,T,F,F,1.0,5.0,5.0,2.0,5.0,3.0,2.0,7.0,1.0,4.0,1.0,2.0,4.0,7.0,0.0,1.0,0.0,5.0,2.0,3.0,2.0,5.0,0.0,5.0,3.0,2.0,7.0,2.0,0.0,6.0,3.0,0.0,5.0,5.0,1.0,2.0,7.0,4.0,0.0,2.0
2987306,0,9888684,4.96,W,5451.0,413.0,185.0,discover,206.0,debit,304.0,87.0,85.934784,21.792337,anonymous.com,hotmail.com,25.0,6.0,0.0,21.0,15.0,21.0,32.0,35.0,11.0,2.0,29.0,38.0,8.0,25.0,279.0,403.0,158.0,381.0,238.0,404.0,183.0,108.0,181.0,424.0,319.0,185.0,440.0,360.0,246.0,F,F,T,T,T,T,F,F,T,6.0,2.0,6.0,7.0,3.0,0.0,5.0,1.0,3.0,0.0,2.0,7.0,7.0,6.0,4.0,0.0,6.0,5.0,3.0,0.0,7.0,2.0,4.0,0.0,0.0,5.0,5.0,4.0,0.0,2.0,5.0,5.0,2.0,3.0,3.0,6.0,0.0,6.0,7.0,1.0
2987307,0,9976936,56.81,H,1611.0,546.0,150.0,american express,131.0,credit,237.0,87.0,10.233332,488.54022,aol.com,hotmail.com,39.0,26.0,29.0,34.0,32.0,19.0,32.0,32.0,23.0,19.0,6.0,8.0,20.0,36.0,247.0,21.0,459.0,,179.0,34.0,343.0,282.0,371.0,134.0,272.0,355.0,30.0,157.0,147.0,T,T,T,F,T,F,T,T,F,1.0,1.0,1.0,2.0,2.0,6.0,,6.0,6.0,1.0,7.0,2.0,5.0,4.0,1.0,3.0,4.0,3.0,4.0,6.0,4.0,4.0,2.0,4.0,4.0,6.0,6.0,3.0,6.0,6.0,4.0,0.0,6.0,0.0,4.0,3.0,2.0,1.0,1.0,7.0
2987308,0,10006067,54.32,R,2479.0,,185.0,discover,144.0,credit,441.0,87.0,39.341923,219.72409,hotmail.com,yahoo.com,37.0,4.0,11.0,6.0,35.0,30.0,34.0,14.0,38.0,15.0,28.0,15.0,20.0,33.0,553.0,63.0,524.0,423.0,291.0,541.0,240.0,472.0,568.0,49.0,255.0,182.0,247.0,113.0,180.0,T,T,F,T,F,T,F,T,F,1.0,6.0,2.0,4.0,3.0,5.0,5.0,4.0,5.0,5.0,4.0,4.0,6.0,6.0,1.0,3.0,4.0,4.0,1.0,4.0,3.0,3.0,0.0,3.0,6.0,2.0,4.0,0.0,5.0,2.0,7.0,1.0,5.0,1.0,2.0,6.0,3.0,7.0,0.0,3.0
2987309,0,10025874,172.45,S,3817.0,105.0,150.0,discover,217.0,credit,532.0,87.0,1.0103422,36.5394,gmail.com,yahoo.com,21.0,35.0,38.0,29.0,1.0,1.0,9.0,18.0,15.0,31.0,1.0,9.0,23.0,36.0,518.0,475.0,471.0,,426.0,329.0,185.0,0.0,326.0,465.0,562.0,388.0,168.0,184.0,110.0,T,T,F,F,T,T,T,T,F,4.0,6.0,6.0,4.0,7.0,7.0,1.0,3.0,1.0,6.0,7.0,1.0,6.0,3.0,5.0,2.0,6.0,3.0,3.0,7.0,1.0,6.0,0.0,4.0,1.0,5.0,7.0,1.0,5.0,3.0,1.0,0.0,3.0,5.0,5.0,2.0,1.0,5.0,4.0,3.0
2987310,0,10052259,201.62,W,14687.0,374.0,150.0,american express,196.0,credit,152.0,87.0,19.105562,,aol.com,yahoo.com,22.0,4.0,19.0,0.0,18.0,4.0,0.0,1.0,30.0,12.0,29.0,11.0,5.0,5.0,465.0,349.0,297.0,,238.0,209.0,119.0,213.0,416.0,372.0,172.0,92.0,296.0,313.0,225.0,T,F,T,F,F,T,T,T,T,6.0,2.0,0.0,6.0,7.0,4.0,1.0,5.0,2.0,6.0,3.0,2.0,5.0,4.0,2.0,0.0,0.0,4.0,7.0,1.0,3.0,3.0,5.0,1.0,3.0,1.0,3.0,6.0,1.0,3.0,5.0,0.0,7.0,4.0,4.0,3.0,6.0,4.0,3.0,5.0
2987311,0,10064374,68.24,S,12122.0,189.0,150.0,american express,155.0,debit,524.0,87.0,10.533779,,hotmail.com,hotmail.com,32.0,38.0,10.0,11.0,10.0,16.0,6.0,11.0,30.0,38.0,26.0,23.0,10.0,20.0,13.0,293.0,,87.0,169.0,229.0,21.0,552.0,21.0,66.0,575.0,366.0,15.0,507.0,378.0,T,T,F,T,F,T,T,F,F,2.0,5.0,3.0,6.0,2.0,6.0,1.0,4.0,5.0,3.0,6.0,6.0,3.0,7.0,6.0,3.0,0.0,6.0,6.0,3.0,4.0,2.0,5.0,5.0,3.0,4.0,4.0,3.0,6.0,5.0,6.0,7.0,1.0,3.0,3.0,0.0,2.0,4.0,0.0,5.0
2987312,0,10070153,31.49,H,8542.0,,185.0,mastercard,227.0,credit,515.0,87.0,47.89783,67.37683,anonymous.com,yahoo.com,1.0,26.0,9.0,7.0,6.0,18.0,9.0,29.0,34.0,24.0,30.0,12.0,29.0,29.0,76.0,131.0,566.0,,86.0,509.0,449.0,236.0,418.0,299.0,390.0,33.0,251.0,593.0,226.0,F,T,T,T,F,T,T,F,F,5.0,1.0,2.0,6.0,3.0,7.0,5.0,2.0,7.0,4.0,4.0,4.0,2.0,0.0,1.0,1.0,1.0,5.0,7.0,5.0,7.0,3.0,4.0,4.0,6.0,6.0,6.0,7.0,4.0,1.0,5.0,0.0,7.0,6.0,2.0,6.0,3.0,4.0,1.0,3.0
2987313,0,10080464,93.1,S,14622.0,,150.0,mastercard,155.0,credit,162.0,87.0,67.947716,39.87588,yahoo.com,yahoo.com,23.0,17.0,33.0,4.0,2.0,31.0,27.0,13.0,28.0,5.0,25.0,12.0,37.0,24.0,260.0,89.0,31.0,339.0,325.0,278.0,491.0,59.0,508.0,281.0,576.0,10.0,473.0,439.0,85.0,T,F,F,T,F,F,T,F,T,5.0,1.0,0.0,7.0,4.0,7.0,,4.0,3.0,1.0,7.0,4.0,2.0,2.0,2.0,0.0,3.0,2.0,5.0,1.0,2.0,5.0,5.0,3.0,1.0,3.0,4.0,1.0,1.0,1.0,7.0,4.0,2.0,4.0,3.0,2.0,2.0,4.0,1.0,7.0
2987314,0,10103187,30.55,C,3797.0,,185.0,visa,179.0,debit,124.0,87.0,32.85678,,hotmail.com,gmail.com,18.0,10.0,16.0,23.0,21.0,24.0,20.0,19.0,36.0,16.0,14.0,26.0,0.0,31.0,373.0,279.0,,,407.0,147.0,391.0,257.0,550.0,2.0,367.0,152.0,514.0,539.0,480.0,F,T,T,F,T,F,F,F,T,4.0,5.0,3.0,0.0,5.0,4.0,,1.0,0.0,4.0,2.0,4.0,2.0,0.0,0.0,3.0,7.0,1.0,4.0,7.0,0.0,6.0,5.0,0.0,0.0,1.0,1.0,7.0,0.0,1.0,3.0,2.0,7.0,7.0,2.0,0.0,7.0,2.0,3.0,2.0
2987315,0,10112310,54.51,S,4670.0,374.0,150.0,discover,134.0,credit,414.0,87.0,166.73328,,hotmail.com,yahoo.com,31.0,13.0,14.0,36.0,26.0,5.0,18.0,4.0,28.0,35.0,14.0,33.0,16.0,8.0,408.0,215.0,433.0,147.0,315.0,254.0,144.0,409.0,50.0,362.0,491.0,104.0,153.0,318.0,258.0,T,F,F,F,F,T,T,T,T,5.0,6.0,3.0,0.0,3.0,0.0,2.0,2.0,0.0,1.0,3.0,1.0,2.0,6.0,4.0,0.0,0.0,5.0,1.0,4.0,2.0,0.0,0.0,0.0,1.0,3.0,6.0,6.0,4.0,1.0,4.0,1.0,6.0,0.0,4.0,1.0,3.0,5.0,5.0,6.0
2987316,0,10122565,161.54,H,7833.0,440.0,150.0,american express,125.0,debit,134.0,87.0,3.6057692,133.8044,yahoo.com,gmail.com,32.0,29.0,29.0,26.0,21.0,39.0,0.0,19.0,39.0,10.0,23.0,8.0,35.0,18.0,177.0,320.0,231.0,,152.0,41.0,11.0,597.0,137.0,238.0,293.0,294.0,257.0,244.0,350.0,F,F,F,T,T,T,F,F,T,1.0,7.0,2.0,3.0,3.0,2.0,,7.0,0.0,6.0,0.0,7.0,2.0,6.0,0.0,7.0,3.0,5.0,1.0,1.0,1.0,4.0,0.0,2.0,1.0,6.0,3.0,2.0,6.0,3.0,1.0,2.0,4.0,2.0,6.0,5.0,6.0,2.0,5.0,6.0
2987317,0,10164201,29.56,W,16962.0,175.0,185.0,mastercard,168.0,debit,364.0,87.0,28.52467,,hotmail.com,yahoo.com,26.0,30.0,21.0,34.0,14.0,18.0,27.0,28.0,28.0,28.0,18.0,4.0,11.0,17.0,66.0,99.0,269.0,,148.0,91.0,379.0,377.0,28.0,527.0,277.0,99.0,414.0,491.0,313.0,F,F,F,T,T,F,T,F,F,4.0,3.0,6.0,1.0,7.0,4.0,1.0,1.0,1.0,6.0,1.0,3.0,4.0,5.0,1.0,6.0,3.0,2.0,4.0,5.0,7.0,0.0,2.0,4.0,6.0,7.0,0.0,4.0,6.0,4.0,2.0,0.0,0.0,1.0,4.0,6.0,4.0,5.0,0.0,0.0
2987318,0,10294094,132.46,S,11687.0,548.0,150.0,mastercard,178.0,debit,128.0,87.0,14.744697,318.05084,anonymous.com,hotmail.com,26.0,8.0,26.0,23.0,30.0,38.0,14.0,22.0,33.0,31.0,13.0,9.0,17.0,37.0,196.0,138.0,263.0,443.0,226.0,188.0,119.0,30.0,550.0,69.0,154.0,146.0,278.0,181.0,303.0,F,F,F,T,T,T,T,F,T,0.0,1.0,0.0,3.0,2.0,0.0,3.0,4.0,3.0,0.0,1.0,0.0,2.0,4.0,5.0,7.0,1.0,6.0,3.0,7.0,1.0,4.0,4.0,7.0,2.0,4.0,2.0,7.0,4.0,6.0,1.0,2.0,6.0,3.0,0.0,7.0,7.0,4.0,1.0,6.0
2987319,0,10302336,115.02,H,15807.0,201.0,150.0,visa,212.0,debit,403.0,87.0,25.857002,,gmail.com,hotmail.com,27.0,21.0,17.0,2.0,26.0,39.0,30.0,22.0,35.0,27.0,19.0,23.0,36.0,8.0,475.0,67.0,94.0,,208.0,132.0,329.0,485.0,164.0,508.0,126.0,58.0,325.0,487.0,262.0,F,T,F,F,T,T,T,T,F,5.0,4.0,3.0,4.0,2.0,0.0,,2.0,2.0,7.0,1.0,7.0,2.0,3.0,7.0,0.0,2.0,3.0,6.0,2.0,7.0,4.0,7.0,5.0,2.0,5.0,0.0,5.0,4.0,3.0,6.0,6.0,5.0,7.0,6.0,1.0,4.0,2.0,4.0,1.0
2987320,0,10304914,19.1,C,5318.0,504.0,185.0,mastercard,154.0,credit,201.0,87.0,7.423848,,gmail.com,yahoo.com,23.0,39.0,2.0,13.0,36.0,2.0,4.0,36.0,39.0,3.0,21.0,38.0,38.0,13.0,591.0,254.0,138.0,,122.0,209.0,582.0,468.0,318.0,3.0,22.0,532.0,204.0,598.0,453.0,F,T,T,F,F,T,T,T,F,6.0,5.0,1.0,2.0,2.0,3.0,,3.0,2.0,6.0,2.0,0.0,5.0,0.0,4.0,3.0,1.0,2.0,0.0,4.0,0.0,6.0,7.0,3.0,2.0,3.0,7.0,7.0,5.0,3.0,6.0,4.0,6.0,3.0,6.0,4.0,7.0,6.0,6.0,3.0
2987321,0,10321365,159.38,R,15761.0,,185.0,visa,225.0,debit,142.0,87.0,45.71171,19.138885,aol.com,hotmail.com,9.0,10.0,0.0,32.0,13.0,20.0,11.0,9.0,23.0,14.0,9.0,6.0,26.0,0.0,565.0,165.0,177.0,97.0,565.0,38.0,2.0,390.0,285.0,458.0,230.0,441.0,502.0,233.0,512.0,F,T,F,T,F,T,F,F,F,6.0,7.0,6.0,0.0,2.0,7.0,4.0,1.0,6.0,3.0,6.0,7.0,2.0,6.0,7.0,6.0,1.0,4.0,7.0,5.0,6.0,1.0,6.0,2.0,6.0,7.0,7.0,0.0,1.0,1.0,1.0,6.0,1.0,2.0,6.0,3.0,5.0,2.0,0.0,7.0
2987322,0,10322380,117.73,C,2261.0,170.0,185.0,american express,185.0,debit,129.0,87.0,42.86172,,hotmail.com,hotmail.com,11.0,27.0,1.0,1.0,9.0,16.0,2.0,11.0,28.0,13.0,25.0,1.0,27.0,6.0,355.0,134.0,3.0,326.0,197.0,366.0,346.0,537.0,413.0,469.0,592.0,130.0,378.0,380.0,542.0,T,T,T,T,T,F,T,T,F,0.0,0.0,4.0,7.0,4.0,2.0,,4.0,3.0,3.0,3.0,2.0,0.0,7.0,6.0,4.0,4.0,1.0,1.0,1.0,3.0,6.0,2.0,1.0,5.0,6.0,2.0,1.0,2.0,0.0,6.0,5.0,1.0,0.0,0.0,5.0,0.0,5.0,2.0,1.0
2987323,0,10353424,61.08,R,4961.0,462.0,150.0,discover,109.0,credit,182.0,87.0,13.492661,,aol.com,yahoo.com,29.0,6.0,22.0,3.0,18.0,19.0,11.0,24.0,38.0,13.0,12.0,21.0,24.0,39.0,54.0,329.0,300.0,577.0,150.0,69.0,596.0,461.0,537.0,244.0,562.0,72.0,576.0,468.0,265.0,F,F,F,T,T,F,T,F,F,7.0,5.0,5.0,2.0,5.0,7.0,,4.0,5.0,0.0,6.0,0.0,0.0,7.0,6.0,2.0,7.0,5.0,3.0,4.0,0.0,5.0,4.0,1.0,3.0,7.0,7.0,0.0,0.0,6.0,2.0,7.0,2.0,3.0,6.0,5.0,1.0,2.0,0.0,4.0
2987324,0,10361555,23.6,S,10100.0,,185.0,visa,203.0,credit,337.0,87.0,6.4370837,297.73407,anonymous.com,hotmail.com,24.0,33.0,20.0,33.0,20.0,12.0,36.0,19.0,15.0,35.0,10.0,39.0,11.0,33.0,580.0,298.0,285.0,,363.0,130.0,200.0,139.0,194.0,168.0,414.0,510.0,467.0,470.0,204.0,T,F,T,F,F,T,F,F,F,3.0,4.0,0.0,6.0,1.0,6.0,5.0,4.0,4.0,7.0,6.0,1.0,6.0,2.0,7.0,6.0,3.0,7.0,2.0,4.0,4.0,5.0,0.0,0.0,6.0,6.0,5.0,2.0,6.0,5.0,5.0,0.0,2.0,1.0,3.0,0.0,6.0,1.0,3.0,6.0
2987325,0,10371984,21.22,S,1879.0,,150.0,visa,180.0,debit,133.0,87.0,22.886177,39.24419,anonymous.com,yahoo.com,9.0,6.0,29.0,2.0,18.0,22.0,19.0,39.0,4.0,0.0,16.0,22.0,35.0,10.0,91.0,126.0,197.0,,480.0,586.0,488.0,252.0,474.0,85.0,218.0,400.0,220.0,123.0,49.0,F,F,F,T,F,T,T,F,F,0.0,4.0,3.0,4.0,7.0,2.0,,2.0,1.0,0.0,7.0,5.0,7.0,1.0,0.0,2.0,5.0,7.0,7.0,2.0,5.0,5.0,3.0,7.0,0.0,4.0,7.0,6.0,4.0,4.0,7.0,1.0,0.0,1.0,6.0,1.0,0.0,4.0,3.0,3.0
2987326,0,10417966,30.22,C,15933.0,,185.0,american express,154.0,debit,453.0,87.0,27.414062,48.722424,aol.com,hotmail.com,35.0,11.0,35.0,38.0,33.0,19.0,17.0,2.0,35.0,21.0,4.0,36.0,1.0,28.0,160.0,419.0,,184.0,278.0,3.0,496.0,304.0,174.0,203.0,312.0,531.0,196.0,577.0,265.0,T,T,T,F,F,T,F,F,T,4.0,0.0,0.0,5.0,2.0,1.0,4.0,4.0,7.0,7.0,4.0,4.0,5.0,5.0,1.0,7.0,5.0,3.0,5.0,2.0,6.0,4.0,0.0,0.0,5.0,7.0,1.0,7.0,6.0,3.0,6.0,3.0,1.0,1.0,6.0,4.0,1.0,7.0,1.0,0.0
2987327,0,10597669,99.17,S,16093.0,576.0,185.0,american express,165.0,credit,365.0,87.0,27.972746,305.77206,anonymous.com,yahoo.com,39.0,18.0,6.0,30.0,1.0,7.0,10.0,4.0,25.0,39.0,24.0,25.0,2.0,23.0,584.0,206.0,581.0,,400.0,167.0,291.0,293.0,118.0,401.0,454.0,107.0,53.0,301.0,595.0,F,F,F,F,T,F,F,F,F,4.0,0.0,2.0,6.0,0.0,6.0,1.0,5.0,3.0,5.0,6.0,1.0,0.0,0.0,3.0,0.0,6.0,2.0,0.0,5.0,1.0,0.0,7.0,6.0,2.0,4.0,0.0,4.0,3.0,4.0,1.0,4.0,3.0,5.0,7.0,4.0,6.0,2.0,7.0,0.0
2987328,0,10625165,19.08,R,10421.0,,150.0,american express,142.0,credit,230.0,87.0,26.253113,,yahoo.com,gmail.com,25.0,14.0,38.0,26.0,21.0,11.0,10.0,13.0,17.0,35.0,29.0,1.0,24.0,36.0,302.0,204.0,407.0,16.0,57.0,300.0,184.0,383.0,63.0,434.0,1.0,215.0,373.0,25.0,156.0,T,F,T,T,F,T,F,F,T,3.0,4.0,7.0,2.0,5.0,6.0,1.0,5.0,6.0,7.0,3.0,2.0,4.0,0.0,4.0,5.0,6.0,3.0,6.0,6.0,4.0,6.0,3.0,4.0,3.0,4.0,7.0,3.0,7.0,6.0,1.0,6.0,7.0,5.0,0.0,7.0,2.0,0.0,6.0,4.0
2987329,0,10647007,88.35,H,6320.0,,150.0,visa,185.0,credit,534.0,87.0,5.7170315,,hotmail.com,gmail.com,9.0,6.0,37.0,21.0,17.0,5.0,26.0,18.0,28.0,24.0,38.0,17.0,33.0,12.0,118.0,286.0,,17.0,319.0,184.0,408.0,420.0,223.0,108.0,553.0,70.0,449.0,70.0,506.0,F,F,T,F,T,T,T,F,F,5.0,1.0,5.0,1.0,1.0,5.0,3.0,4.0,0.0,2.0,5.0,1.0,2.0,6.0,7.0,0.0,7.0,0.0,5.0,3.0,4.0,3.0,5.0,4.0,1.0,5.0,2.0,7.0,7.0,1.0,0.0,0.0,1.0,5.0,4.0,6.0,1.0,0.0,4.0,0.0
2987330,0,10647330,13.93,H,2721.0,,150.0,visa,179.0,credit,389.0,87.0,27.248363,99.3458,yahoo.com,hotmail.com,37.0,25.0,24.0,3.0,8.0,33.0,39.0,35.0,1.0,39.0,11.0,30.0,32.0,39.0,301.0,83.0,,465.0,39.0,192.0,371.0,62.0,336.0,6.0,522.0,254.0,212.0,436.0,453.0,T,F,T,F,T,F,T,T,T,4.0,4.0,0.0,7.0,6.0,7.0,,2.0,6.0,7.0,6.0,5.0,2.0,7.0,0.0,7.0,6.0,5.0,0.0,1.0,3.0,0.0,0.0,7.0,0.0,1.0,4.0,4.0,4.0,3.0,6.0,0.0,1.0,0.0,5.0,0.0,1.0,3.0,6.0,0.0
2987331,0,10694263,43.62,R,11769.0,250.0,150.0,visa,162.0,debit,395.0,87.0,18.335567,,yahoo.com,gmail.com,9.0,0.0,21.0,16.0,25.0,27.0,29.0,19.0,19.0,16.0,21.0,20.0,27.0,14.0,47.0,252.0,223.0,,82.0,76.0,285.0,341.0,468.0,336.0,582.0,97.0,12.0,256.0,396.0,F,F,F,T,T,F,F,F,T,1.0,0.0,2.0,5.0,7.0,0.0,7.0,4.0,5.0,3.0,1.0,6.0,7.0,3.0,1.0,2.0,7.0,3.0,6.0,6.0,7.0,4.0,7.0,6.0,5.0,6.0,7.0,4.0,6.0,1.0,4.0,6.0,6.0,7.0,4.0,4.0,2.0,6.0,2.0,7.0
2987332,0,10699970,61.6,R,10355.0,560.0,150.0,american express,139.0,credit,176.0,87.0,66.19869,,anonymous.com,hotmail.com,17.0,39.0,7.0,32.0,32.0,15.0,29.0,17.0,10.0,24.0,20.0,7.0,15.0,28.0,189.0,349.0,,581.0,355.0,254.0,115.0,23.0,509.0,348.0,56.0,2.0,495.0,64.0,339.0,T,T,T,T,F,T,T,F,F,4.0,6.0,6.0,2.0,5.0,3.0,2.0,4.0,1.0,2.0,0.0,2.0,6.0,4.0,2.0,0.0,7.0,0.0,0.0,1.0,3.0,7.0,4.0,1.0,6.0,2.0,2.0,0.0,5.0,0.0,1.0,4.0,0.0,4.0,6.0,3.0,6.0,5.0,7.0,4.0
2987333,0,10700798,804.04,R,14223.0,338.0,185.0,american express,155.0,debit,412.0,87.0,0.034890916,82.959625,gmail.com,gmail.com,34.0,2.0,7.0,36.0,21.0,15.0,18.0,6.0,11.0,21.0,29.0,7.0,14.0,15.0,571.0,77.0,,375.0,122.0,453.0,446.0,306.0,316.0,588.0,568.0,305.0,133.0,312.0,453.0,T,T,T,T,T,T,T,T,F,2.0,2.0,1.0,5.0,6.0,4.0,5.0,7.0,6.0,2.0,1.0,7.0,5.0,4.0,5.0,6.0,5.0,4.0,3.0,0.0,3.0,5.0,0.0,7.0,7.0,5.0,0.0,1.0,5.0,5.0,4.0,3.0,0.0,4.0,5.0,3.0,3.0,1.0,3.0,3.0
2987334,0,10705399,12.0,S,11484.0,485.0,150.0,american express,169.0,debit,346.0,87.0,3.7583768,,anonymous.com,yahoo.com,20.0,13.0,0.0,17.0,3.0,3.0,3.0,17.0,38.0,1.0,24.0,26.0,17.0,26.0,179.0,338.0,462.0,557.0,21.0,352.0,126.0,253.0,245.0,456.0,368.0,587.0,349.0,359.0,59.0,T,F,T,T,F,T,F,T,T,0.0,3.0,6.0,3.0,3.0,0.0,,3.0,5.0,7.0,5.0,3.0,4.0,1.0,7.0,7.0,3.0,5.0,1.0,2.0,4.0,1.0,2.0,1.0,1.0,6.0,6.0,5.0,1.0,5.0,4.0,1.0,7.0,7.0,0.0,0.0,7.0,6.0,3.0,0.0
2987335,0,10736562,275.67,C,3232.0,,150.0,visa,166.0,credit,533.0,87.0,17.704033,,hotmail.com,yahoo.com,9.0,37.0,25.0,33.0,3.0,11.0,28.0,21.0,22.0,1.0,32.0,18.0,10.0,13.0,535.0,23.0,,,107.0,554.0,80.0,123.0,104.0,330.0,333.0,387.0,31.0,47.0,76.0,T,T,T,T,F,F,T,T,F,2.0,2.0,2.0,6.0,2.0,7.0,,2.0,7.0,3.0,3.0,0.0,4.0,1.0,7.0,7.0,2.0,1.0,0.0,6.0,7.0,6.0,1.0,4.0,6.0,0.0,3.0,5.0,7.0,6.0,4.0,5.0,2.0,2.0,1.0,6.0,5.0,1.0,4.0,6.0
2987336,0,10768567,64.38,C,3118.0,,185.0,visa,143.0,credit,310.0,87.0,26.741045,77.22906,yahoo.com,yahoo.com,3.0,6.0,17.0,31.0,16.0,36.0,32.0,23.0,5.0,35.0,34.0,22.0,16.0,33.0,325.0,362.0,339.0,152.0,463.0,419.0,40.0,594.0,548.0,355.0,107.0,454.0,37.0,210.0,117.0,T,T,F,F,T,F,F,T,T,7.0,3.0,3.0,4.0,4.0,4.0,,5.0,1.0,3.0,2.0,2.0,7.0,2.0,5.0,3.0,4.0,3.0,4.0,6.0,6.0,6.0,0.0,5.0,0.0,2.0,0.0,3.0,1.0,0.0,5.0,6.0,2.0,4.0,5.0,1.0,2.0,4.0,4.0,4.0
2987337,0,10899747,85.82,C,14586.0,212.0,150.0,american express,181.0,debit,398.0,87.0,22.047585,39.8002,gmail.com,gmail.com,14.0,2.0,7.0,2.0,26.0,1.0,20.0,24.0,14.0,6.0,4.0,14.0,4.0,25.0,393.0,21.0,1.0,,352.0,473.0,267.0,154.0,237.0,387.0,295.0,487.0,538.0,277.0,459.0,T,F,T,F,F,F,F,F,T,4.0,4.0,7.0,2.0,2.0,2.0,,5.0,7.0,5.0,6.0,6.0,5.0,6.0,6.0,0.0,6.0,7.0,5.0,2.0,5.0,2.0,0.0,1.0,6.0,7.0,2.0,5.0,5.0,1.0,1.0,0.0,0.0,0.0,2.0,7.0,1.0,6.0,4.0,1.0
2987338,0,10923211,62.19,W,3767.0,466.0,185.0,american express,131.0,debit,250.0,87.0,36.995018,504.04144,anonymous.com,gmail.com,26.0,29.0,5.0,24.0,12.0,5.0,3.0,17.0,9.0,14.0,14.0,13.0,12.0,11.0,421.0,105.0,,,229.0,259.0,72.0,33.0,458.0,271.0,217.0,583.0,403.0,468.0,259.0,T,F,T,F,F,T,F,F,F,2.0,5.0,5.0,5.0,7.0,1.0,,3.0,6.0,4.0,0.0,6.0,4.0,3.0,3.0,1.0,6.0,5.0,3.0,4.0,0.0,4.0,5.0,5.0,4.0,2.0,4.0,5.0,4.0,4.0,3.0,0.0,3.0,3.0,2.0,7.0,7.0,6.0,6.0,6.0
2987339,0,10949043,89.05,C,17330.0,122.0,185.0,discover,170.0,credit,117.0,87.0,8.595963,,aol.com,yahoo.com,28.0,2.0,2.0,24.0,12.0,33.0,28.0,6.0,36.0,24.0,26.0,26.0,37.0,38.0,330.0,210.0,371.0,447.0,584.0,367.0,201.0,215.0,375.0,406.0,592.0,77.0,3.0,391.0,124.0,T,T,T,F,F,T,T,T,T,2.0,5.0,2.0,6.0,3.0,0.0,0.0,0.0,2.0,4.0,1.0,5.0,0.0,5.0,4.0,0.0,4.0,6.0,2.0,7.0,2.0,6.0,6.0,5.0,6.0,5.0,7.0,0.0,0.0,6.0,5.0,6.0,7.0,2.0,7.0,6.0,7.0,5.0,2.0,1.0
2987340,0,11065245,46.11,W,2843.0,,185.0,visa,117.0,debit,156.0,87.0,14.743171,488.37344,anonymous.com,yahoo.com,8.0,35.0,25.0,21.0,34.0,20.0,36.0,6.0,11.0,23.0,21.0,0.0,28.0,28.0,20.0,368.0,,,231.0,346.0,145.0,454.0,558.0,117.0,203.0,150.0,60.0,52.0,26.0,F,T,T,T,T,T,F,T,T,6.0,7.0,0.0,2.0,3.0,4.0,,5.0,2.0,3.0,3.0,3.0,7.0,1.0,1.0,0.0,0.0,3.0,4.0,5.0,0.0,1.0,5.0,7.0,0.0,4.0,1.0,6.0,6.0,7.0,7.0,7.0,7.0,1.0,0.0,0.0,0.0,2.0,5.0,4.0
2987341,0,11090840,270.28,W,13673.0,276.0,150.0,visa,166.0,credit,481.0,87.0,17.461653,541.41705,hotmail.com,hotmail.com,6.0,18.0,27.0,30.0,0.0,1.0,8.0,6.0,14.0,20.0,19.0,17.0,5.0,17.0,551.0,431.0,146.0,567.0,526.0,487.0,275.0,5.0,583.0,498.0,130.0,369.0,295.0,368.0,293.0,F,F,F,T,F,T,T,F,F,5.0,1.0,1.0,6.0,5.0,7.0,,5.0,2.0,1.0,7.0,6.0,6.0,7.0,4.0,1.0,2.0,3.0,1.0,6.0,0.0,2.0,5.0,7.0,6.0,6.0,4.0,5.0,0.0,6.0,1.0,1.0,5.0,4.0,4.0,3.0,2.0,6.0,1.0,4.0
2987342,0,11107565,33.05,H,17969.0,,150.0,visa,209.0,debit,424.0,87.0,35.496185,55.861397,anonymous.com,yahoo.com,28.0,34.0,25.0,35.0,3.0,19.0,6.0,24.0,13.0,39.0,6.0,14.0,11.0,5.0,285.0,281.0,,464.0,206.0,300.0,466.0,295.0,424.0,517.0,567.0,492.0,408.0,541.0,239.0,T,F,T,F,F,T,F,F,F,6.0,6.0,3.0,1.0,1.0,0.0,2.0,7.0,3.0,7.0,5.0,5.0,2.0,7.0,2.0,4.0,4.0,3.0,0.0,0.0,6.0,3.0,0.0,3.0,3.0,4.0,1.0,1.0,4.0,7.0,4.0,5.0,5.0,1.0,2.0,0.0,5.0,3.0,1.0,2.0
2987343,0,11141412,189.7,W,8677.0,455.0,185.0,discover,214.0,credit,260.0,87.0,75.185165,79.68508,hotmail.com,gmail.com,6.0,9.0,4.0,22.0,6.0,29.0,29.0,34.0,7.0,31.0,22.0,31.0,10.0,38.0,393.0,78.0,225.0,228.0,15.0,242.0,270.0,250.0,397.0,260.0,112.0,464.0,254.0,32.0,106.0,T,T,T,F,T,T,F,T,F,4.0,4.0,1.0,1.0,4.0,3.0,4.0,4.0,7.0,3.0,5.0,6.0,2.0,3.0,7.0,6.0,3.0,3.0,1.0,1.0,6.0,0.0,1.0,5.0,4.0,3.0,2.0,1.0,6.0,6.0,7.0,6.0,5.0,7.0,0.0,4.0,7.0,2.0,3.0,7.0
2987344,0,11178725,26.87,R,1986.0,279.0,185.0,american express,197.0,debit,407.0,87.0,32.8666,,yahoo.com,gmail.com,2.0,5.0,1.0,12.0,39.0,13.0,13.0,35.0,31.0,37.0,29.0,29.0,11.0,30.0,332.0,232.0,163.0,421.0,66.0,42.0,334.0,519.0,82.0,274.0,542.0,436.0,523.0,591.0,13.0,T,F,F,T,F,T,T,F,F,7.0,2.0,7.0,6.0,6.0,5.0,,4.0,6.0,7.0,5.0,4.0,7.0,1.0,2.0,4.0,3.0,1.0,0.0,0.0,0.0,1.0,0.0,6.0,4.0,0.0,2.0,7.0,1.0,2.0,4.0,0.0,5.0,1.0,2.0,6.0,7.0,4.0,4.0,5.0
2987345,0,11190651,51.1,H,16254.0,109.0,150.0,discover,204.0,debit,101.0,87.0,1.4751829,,yahoo.com,yahoo.com,19.0,38.0,4.0,39.0,19.0,15.0,28.0,12.0,23.0,26.0,1.0,17.0,27.0,26.0,395.0,472.0,423.0,,164.0,515.0,85.0,1.0,9.0,298.0,577.0,187.0,391.0,57.0,452.0,F,T,F,F,T,F,F,F,T,5.0,7.0,0.0,4.0,6.0,3.0,,1.0,1.0,3.0,2.0,4.0,7.0,7.0,3.0,1.0,2.0,0.0,6.0,7.0,3.0,4.0,7.0,0.0,5.0,3.0,4.0,2.0,2.0,4.0,1.0,1.0,4.0,0.0,3.0,4.0,2.0,4.0,5.0,2.0
2987346,0,11238000,16.79,H,4259.0,262.0,185.0,mastercard,109.0,debit,116.0,87.0,16.551197,,yahoo.com,yahoo.com,22.0,30.0,30.0,38.0,6.0,25.0,28.0,3.0,17.0,39.0,23.0,10.0,35.0,33.0,212.0,54.0,289.0,,111.0,261.0,67.0,10.0,327.0,490.0,184.0,218.0,368.0,373.0,467.0,F,F,T,T,F,F,F,T,F,3.0,5.0,4.0,0.0,1.0,5.0,5.0,3.0,1.0,4.0,3.0,7.0,3.0,6.0,3.0,4.0,0.0,6.0,4.0,2.0,2.0,2.0,5.0,5.0,4.0,4.0,5.0,0.0,4.0,5.0,4.0,1.0,1.0,3.0,3.0,0.0,7.0,1.0,1.0,1.0
2987347,0,11245302,90.06,R,10177.0,319.0,185.0,american express,147.0,credit,323.0,87.0,24.05932,76.972755,aol.com,hotmail.com,9.0,36.0,29.0,27.0,12.0,23.0,10.0,25.0,15.0,24.0,36.0,9.0,28.0,24.0,506.0,429.0,334.0,,94.0,479.0,585.0,339.0,423.0,105.0,413.0,47.0,173.0,210.0,147.0,F,T,F,F,T,T,T,T,T,2.0,1.0,7.0,5.0,0.0,5.0,7.0,0.0,0.0,4.0,7.0,7.0,1.0,4.0,7.0,1.0,3.0,4.0,1.0,3.0,0.0,1.0,7.0,7.0,3.0,5.0,0.0,0.0,7.0,2.0,0.0,6.0,6.0,3.0,1.0,2.0,5.0,7.0,6.0,2.0
2987348,0,11274629,267.64,W,18130.0,371.0,150.0,visa,191.0,credit,374.0,87.0,3.5435543,53.576557,anonymous.com,yahoo.com,8.0,12.0,11.0,25.0,38.0,36.0,1.0,1.0,26.0,21.0,22.0,8.0,19.0,9.0,134.0,231.0,,67.0,230.0,406.0,371.0,107.0,447.0,204.0,478.0,188.0,409.0,438.0,296.0,T,F,F,F,T,T,T,F,F,0.0,1.0,2.0,2.0,1.0,7.0,5.0,4.0,4.0,7.0,5.0,4.0,6.0,2.0,7.0,3.0,3.0,4.0,4.0,4.0,3.0,2.0,7.0,0.0,3.0,6.0,0.0,1.0,3.0,7.0,3.0,6.0,7.0,5.0,5.0,1.0,3.0,6.0,4.0,3.0
2987349,0,11302193,50.14,S,13959.0,422.0,185.0,american express,212.0,credit,512.0,87.0,6.3786216,,gmail.com,yahoo.com,9.0,16.0,2.0,4.0,27.0,9.0,22.0,25.0,3.0,32.0,38.0,10.0,6.0,9.0,391.0,2.0,221.0,3.0,585.0,1.0,9.0,422.0,150.0,368.0,321.0,93.0,524.0,505.0,151.0,T,F,T,T,F,F,F,F,T,6.0,5.0,4.0,2.0,6.0,4.0,2.0,5.0,2.0,0.0,4.0,1.0,5.0,4.0,3.0,7.0,6.0,4.0,3.0,4.0,0.0,0.0,1.0,6.0,0.0,6.0,5.0,5.0,0.0,6.0,4.0,1.0,1.0,5.0,2.0,3.0,3.0,2.0,4.0,4.0
2987350,0,11305706,43.97,S,1805.0,,150.0,american express,181.0,credit,434.0,87.0,24.876076,,aol.com,gmail.com,13.0,23.0,12.0,16.0,8.0,11.0,16.0,15.0,37.0,34.0,14.0,30.0,5.0,3.0,346.0,416.0,91.0,,120.0,390.0,339.0,166.0,301.0,416.0,418.0,562.0,29.0,511.0,245.0,T,F,F,F,T,T,T,F,T,7.0,5.0,0.0,3.0,2.0,5.0,2.0,6.0,6.0,4.0,0.0,3.0,7.0,2.0,7.0,1.0,0.0,3.0,0.0,0.0,5.0,5.0,4.0,0.0,5.0,3.0,2.0,3.0,1.0,4.0,0.0,1.0,0.0,4.0,4.0,2.0,6.0,1.0,5.0,3.0
2987351,0,11371082,16.02,H,15276.0,,185.0,discover,219.0,debit,213.0,87.0,17.529795,43.572426,gmail.com,gmail.com,0.0,17.0,32.0,7.0,9.0,6.0,34.0,33.0,22.0,2.0,0.0,1.0,32.0,2.0,302.0,16.0,100.0,,141.0,292.0,6.0,337.0,517.0,177.0,79.0,54.0,440.0,521.0,65.0,T,F,T,F,T,T,T,F,T,5.0,0.0,5.0,3.0,0.0,2.0,6.0,5.0,6.0,1.0,5.0,4.0,4.0,5.0,6.0,6.0,3.0,7.0,7.0,7.0,7.0,2.0,5.0,3.0,5.0,0.0,4.0,5.0,1.0,3.0,1.0,5.0,6.0,4.0,4.0,6.0,6.0,0.0,5.0,0.0
2987352,0,11419149,42.43,W,3805.0,415.0,185.0,american express,138.0,credit,458.0,87.0,54.35722,,hotmail.com,hotmail.com,0.0,9.0,5.0,20.0,2.0,26.0,14.0,25.0,9.0,36.0,27.0,1.0,27.0,29.0,13.0,221.0,,,597.0,143.0,46.0,22.0,57.0,70.0,309.0,218.0,527.0,489.0,567.0,F,T,T,F,F,F,T,F,F,3.0,5.0,7.0,7.0,4.0,1.0,,6.0,1.0,6.0,2.0,5.0,4.0,6.0,6.0,2.0,6.0,3.0,7.0,3.0,3.0,5.0,5.0,6.0,4.0,2.0,0.0,1.0,6.0,6.0,7.0,7.0,0.0,6.0,4.0,1.0,7.0,3.0,3.0,5.0
2987353,0,11459203,9.47,W,14038.0,488.0,185.0,discover,121.0,credit,316.0,87.0,45.96141,64.27214,gmail.com,yahoo.com,14.0,15.0,31.0,33.0,30.0,21.0,9.0,29.0,21.0,27.0,8.0,21.0,20.0,34.0,233.0,117.0,303.0,588.0,120.0,158.0,224.0,416.0,230.0,304.0,307.0,532.0,259.0,185.0,432.0,T,T,F,F,F,T,F,T,F,1.0,4.0,6.0,3.0,7.0,0.0,4.0,5.0,5.0,4.0,3.0,2.0,1.0,3.0,7.0,5.0,2.0,4.0,6.0,7.0,1.0,6.0,5.0,7.0,5.0,3.0,4.0,1.0,6.0,1.0,5.0,6.0,6.0,5.0,4.0,2.0,3.0,1.0,3.0,3.0
2987354,0,11486034,20.0,C,11804.0,361.0,150.0,mastercard,112.0,credit,463.0,87.0,66.03721,,yahoo.com,yahoo.com,0.0,24.0,18.0,8.0,5.0,13.0,34.0,16.0,34.0,35.0,0.0,8.0,23.0,6.0,28.0,350.0,250.0,,498.0,382.0,393.0,310.0,566.0,383.0,339.0,573.0,459.0,279.0,540.0,T,T,F,T,F,T,F,T,T,5.0,7.0,1.0,2.0,1.0,0.0,6.0,6.0,6.0,7.0,5.0,0.0,4.0,0.0,2.0,2.0,2.0,4.0,6.0,6.0,3.0,3.0,3.0,5.0,2.0,7.0,7.0,3.0,3.0,1.0,3.0,1.0,7.0,1.0,2.0,1.0,2.0,7.0,1.0,2.0
2987355,0,11577687,70.07,W,6008.0,505.0,150.0,mastercard,181.0,credit,176.0,87.0,4.716299,108.07782,anonymous.com,yahoo.com,12.0,1.0,5.0,39.0,11.0,27.0,29.0,33.0,6.0,28.0,7.0,33.0,33.0,22.0,301.0,33.0,191.0,595.0,372.0,51.0,372.0,0.0,119.0,459.0,566.0,226.0,214.0,431.0,177.0,T,T,F,T,F,F,T,F,F,1.0,5.0,2.0,6.0,0.0,6.0,1.0,3.0,7.0,2.0,3.0,6.0,2.0,4.0,4.0,1.0,0.0,1.0,4.0,5.0,7.0,7.0,0.0,5.0,1.0,6.0,3.0,6.0,6.0,3.0,1.0,3.0,0.0,3.0,3.0,7.0,6.0,7.0,4.0,4.0
2987356,0,11603405,232.97,S,8370.0,,185.0,american express,193.0,credit,111.0,87.0,47.585857,,aol.com,gmail.com,23.0,13.0,37.0,5.0,13.0,15.0,24.0,21.0,20.0,37.0,37.0,30.0,32.0,4.0,412.0,54.0,432.0,,556.0,363.0,474.0,159.0,190.0,1.0,494.0,279.0,115.0,101.0,523.0,T,T,T,T,T,F,T,T,F,4.0,7.0,5.0,4.0,1.0,0.0,,4.0,5.0,1.0,4.0,7.0,1.0,6.0,2.0,3.0,4.0,1.0,6.0,5.0,1.0,1.0,7.0,2.0,7.0,7.0,4.0,4.0,7.0,1.0,0.0,0.0,6.0,5.0,4.0,2.0,2.0,6.0,1.0,6.0
2987357,0,11618791,1200.07,C,3050.0,455.0,185.0,discover,139.0,credit,125.0,87.0,4.04554,14.83135,aol.com,yahoo.com,1.0,11.0,20.0,3.0,24.0,7.0,38.0,25.0,23.0,11.0,31.0,30.0,3.0,16.0,313.0,318.0,,,333.0,507.0,107.0,35.0,280.0,10.0,361.0,314.0,489.0,346.0,310.0,F,T,T,T,F,T,F,T,F,2.0,0.0,6.0,0.0,1.0,3.0,0.0,5.0,2.0,5.0,0.0,0.0,6.0,1.0,2.0,3.0,6.0,1.0,4.0,7.0,5.0,7.0,5.0,6.0,7.0,7.0,2.0,6.0,6.0,3.0,3.0,1.0,1.0,2.0,0.0,7.0,6.0,2.0,5.0,0.0
2987358,0,11624476,28.64,C,18170.0,122.0,185.0,visa,209.0,credit,535.0,87.0,3.7850688,128.70773,aol.com,yahoo.com,24.0,2.0,26.0,38.0,24.0,21.0,31.0,14.0,32.0,7.0,11.0,18.0,15.0,31.0,454.0,596.0,461.0,433.0,356.0,52.0,115.0,26.0,413.0,231.0,242.0,493.0,186.0,318.0,118.0,F,F,F,F,F,F,T,T,F,6.0,6.0,3.0,5.0,1.0,4.0,0.0,4.0,7.0,1.0,1.0,2.0,2.0,7.0,3.0,4.0,3.0,2.0,1.0,2.0,0.0,2.0,6.0,5.0,6.0,1.0,2.0,0.0,0.0,3.0,4.0,4.0,2.0,6.0,5.0,5.0,4.0,5.0,3.0,7.0
2987359,0,11639347,264.76,S,5147.0,,150.0,american express,203.0,debit,135.0,87.0,10.319293,14.440752,yahoo.com,gmail.com,24.0,4.0,3.0,4.0,31.0,17.0,34.0,17.0,22.0,7.0,23.0,17.0,1.0,32.0,216.0,23.0,,97.0,135.0,4.0,319.0,419.0,153.0,338.0,242.0,461.0,454.0,590.0,199.0,F,T,T,T,F,T,T,F,T,7.0,2.0,7.0,4.0,1.0,5.0,,4.0,2.0,2.0,4.0,3.0,1.0,2.0,0.0,1.0,3.0,1.0,1.0,2.0,2.0,2.0,1.0,7.0,0.0,0.0,0.0,3.0,0.0,4.0,1.0,2.0,4.0,3.0,3.0,2.0,4.0,3.0,1.0,5.0
2987360,0,11670898,71.39,S,6371.0,,150.0,visa,150.0,credit,513.0,87.0,5.356629,27.451393,gmail.com,yahoo.com,22.0,19.0,14.0,29.0,11.0,16.0,31.0,33.0,29.0,10.0,13.0,17.0,15.0,37.0,183.0,276.0,285.0,,344.0,36.0,521.0,256.0,475.0,2.0,12.0,314.0,189.0,29.0,486.0,T,T,F,F,F,F,F,F,T,1.0,4.0,1.0,4.0,5.0,0.0,,6.0,6.0,2.0,7.0,6.0,7.0,5.0,1.0,7.0,5.0,1.0,6.0,5.0,3.0,7.0,0.0,4.0,4.0,4.0,3.0,3.0,5.0,3.0,6.0,4.0,5.0,2.0,2.0,4.0,1.0,2.0,3.0,4.0
2987361,0,11710911,46.23,C,9750.0,,185.0,discover,133.0,debit,419.0,87.0,39.279015,7.098396,aol.com,yahoo.com,25.0,4.0,25.0,30.0,15.0,17.0,16.0,15.0,30.0,8.0,7.0,7.0,25.0,12.0,268.0,481.0,519.0,,402.0,438.0,433.0,481.0,141.0,104.0,330.0,222.0,239.0,56.0,464.0,F,F,T,T,F,F,F,F,T,2.0,7.0,5.0,1.0,1.0,6.0,,1.0,3.0,1.0,6.0,6.0,7.0,5.0,6.0,5.0,3.0,7.0,3.0,1.0,3.0,3.0,7.0,0.0,5.0,2.0,7.0,0.0,3.0,7.0,3.0,2.0,0.0,3.0,0.0,0.0,1.0,4.0,7.0,0.0
2987362,0,11713760,87.87,C,12699.0,410.0,150.0,visa,203.0,credit,164.0,87.0,3.0054827,,aol.com,gmail.com,32.0,13.0,25.0,13.0,15.0,36.0,2.0,0.0,35.0,17.0,39.0,22.0,8.0,37.0,137.0,174.0,,,592.0,508.0,401.0,154.0,220.0,251.0,151.0,223.0,411.0,18.0,432.0,T,F,T,T,F,F,T,T,F,7.0,6.0,3.0,3.0,4.0,3.0,1.0,2.0,7.0,1.0,3.0,2.0,3.0,1.0,1.0,6.0,3.0,2.0,5.0,6.0,1.0,5.0,6.0,4.0,0.0,6.0,0.0,2.0,1.0,2.0,0.0,4.0,0.0,4.0,2.0,7.0,5.0,1.0,4.0,5.0
2987363,0,11720576,58.45,R,9791.0,,185.0,discover,193.0,debit,480.0,87.0,47.731415,151.18852,yahoo.com,yahoo.com,2.0,22.0,2.0,2.0,1.0,8.0,24.0,15.0,14.0,7.0,32.0,34.0,6.0,31.0,481.0,295.0,,196.0,58.0,592.0,56.0,430.0,343.0,167.0,531.0,389.0,204.0,328.0,135.0,F,T,T,T,F,F,T,T,T,0.0,1.0,5.0,5.0,3.0,0.0,,4.0,6.0,5.0,7.0,2.0,2.0,0.0,4.0,6.0,6.0,6.0,1.0,0.0,6.0,6.0,6.0,6.0,7.0,3.0,3.0,2.0,5.0,3.0,1.0,5.0,2.0,5.0,3.0,7.0,2.0,7.0,2.0,5.0
2987364,0,11759150,61.65,H,9789.0,447.0,150.0,mastercard,123.0,credit,163.0,87.0,10.45435,52.179092,gmail.com,hotmail.com,6.0,34.0,24.0,12.0,29.0,11.0,30.0,15.0,28.0,6.0,14.0,10.0,19.0,13.0,485.0,503.0,578.0,44.0,94.0,17.0,526.0,369.0,7.0,426.0,464.0,501.0,484.0,330.0,388.0,T,F,F,T,T,F,T,T,T,4.0,1.0,4.0,5.0,5.0,1.0,0.0,5.0,4.0,6.0,2.0,3.0,1.0,7.0,6.0,5.0,2.0,3.0,3.0,7.0,5.0,3.0,3.0,6.0,6.0,0.0,6.0,3.0,2.0,5.0,6.0,1.0,5.0,2.0,6.0,2.0,5.0,1.0,3.0,4.0
2987365,0,11765040,34.84,S,11138.0,,150.0,mastercard,135.0,debit,163.0,87.0,48.440308,130.02643,anonymous.com,gmail.com,12.0,3.0,37.0,2.0,21.0,22.0,39.0,16.0,9.0,20.0,14.0,2.0,20.0,13.0,249.0,436.0,496.0,200.0,11.0,289.0,590.0,397.0,460.0,20.0,547.0,46.0,23.0,355.0,564.0,F,T,T,F,F,T,F,T,F,1.0,5.0,3.0,5.0,5.0,6.0,5.0,4.0,1.0,3.0,7.0,1.0,5.0,5.0,2.0,1.0,6.0,6.0,0.0,2.0,3.0,2.0,7.0,3.0,2.0,1.0,3.0,1.0,7.0,2.0,2.0,0.0,3.0,1.0,5.0,1.0,7.0,2.0,4.0,6.0
2987366,0,11780368,11.73,S,15923.0,,150.0,discover,168.0,credit,353.0,87.0,21.664402,267.3452,gmail.com,hotmail.com,27.0,17.0,31.0,26.0,19.0,1.0,27.0,2.0,33.0,31.0,32.0,22.0,28.0,4.0,475.0,175.0,,3.0,474.0,28.0,349.0,496.0,401.0,533.0,597.0,461.0,7.0,145.0,29.0,T,F,F,F,T,F,F,T,T,3.0,7.0,6.0,7.0,4.0,7.0,7.0,1.0,1.0,2.0,3.0,3.0,4.0,5.0,3.0,4.0,2.0,6.0,1.0,0.0,3.0,3.0,1.0,1.0,4.0,2.0,6.0,2.0,4.0,5.0,2.0,2.0,2.0,0.0,3.0,3.0,0.0,1.0,1.0,6.0
2987367,0,11879689,9.99,S,7874.0,,185.0,american express,171.0,debit,226.0,87.0,32.138367,22.57821,gmail.com,yahoo.com,34.0,4.0,8.0,35.0,39.0,5.0,22.0,5.0,38.0,5.0,18.0,15.0,0.0,36.0,15.0,450.0,33.0,412.0,49.0,222.0,202.0,424.0,500.0,101.0,240.0,288.0,49.0,184.0,192.0,F,T,F,F,T,T,F,T,F,0.0,4.0,6.0,4.0,7.0,6.0,3.0,6.0,7.0,1.0,0.0,2.0,4.0,2.0,7.0,7.0,4.0,6.0,0.0,4.0,0.0,3.0,6.0,6.0,7.0,0.0,3.0,7.0,1.0,7.0,1.0,0.0,1.0,3.0,1.0,6.0,7.0,4.0,4.0,6.0
2987368,0,11910817,112.01,W,15479.0,,185.0,mastercard,123.0,debit,227.0,87.0,1.7285852,,aol.com,hotmail.com,36.0,17.0,36.0,39.0,7.0,22.0,23.0,12.0,11.0,20.0,15.0,31.0,9.0,8.0,92.0,405.0,,,549.0,184.0,397.0,447.0,164.0,264.0,257.0,87.0,153.0,250.0,48.0,F,F,T,F,F,T,T,F,T,1.0,0.0,6.0,3.0,1.0,2.0,3.0,4.0,6.0,5.0,0.0,0.0,6.0,0.0,6.0,0.0,2.0,2.0,1.0,2.0,5.0,3.0,3.0,6.0,6.0,2.0,4.0,1.0,7.0,3.0,6.0,1.0,7.0,7.0,2.0,5.0,1.0,5.0,0.0,2.0
2987369,0,11928339,40.27,C,14691.0,211.0,150.0,american express,232.0,credit,185.0,87.0,43.38515,,hotmail.com,gmail.com,23.0,19.0,27.0,32.0,38.0,20.0,4.0,16.0,22.0,26.0,15.0,34.0,31.0,10.0,169.0,304.0,178.0,,218.0,363.0,385.0,443.0,238.0,591.0,364.0,57.0,32.0,28.0,62.0,T,F,T,T,F,T,F,T,T,3.0,1.0,0.0,4.0,4.0,7.0,4.0,3.0,4.0,6.0,7.0,5.0,3.0,2.0,7.0,3.0,5.0,0.0,4.0,2.0,1.0,1.0,1.0,7.0,6.0,4.0,7.0,6.0,4.0,1.0,6.0,2.0,5.0,7.0,7.0,0.0,1.0,7.0,6.0,5.0
2987370,0,11963763,28.34,R,17721.0,387.0,150.0,mastercard,154.0,credit,367.0,87.0,13.266013,,gmail.com,hotmail.com,16.0,31.0,2.0,30.0,27.0,26.0,0.0,1.0,32.0,28.0,17.0,38.0,27.0,16.0,232.0,264.0,,,173.0,545.0,557.0,268.0,539.0,397.0,258.0,202.0,228.0,451.0,598.0,F,T,F,F,T,T,T,F,F,0.0,5.0,3.0,2.0,3.0,2.0,0.0,7.0,7.0,4.0,5.0,6.0,5.0,4.0,5.0,1.0,3.0,2.0,0.0,3.0,2.0,7.0,5.0,5.0,7.0,7.0,4.0,4.0,2.0,1.0,1.0,2.0,7.0,4.0,1.0,0.0,6.0,3.0,4.0,0.0
2987371,0,11982575,55.11,W,16888.0,327.0,185.0,visa,153.0,debit,111.0,87.0,4.9174247,20.690968,anonymous.com,yahoo.com,16.0,17.0,5.0,35.0,8.0,4.0,1.0,15.0,1.0,4.0,20.0,15.0,35.0,5.0,139.0,555.0,46.0,495.0,585.0,482.0,66.0,434.0,40.0,599.0,167.0,148.0,14.0,31.0,144.0,T,F,T,T,T,F,F,F,F,6.0,5.0,5.0,2.0,4.0,1.0,,3.0,6.0,3.0,1.0,2.0,5.0,5.0,7.0,6.0,1.0,5.0,1.0,4.0,6.0,4.0,2.0,6.0,5.0,5.0,6.0,0.0,1.0,0.0,5.0,2.0,3.0,4.0,5.0,1.0,1.0,1.0,0.0,4.0
2987372,0,12031650,130.9,C,14888.0,181.0,150.0,visa,108.0,debit,207.0,87.0,12.399875,120.28017,yahoo.com,hotmail.com,2.0,37.0,36.0,30.0,27.0,34.0,36.0,12.0,28.0,29.0,1.0,36.0,32.0,32.0,307.0,524.0,49.0,,432.0,38.0,309.0,505.0,294.0,11.0,424.0,62.0,453.0,400.0,107.0,T,T,T,F,F,T,F,T,F,4.0,7.0,6.0,5.0,1.0,6.0,,1.0,3.0,5.0,7.0,3.0,6.0,2.0,3.0,7.0,5.0,5.0,5.0,1.0,5.0,6.0,1.0,3.0,7.0,0.0,5.0,3.0,4.0,2.0,3.0,0.0,6.0,4.0,4.0,6.0,5.0,0.0,3.0,1.0
2987373,0,12059722,66.58,W,5293.0,,185.0,visa,222.0,credit,343.0,87.0,15.513236,,hotmail.com,hotmail.com,18.0,5.0,8.0,26.0,30.0,19.0,31.0,1.0,32.0,1.0,19.0,4.0,33.0,27.0,476.0,594.0,18.0,598.0,328.0,144.0,425.0,442.0,290.0,431.0,270.0,176.0,91.0,272.0,44.0,T,F,F,F,F,T,T,T,T,3.0,4.0,2.0,2.0,2.0,2.0,3.0,7.0,6.0,7.0,0.0,3.0,5.0,1.0,4.0,0.0,7.0,5.0,1.0,0.0,5.0,5.0,5.0,6.0,7.0,3.0,0.0,4.0,5.0,6.0,1.0,1.0,5.0,1.0,1.0,2.0,0.0,4.0,7.0,2.0
2987374,0,12079520,26.53,S,14472.0,141.0,150.0,discover,132.0,credit,314.0,87.0,8.948882,63.06291,aol.com,gmail.com,20.0,2.0,3.0,39.0,14.0,6.0,10.0,10.0,34.0,9.0,17.0,14.0,20.0,6.0,273.0,405.0,115.0,8.0,533.0,164.0,209.0,364.0,268.0,45.0,565.0,500.0,583.0,599.0,588.0,F,T,T,F,F,T,F,T,F,3.0,3.0,5.0,5.0,7.0,4.0,,3.0,6.0,7.0,2.0,0.0,0.0,1.0,5.0,6.0,0.0,7.0,4.0,3.0,2.0,2.0,6.0,3.0,0.0,6.0,1.0,2.0,6.0,2.0,6.0,7.0,4.0,3.0,6.0,7.0,0.0,7.0,7.0,5.0
2987375,0,12082844,210.38,W,13815.0,188.0,150.0,discover,238.0,debit,407.0,87.0,22.216684,,yahoo.com,gmail.com,8.0,0.0,18.0,12.0,13.0,12.0,16.0,11.0,7.0,12.0,10.0,10.0,38.0,6.0,269.0,215.0,551.0,465.0,452.0,150.0,504.0,44.0,260.0,367.0,131.0,430.0,514.0,415.0,281.0,F,F,F,T,F,F,F,F,T,6.0,0.0,4.0,5.0,6.0,5.0,7.0,7.0,3.0,1.0,5.0,4.0,4.0,7.0,7.0,2.0,4.0,1.0,6.0,2.0,4.0,2.0,2.0,6.0,5.0,2.0,4.0,2.0,1.0,7.0,0.0,5.0,3.0,7.0,3.0,2.0,1.0,0.0,1.0,3.0
2987376,0,12172862,310.16,W,6037.0,169.0,150.0,mastercard,169.0,credit,195.0,87.0,50.613586,226.05501,anonymous.com,gmail.com,30.0,14.0,21.0,16.0,33.0,9.0,19.0,5.0,30.0,34.0,14.0,36.0,16.0,0.0,35.0,65.0,432.0,472.0,382.0,211.0,38.0,261.0,448.0,195.0,266.0,125.0,416.0,285.0,474.0,T,F,T,T,T,F,F,F,F,6.0,6.0,1.0,7.0,3.0,1.0,,4.0,0.0,3.0,0.0,3.0,7.0,5.0,2.0,7.0,5.0,3.0,6.0,4.0,0.0,7.0,7.0,1.0,2.0,4.0,2.0,5.0,3.0,7.0,6.0,3.0,4.0,4.0,5.0,7.0,4.0,7.0,2.0,6.0
2987377,0,12203873,94.07,W,12796.0,512.0,185.0,mastercard,222.0,debit,385.0,87.0,17.515469,100.44518,aol.com,yahoo.com,32.0,7.0,22.0,36.0,6.0,18.0,9.0,30.0,31.0,7.0,16.0,24.0,36.0,37.0,168.0,75.0,430.0,469.0,192.0,364.0,63.0,37.0,118.0,466.0,318.0,404.0,478.0,420.0,150.0,F,F,T,T,T,F,T,F,F,0.0,7.0,7.0,1.0,0.0,7.0,0.0,1.0,5.0,7.0,7.0,7.0,4.0,7.0,6.0,0.0,5.0,3.0,0.0,5.0,1.0,0.0,5.0,2.0,3.0,7.0,3.0,0.0,7.0,5.0,0.0,0.0,3.0,1.0,0.0,7.0,2.0,2.0,1.0,0.0
2987378,0,12227541,159.34,W,5401.0,,150.0,american express,125.0,credit,434.0,87.0,5.107413,166.67297,hotmail.com,hotmail.com,12.0,3.0,26.0,12.0,0.0,18.0,16.0,2.0,0.0,31.0,14.0,14.0,15.0,17.0,484.0,570.0,175.0,159.0,591.0,443.0,474.0,62.0,534.0,74.0,544.0,271.0,464.0,70.0,384.0,F,T,F,T,T,T,T,T,T,5.0,0.0,3.0,2.0,5.0,1.0,,3.0,2.0,5.0,5.0,2.0,4.0,0.0,4.0,1.0,1.0,1.0,1.0,4.0,6.0,2.0,0.0,1.0,1.0,1.0,3.0,7.0,5.0,7.0,2.0,2.0,5.0,0.0,7.0,5.0,1.0,7.0,2.0,7.0
2987379,0,12252949,214.04,R,10101.0,,185.0,discover,123.0,debit,270.0,87.0,16.324684,,aol.com,yahoo.com,36.0,9.0,39.0,11.0,26.0,17.0,13.0,23.0,28.0,39.0,36.0,6.0,17.0,26.0,486.0,217.0,375.0,234.0,431.0,563.0,75.0,216.0,537.0,537.0,346.0,448.0,507.0,108.0,531.0,F,T,F,F,F,F,F,F,T,3.0,3.0,4.0,6.0,2.0,7.0,,7.0,2.0,6.0,7.0,6.0,4.0,3.0,0.0,5.0,0.0,5.0,5.0,0.0,3.0,5.0,2.0,3.0,5.0,3.0,6.0,2.0,0.0,3.0,1.0,7.0,3.0,6.0,0.0,1.0,6.0,0.0,6.0,5.0
2987380,0,12277586,189.26,C,14863.0,,150.0,visa,212.0,debit,212.0,87.0,11.1255665,5.4112835,hotmail.com,gmail.com,4.0,38.0,30.0,6.0,36.0,18.0,27.0,26.0,25.0,38.0,21.0,31.0,27.0,5.0,62.0,66.0,,,567.0,421.0,251.0,278.0,107.0,288.0,41.0,148.0,333.0,299.0,402.0,T,T,T,F,F,T,F,F,F,6.0,2.0,2.0,3.0,2.0,2.0,4.0,7.0,5.0,7.0,6.0,3.0,4.0,3.0,5.0,6.0,4.0,0.0,2.0,7.0,5.0,4.0,7.0,6.0,6.0,4.0,7.0,3.0,7.0,7.0,1.0,6.0,7.0,7.0,2.0,0.0,1.0,7.0,5.0,3.0
2987381,0,12309911,107.29,S,4280.0,200.0,150.0,visa,214.0,debit,344.0,87.0,3.0926511,63.91106,hotmail.com,gmail.com,36.0,32.0,1.0,11.0,20.0,36.0,30.0,32.0,38.0,12.0,20.0,26.0,15.0,9.0,11.0,134.0,319.0,39.0,579.0,179.0,168.0,316.0,584.0,311.0,202.0,37.0,374.0,514.0,310.0,F,F,F,T,T,T,F,F,F,6.0,5.0,0.0,5.0,0.0,3.0,0.0,1.0,6.0,0.0,6.0,1.0,3.0,3.0,7.0,0.0,5.0,7.0,3.0,5.0,6.0,4.0,1.0,0.0,3.0,6.0,7.0,1.0,5.0,4.0,3.0,6.0,7.0,0.0,7.0,1.0,0.0,2.0,2.0,0.0
2987382,0,12312647,105.44,C,6862.0,404.0,185.0,mastercard,176.0,credit,354.0,87.0,7.2048717,234.92929,aol.com,yahoo.com,30.0,0.0,3.0,23.0,5.0,38.0,3.0,21.0,1.0,3.0,10.0,34.0,5.0,21.0,498.0,12.0,,384.0,329.0,110.0,412.0,540.0,157.0,342.0,531.0,187.0,281.0,492.0,126.0,F,F,F,T,F,F,T,T,F,5.0,6.0,3.0,5.0,2.0,2.0,7.0,7.0,0.0,4.0,1.0,2.0,7.0,3.0,3.0,1.0,2.0,0.0,3.0,0.0,7.0,0.0,7.0,5.0,5.0,6.0,0.0,7.0,3.0,0.0,6.0,1.0,3.0,3.0,5.0,5.0,0.0,2.0,2.0,0.0
2987383,0,12344573,96.7,R,14837.0,564.0,185.0,mastercard,104.0,credit,141.0,87.0,14.13134,109.87248,anonymous.com,hotmail.com,8.0,36.0,0.0,35.0,21.0,19.0,18.0,21.0,38.0,8.0,36.0,17.0,35.0,8.0,104.0,318.0,341.0,475.0,214.0,226.0,7.0,457.0,31.0,21.0,163.0,596.0,374.0,226.0,140.0,F,F,T,T,F,T,T,T,T,5.0,1.0,5.0,7.0,1.0,4.0,1.0,6.0,6.0,4.0,1.0,7.0,0.0,0.0,4.0,2.0,2.0,0.0,4.0,6.0,0.0,1.0,4.0,6.0,2.0,2.0,5.0,1.0,6.0,6.0,3.0,3.0,3.0,6.0,5.0,5.0,7.0,1.0,4.0,3.0
2987384,0,12345566,16.33,H,8895.0,,150.0,american express,232.0,debit,348.0,87.0,26.4223,,aol.com,gmail.com,26.0,8.0,15.0,5.0,10.0,38.0,39.0,30.0,22.0,30.0,0.0,5.0,18.0,24.0,344.0,354.0,,478.0,568.0,479.0,214.0,253.0,238.0,186.0,204.0,333.0,228.0,170.0,358.0,F,F,T,T,F,F,T,T,T,1.0,7.0,2.0,1.0,0.0,0.0,1.0,5.0,2.0,2.0,1.0,2.0,6.0,0.0,7.0,0.0,4.0,1.0,3.0,7.0,4.0,4.0,5.0,5.0,5.0,3.0,5.0,6.0,5.0,7.0,4.0,0.0,6.0,2.0,2.0,7.0,3.0,1.0,4.0,4.0
2987385,1,12360828,118.01,H,17714.0,108.0,150.0,discover,155.0,credit,167.0,87.0,59.959206,,anonymous.com,yahoo.com,12.0,16.0,14.0,27.0,33.0,32.0,34.0,34.0,10.0,7.0,22.0,13.0,37.0,36.0,496.0,227.0,383.0,,599.0,595.0,591.0,200.0,477.0,425.0,90.0,32.0,74.0,578.0,270.0,T,T,T,F,F,T,T,F,F,6.0,1.0,7.0,2.0,4.0,1.0,,1.0,4.0,5.0,1.0,6.0,1.0,6.0,7.0,6.0,3.0,7.0,0.0,4.0,7.0,2.0,5.0,5.0,0.0,6.0,6.0,2.0,2.0,7.0,7.0,6.0,5.0,1.0,6.0,7.0,7.0,6.0,3.0,4.0
2987386,0,12383220,12.29,H,1138.0,251.0,150.0,american express,231.0,credit,350.0,87.0,1.2597594,,anonymous.com,yahoo.com,31.0,13.0,37.0,30.0,24.0,32.0,31.0,8.0,15.0,25.0,6.0,24.0,15.0,12.0,472.0,446.0,565.0,460.0,73.0,235.0,221.0,427.0,506.0,576.0,431.0,585.0,558.0,339.0,27.0,F,F,F,F,T,F,F,T,F,5.0,6.0,6.0,3.0,7.0,4.0,,4.0,6.0,0.0,5.0,5.0,1.0,3.0,3.0,5.0,3.0,6.0,0.0,6.0,1.0,3.0,4.0,1.0,7.0,6.0,3.0,0.0,6.0,3.0,3.0,0.0,1.0,3.0,7.0,2.0,6.0,0.0,3.0,2.0
2987387,0,12411823,22.78,C,13559.0,,185.0,discover,221.0,credit,509.0,87.0,5.924199,216.77899,yahoo.com,gmail.com,6.0,16.0,14.0,35.0,13.0,9.0,29.0,31.0,30.0,14.0,30.0,9.0,38.0,24.0,330.0,288.0,495.0,,383.0,105.0,359.0,165.0,387.0,590.0,83.0,495.0,419.0,70.0,117.0,T,F,F,F,F,T,F,F,T,2.0,5.0,5.0,4.0,1.0,5.0,0.0,3.0,1.0,3.0,0.0,5.0,4.0,1.0,6.0,5.0,5.0,7.0,0.0,7.0,6.0,7.0,4.0,4.0,3.0,6.0,4.0,3.0,2.0,0.0,6.0,4.0,6.0,3.0,4.0,3.0,2.0,3.0,7.0,5.0
2987388,0,12471038,229.05,R,15167.0,,150.0,mastercard,219.0,credit,336.0,87.0,8.388562,,yahoo.com,hotmail.com,9.0,30.0,1.0,30.0,24.0,17.0,0.0,18.0,39.0,30.0,15.0,2.0,24.0,36.0,225.0,575.0,299.0,459.0,361.0,2.0,592.0,530.0,486.0,321.0,220.0,326.0,422.0,134.0,259.0,T,F,T,F,T,F,T,T,T,1.0,1.0,6.0,7.0,0.0,7.0,,0.0,1.0,3.0,3.0,6.0,5.0,2.0,5.0,3.0,7.0,6.0,2.0,7.0,4.0,5.0,4.0,1.0,4.0,5.0,3.0,4.0,1.0,4.0,3.0,2.0,5.0,3.0,1.0,6.0,6.0,7.0,4.0,4.0
2987389,0,12511380,137.59,S,16970.0,575.0,150.0,discover,196.0,debit,435.0,87.0,50.1886,77.57799,aol.com,hotmail.com,12.0,28.0,35.0,6.0,26.0,14.0,38.0,3.0,12.0,24.0,11.0,32.0,30.0,35.0,464.0,457.0,,69.0,449.0,46.0,364.0,468.0,156.0,154.0,426.0,444.0,168.0,501.0,107.0,F,F,F,T,F,T,F,F,T,4.0,5.0,6.0,0.0,0.0,6.0,2.0,7.0,7.0,3.0,4.0,4.0,7.0,7.0,5.0,5.0,6.0,7.0,6.0,7.0,2.0,5.0,5.0,1.0,6.0,2.0,2.0,3.0,4.0,6.0,0.0,4.0,4.0,7.0,7.0,6.0,3.0,3.0,6.0,2.0
2987390,0,12539984,280.38,S,3727.0,354.0,150.0,discover,194.0,debit,236.0,87.0,21.758623,119.95928,anonymous.com,yahoo.com,7.0,23.0,10.0,19.0,27.0,3.0,29.0,24.0,39.0,23.0,2.0,21.0,30.0,0.0,416.0,45.0,,146.0,585.0,382.0,452.0,409.0,527.0,286.0,537.0,110.0,462.0,538.0,332.0,F,F,F,T,F,F,T,F,T,2.0,2.0,5.0,1.0,4.0,7.0,6.0,4.0,2.0,4.0,4.0,4.0,2.0,3.0,5.0,4.0,0.0,3.0,7.0,1.0,6.0,1.0,5.0,6.0,0.0,2.0,1.0,7.0,0.0,6.0,2.0,6.0,6.0,7.0,0.0,2.0,4.0,6.0,7.0,2.0
2987391,0,12566838,40.49,H,18124.0,,185.0,discover,174.0,credit,506.0,87.0,10.489614,211.02542,yahoo.com,hotmail.com,13.0,25.0,36.0,38.0,14.0,3.0,35.0,39.0,25.0,31.0,31.0,15.0,8.0,4.0,502.0,164.0,,,151.0,353.0,575.0,149.0,381.0,278.0,132.0,355.0,311.0,545.0,180.0,F,F,F,F,T,F,F,T,T,5.0,2.0,6.0,7.0,6.0,6.0,,0.0,7.0,7.0,3.0,0.0,0.0,7.0,2.0,5.0,2.0,0.0,3.0,0.0,6.0,4.0,3.0,4.0,7.0,5.0,5.0,4.0,5.0,4.0,1.0,2.0,1.0,4.0,7.0,0.0,4.0,5.0,2.0,3.0
2987392,0,12578798,15.37,H,7825.0,,150.0,visa,103.0,debit,457.0,87.0,14.662992,166.9754,yahoo.com,hotmail.com,24.0,29.0,30.0,36.0,22.0,24.0,36.0,5.0,7.0,38.0,15.0,22.0,32.0,39.0,308.0,452.0,301.0,205.0,585.0,385.0,370.0,373.0,80.0,238.0,199.0,547.0,45.0,4.0,174.0,T,F,F,T,F,T,F,T,F,3.0,0.0,5.0,4.0,2.0,6.0,7.0,2.0,2.0,7.0,1.0,5.0,2.0,1.0,2.0,3.0,0.0,3.0,0.0,5.0,1.0,7.0,3.0,7.0,4.0,2.0,0.0,6.0,4.0,6.0,7.0,0.0,6.0,0.0,0.0,0.0,6.0,6.0,6.0,5.0
2987393,0,12664147,41.91,S,7125.0,,185.0,discover,154.0,debit,503.0,87.0,22.614325,157.8224,anonymous.com,hotmail.com,25.0,7.0,35.0,24.0,1.0,16.0,10.0,0.0,23.0,14.0,10.0,29.0,37.0,37.0,565.0,322.0,168.0,,385.0,14.0,499.0,492.0,77.0,216.0,70.0,263.0,572.0,493.0,64.0,F,T,T,F,T,T,F,T,F,1.0,5.0,6.0,5.0,0.0,2.0,5.0,6.0,4.0,5.0,0.0,5.0,4.0,0.0,0.0,5.0,6.0,1.0,0.0,5.0,5.0,5.0,6.0,3.0,7.0,5.0,5.0,2.0,5.0,0.0,0.0,5.0,0.0,2.0,0.0,6.0,1.0,7.0,6.0,4.0
2987394,0,12679890,61.08,H,7186.0,457.0,150.0,mastercard,202.0,debit,426.0,87.0,8.028845,21.002354,gmail.com,gmail.com,22.0,15.0,32.0,38.0,16.0,33.0,0.0,36.0,32.0,21.0,33.0,0.0,26.0,12.0,461.0,451.0,,,49.0,262.0,304.0,43.0,160.0,520.0,262.0,23.0,595.0,67.0,301.0,F,F,T,F,T,F,T,T,F,3.0,6.0,0.0,1.0,0.0,7.0,,3.0,4.0,2.0,7.0,0.0,2.0,4.0,6.0,5.0,5.0,1.0,6.0,4.0,7.0,6.0,6.0,2.0,4.0,4.0,6.0,1.0,1.0,4.0,6.0,4.0,6.0,1.0,0.0,2.0,0.0,0.0,1.0,1.0
2987395,0,12691824,59.55,S,12105.0,585.0,150.0,american express,213.0,credit,385.0,87.0,51.0742,62.45057,gmail.com,gmail.com,7.0,4.0,5.0,26.0,15.0,26.0,26.0,23.0,2.0,25.0,0.0,17.0,37.0,20.0,38.0,201.0,,,306.0,108.0,488.0,106.0,41.0,234.0,599.0,454.0,522.0,485.0,113.0,T,T,F,T,F,T,T,F,F,6.0,4.0,2.0,4.0,4.0,7.0,4.0,3.0,7.0,7.0,3.0,4.0,2.0,5.0,2.0,5.0,1.0,5.0,2.0,1.0,5.0,7.0,5.0,7.0,1.0,3.0,1.0,3.0,4.0,0.0,1.0,1.0,4.0,0.0,1.0,5.0,5.0,2.0,1.0,7.0
2987396,0,12698574,190.0,W,12471.0,,150.0,american express,178.0,credit,331.0,87.0,46.825283,145.64052,anonymous.com,yahoo.com,8.0,28.0,25.0,2.0,21.0,3.0,18.0,8.0,3.0,32.0,18.0,10.0,33.0,22.0,176.0,22.0,42.0,66.0,80.0,201.0,385.0,309.0,169.0,17.0,182.0,438.0,284.0,528.0,378.0,F,F,T,T,T,T,T,F,T,6.0,6.0,7.0,2.0,2.0,4.0,7.0,1.0,4.0,7.0,4.0,4.0,7.0,7.0,5.0,6.0,6.0,1.0,7.0,7.0,4.0,7.0,3.0,4.0,4.0,2.0,1.0,4.0,3.0,5.0,1.0,0.0,4.0,3.0,5.0,6.0,7.0,2.0,1.0,1.0
2987397,0,12709626,36.69,C,9246.0,552.0,150.0,discover,199.0,credit,508.0,87.0,21.988338,,yahoo.com,gmail.com,36.0,17.0,16.0,36.0,38.0,33.0,0.0,31.0,0.0,19.0,6.0,3.0,26.0,26.0,479.0,470.0,19.0,,573.0,373.0,203.0,215.0,596.0,432.0,155.0,443.0,139.0,216.0,562.0,F,F,T,F,T,F,F,F,F,2.0,2.0,3.0,5.0,2.0,0.0,0.0,0.0,4.0,6.0,4.0,2.0,4.0,3.0,5.0,2.0,4.0,2.0,4.0,3.0,1.0,2.0,4.0,6.0,4.0,6.0,4.0,3.0,1.0,0.0,4.0,4.0,5.0,0.0,3.0,7.0,4.0,0.0,4.0,5.0
2987398,0,12783044,80.42,W,2236.0,216.0,150.0,american express,103.0,debit,473.0,87.0,73.81586,303.5252,anonymous.com,gmail.com,10.0,25.0,25.0,6.0,38.0,19.0,10.0,15.0,22.0,14.0,5.0,1.0,19.0,30.0,69.0,471.0,69.0,,457.0,165.0,334.0,425.0,144.0,399.0,239.0,389.0,6.0,116.0,547.0,T,F,F,F,T,T,T,F,F,6.0,4.0,0.0,0.0,1.0,0.0,,7.0,3.0,6.0,2.0,0.0,5.0,1.0,5.0,7.0,0.0,3.0,7.0,5.0,3.0,2.0,4.0,0.0,7.0,3.0,6.0,6.0,3.0,4.0,0.0,4.0,2.0,4.0,0.0,3.0,0.0,0.0,6.0,0.0
2987399,0,12796706,18.4,W,18167.0,,185.0,discover,165.0,debit,283.0,87.0,0.56749517,7.1386495,hotmail.com,yahoo.com,4.0,22.0,29.0,15.0,19.0,22.0,39.0,13.0,2.0,33.0,0.0,17.0,34.0,14.0,425.0,383.0,231.0,576.0,542.0,395.0,200.0,240.0,381.0,227.0,537.0,82.0,441.0,428.0,400.0,F,T,F,T,T,F,F,T,T,0.0,6.0,6.0,2.0,7.0,3.0,3.0,7.0,3.0,6.0,5.0,0.0,5.0,4.0,6.0,0.0,1.0,0.0,1.0,4.0,7.0,2.0,3.0,4.0,4.0,2.0,0.0,7.0,7.0,7.0,0.0,0.0,6.0,2.0,2.0,5.0,0.0,0.0,6.0,2.0
2987400,0,12811152,89.6,R,4864.0,,150.0,visa,171.0,credit,137.0,87.0,110.16831,44.634182,aol.com,yahoo.com,18.0,10.0,20.0,9.0,25.0,38.0,14.0,11.0,37.0,38.0,7.0,21.0,7.0,35.0,204.0,242.0,95.0,3.0,361.0,173.0,238.0,597.0,586.0,377.0,328.0,68.0,534.0,41.0,484.0,T,T,F,F,F,F,F,T,T,7.0,3.0,5.0,5.0,2.0,5.0,,0.0,3.0,6.0,3.0,1.0,3.0,2.0,6.0,3.0,6.0,5.0,6.0,7.0,6.0,6.0,1.0,6.0,3.0,3.0,3.0,0.0,6.0,0.0,6.0,4.0,0.0,5.0,7.0,1.0,4.0,7.0,3.0,4.0
2987401,0,12896370,54.79,C,2632.0,,185.0,discover,224.0,debit,101.0,87.0,130.13402,,hotmail.com,gmail.com,0.0,5.0,12.0,28.0,4.0,25.0,10.0,23.0,5.0,22.0,37.0,20.0,22.0,2.0,124.0,5.0,,177.0,238.0,306.0,175.0,179.0,151.0,564.0,365.0,475.0,62.0,347.0,552.0,F,T,F,T,T,T,F,F,T,6.0,4.0,7.0,4.0,5.0,4.0,,4.0,3.0,5.0,3.0,1.0,5.0,1.0,0.0,3.0,2.0,6.0,4.0,5.0,3.0,3.0,4.0,6.0,1.0,3.0,1.0,0.0,1.0,3.0,0.0,3.0,5.0,4.0,4.0,7.0,7.0,6.0,5.0,6.0
2987402,0,13003795,23.93,R,11394.0,,150.0,american express,143.0,credit,202.0,87.0,5.163023,,aol.com,gmail.com,13.0,38.0,36.0,1.0,19.0,0.0,26.0,5.0,2.0,4.0,17.0,31.0,32.0,1.0,323.0,436.0,,539.0,257.0,275.0,294.0,216.0,417.0,554.0,468.0,513.0,410.0,198.0,409.0,F,F,F,F,T,T,F,T,T,0.0,1.0,0.0,6.0,5.0,7.0,5.0,5.0,6.0,5.0,6.0,1.0,7.0,0.0,6.0,6.0,4.0,4.0,3.0,5.0,2.0,6.0,3.0,5.0,2.0,4.0,6.0,2.0,6.0,0.0,4.0,1.0,6.0,7.0,5.0,7.0,4.0,4.0,0.0,4.0
2987403,0,13010341,42.12,R,8175.0,139.0,150.0,visa,132.0,debit,127.0,87.0,10.0014305,,aol.com,gmail.com,34.0,11.0,26.0,25.0,27.0,7.0,26.0,14.0,10.0,11.0,39.0,18.0,37.0,38.0,559.0,396.0,108.0,,568.0,230.0,208.0,2.0,270.0,473.0,429.0,47.0,16.0,254.0,154.0,T,T,T,T,T,F,F,T,T,5.0,4.0,1.0,6.0,0.0,4.0,7.0,7.0,0.0,5.0,2.0,4.0,5.0,5.0,1.0,0.0,7.0,0.0,4.0,6.0,6.0,6.0,0.0,1.0,4.0,7.0,7.0,4.0,4.0,5.0,0.0,4.0,0.0,3.0,2.0,3.0,2.0,6.0,5.0,0.0
2987404,1,13021297,44.59,H,11710.0,133.0,150.0,visa,149.0,debit,193.0,87.0,16.505922,492.07898,yahoo.com,yahoo.com,10.0,4.0,35.0,34.0,27.0,17.0,13.0,12.0,30.0,18.0,10.0,23.0,10.0,7.0,538.0,400.0,,336.0,90.0,75.0,375.0,148.0,171.0,350.0,359.0,348.0,465.0,495.0,300.0,T,F,T,T,F,F,F,T,F,3.0,6.0,4.0,0.0,1.0,5.0,2.0,4.0,4.0,3.0,5.0,3.0,2.0,5.0,5.0,1.0,2.0,6.0,2.0,0.0,7.0,5.0,7.0,4.0,2.0,2.0,0.0,0.0,0.0,7.0,0.0,5.0,5.0,1.0,4.0,2.0,4.0,2.0,3.0,7.0
2987405,0,13093479,40.56,S,16234.0,524.0,150.0,mastercard,123.0,debit,148.0,87.0,3.4792037,,aol.com,hotmail.com,28.0,12.0,9.0,31.0,38.0,1.0,33.0,2.0,36.0,28.0,30.0,32.0,3.0,39.0,242.0,102.0,,,530.0,345.0,221.0,141.0,570.0,16.0,336.0,300.0,16.0,595.0,514.0,F,T,T,T,F,F,F,F,F,7.0,6.0,1.0,0.0,7.0,6.0,0.0,6.0,4.0,7.0,5.0,0.0,6.0,1.0,5.0,3.0,0.0,3.0,4.0,5.0,2.0,0.0,5.0,0.0,2.0,1.0,1.0,1.0,7.0,0.0,5.0,1.0,6.0,7.0,6.0,5.0,1.0,3.0,6.0,2.0
2987406,0,13223729,383.17,S,2693.0,,185.0,american express,178.0,credit,531.0,87.0,28.188377,104.92665,anonymous.com,yahoo.com,19.0,36.0,33.0,12.0,18.0,6.0,23.0,30.0,10.0,26.0,3.0,26.0,13.0,11.0,2.0,438.0,472.0,457.0,253.0,594.0,294.0,457.0,394.0,307.0,319.0,210.0,585.0,241.0,400.0,F,F,F,T,T,F,F,F,F,1.0,2.0,4.0,2.0,7.0,7.0,,0.0,6.0,5.0,0.0,0.0,1.0,4.0,0.0,6.0,0.0,2.0,6.0,4.0,6.0,5.0,0.0,6.0,0.0,7.0,1.0,3.0,4.0,4.0,3.0,5.0,4.0,2.0,5.0,3.0,3.0,7.0,7.0,2.0
2987407,0,13237060,48.99,C,5942.0,406.0,150.0,discover,189.0,credit,141.0,87.0,7.164823,108.25007,gmail.com,gmail.com,14.0,10.0,12.0,35.0,36.0,31.0,6.0,0.0,20.0,32.0,4.0,36.0,34.0,14.0,532.0,434.0,219.0,,354.0,386.0,84.0,202.0,263.0,491.0,108.0,387.0,102.0,174.0,217.0,F,F,F,T,T,T,F,T,T,7.0,4.0,2.0,7.0,3.0,4.0,4.0,0.0,5.0,4.0,5.0,5.0,0.0,7.0,2.0,3.0,7.0,7.0,6.0,6.0,2.0,1.0,1.0,5.0,7.0,1.0,6.0,3.0,7.0,6.0,0.0,1.0,4.0,6.0,0.0,5.0,7.0,1.0,4.0,0.0
2987408,0,13254012,41.75,C,9988.0,,185.0,american express,212.0,debit,375.0,87.0,29.676819,,gmail.com,yahoo.com,26.0,39.0,18.0,14.0,39.0,5.0,12.0,38.0,30.0,1.0,0.0,8.0,20.0,1.0,538.0,514.0,24.0,577.0,400.0,447.0,231.0,122.0,487.0,506.0,248.0,548.0,240.0,500.0,101.0,T,F,F,T,F,T,F,F,F,6.0,4.0,1.0,3.0,1.0,4.0,,3.0,3.0,5.0,6.0,7.0,3.0,6.0,7.0,5.0,4.0,6.0,7.0,1.0,6.0,4.0,4.0,1.0,6.0,7.0,7.0,6.0,0.0,0.0,5.0,4.0,0.0,6.0,4.0,0.0,5.0,1.0,4.0,5.0
2987409,1,13280545,5.43,H,14707.0,,185.0,american express,236.0,credit,254.0,87.0,22.794905,23.724789,yahoo.com,gmail.com,23.0,18.0,34.0,27.0,22.0,6.0,33.0,3.0,31.0,18.0,35.0,31.0,2.0,37.0,363.0,340.0,256.0,224.0,49.0,482.0,213.0,188.0,540.0,463.0,508.0,493.0,416.0,247.0,86.0,F,F,F,F,T,F,F,T,T,2.0,7.0,6.0,7.0,2.0,0.0,3.0,2.0,0.0,0.0,2.0,6.0,4.0,3.0,1.0,1.0,2.0,3.0,3.0,4.0,7.0,1.0,6.0,5.0,2.0,1.0,2.0,4.0,1.0,3.0,7.0,6.0,7.0,7.0,6.0,2.0,0.0,4.0,7.0,3.0
2987410,0,13304285,20.42,W,11451.0,,185.0,discover,110.0,credit,176.0,87.0,19.537289,,gmail.com,gmail.com,12.0,34.0,14.0,20.0,3.0,20.0,3.0,14.0,6.0,28.0,26.0,27.0,4.0,14.0,377.0,438.0,493.0,113.0,89.0,22.0,576.0,337.0,468.0,591.0,23.0,91.0,507.0,119.0,226.0,T,T,F,T,F,F,F,F,T,3.0,6.0,0.0,0.0,7.0,5.0,,6.0,2.0,7.0,7.0,6.0,3.0,0.0,1.0,7.0,0.0,3.0,6.0,2.0,5.0,0.0,3.0,5.0,1.0,2.0,1.0,6.0,7.0,1.0,4.0,7.0,7.0,5.0,1.0,6.0,1.0,2.0,2.0,1.0
2987411,0,13314101,40.88,R,7660.0,308.0,150.0,discover,134.0,credit,408.0,87.0,5.1405263,,yahoo.com,gmail.com,8.0,26.0,10.0,2.0,15.0,3.0,0.0,3.0,33.0,39.0,29.0,23.0,13.0,6.0,316.0,240.0,,,96.0,475.0,268.0,471.0,521.0,309.0,496.0,277.0,217.0,541.0,482.0,F,F,T,T,F,T,F,T,F,5.0,6.0,6.0,7.0,5.0,1.0,,2.0,2.0,4.0,0.0,2.0,2.0,5.0,0.0,6.0,5.0,7.0,7.0,0.0,3.0,5.0,6.0,0.0,6.0,7.0,5.0,6.0,1.0,7.0,3.0,2.0,6.0,4.0,3.0,7.0,0.0,5.0,1.0,5.0
2987412,0,13326516,25.68,R,11615.0,419.0,150.0,mastercard,142.0,credit,527.0,87.0,13.410494,,aol.com,yahoo.com,36.0,1.0,36.0,0.0,30.0,10.0,26.0,14.0,34.0,5.0,37.0,0.0,13.0,19.0,7.0,418.0,72.0,286.0,467.0,145.0,12.0,587.0,193.0,65.0,339.0,561.0,588.0,595.0,331.0,T,T,F,F,T,T,T,F,F,1.0,6.0,1.0,0.0,0.0,2.0,5.0,3.0,1.0,7.0,1.0,5.0,2.0,4.0,1.0,0.0,0.0,1.0,0.0,4.0,2.0,3.0,1.0,0.0,6.0,1.0,7.0,3.0,4.0,4.0,6.0,2.0,0.0,3.0,5.0,0.0,3.0,5.0,4.0,1.0
2987413,0,13341518,249.6,W,18051.0,385.0,185.0,visa,134.0,debit,447.0,87.0,45.604794,52.344193,hotmail.com,yahoo.com,6.0,20.0,38.0,7.0,23.0,37.0,17.0,24.0,29.0,35.0,13.0,21.0,5.0,6.0,95.0,416.0,,,46.0,398.0,185.0,28.0,206.0,298.0,209.0,142.0,9.0,173.0,35.0,F,T,F,F,F,T,F,T,F,7.0,2.0,4.0,6.0,5.0,4.0,,4.0,5.0,0.0,7.0,0.0,7.0,7.0,5.0,5.0,0.0,3.0,3.0,0.0,0.0,5.0,4.0,1.0,7.0,1.0,7.0,7.0,4.0,4.0,2.0,0.0,3.0,3.0,0.0,6.0,1.0,2.0,2.0,4.0
2987414,0,13351600,45.54,H,9352.0,350.0,150.0,mastercard,215.0,credit,529.0,87.0,56.808636,111.593285,gmail.com,yahoo.com,38.0,16.0,12.0,37.0,37.0,25.0,10.0,3.0,21.0,0.0,28.0,34.0,19.0,31.0,86.0,467.0,,569.0,366.0,590.0,437.0,504.0,139.0,191.0,68.0,512.0,282.0,94.0,551.0,F,T,F,T,T,F,F,F,T,1.0,3.0,7.0,7.0,1.0,0.0,7.0,7.0,3.0,1.0,6.0,1.0,2.0,4.0,6.0,1.0,4.0,4.0,5.0,0.0,0.0,3.0,6.0,0.0,4.0,4.0,3.0,6.0,7.0,7.0,4.0,7.0,6.0,6.0,5.0,0.0,7.0,0.0,5.0,5.0
2987415,0,13365603,225.27,C,16373.0,,150.0,discover,119.0,credit,359.0,87.0,3.7133617,,hotmail.com,yahoo.com,18.0,8.0,12.0,38.0,32.0,38.0,18.0,21.0,15.0,7.0,20.0,25.0,19.0,2.0,548.0,513.0,278.0,,64.0,536.0,99.0,233.0,417.0,501.0,458.0,294.0,592.0,91.0,242.0,F,T,T,T,T,T,T,T,T,1.0,3.0,0.0,2.0,2.0,5.0,2.0,0.0,6.0,7.0,6.0,1.0,6.0,5.0,4.0,4.0,5.0,2.0,3.0,4.0,6.0,2.0,6.0,4.0,5.0,1.0,6.0,3.0,2.0,6.0,3.0,2.0,5.0,4.0,6.0,6.0,2.0,0.0,6.0,6.0
2987416,0,13420599,58.43,W,14571.0,,185.0,visa,104.0,debit,396.0,87.0,2.4119039,,yahoo.com,yahoo.com,39.0,21.0,9.0,16.0,2.0,14.0,7.0,30.0,35.0,33.0,21.0,0.0,7.0,19.0,29.0,1.0,,238.0,460.0,248.0,97.0,484.0,481.0,466.0,0.0,312.0,164.0,359.0,234.0,T,F,F,T,F,T,F,T,T,4.0,3.0,7.0,2.0,3.0,2.0,2.0,4.0,1.0,5.0,4.0,1.0,2.0,4.0,2.0,5.0,4.0,2.0,0.0,7.0,5.0,0.0,1.0,7.0,5.0,0.0,7.0,6.0,6.0,2.0,5.0,6.0,7.0,0.0,4.0,2.0,0.0,3.0,4.0,5.0
2987417,0,13455975,56.88,H,6242.0,469.0,185.0,visa,220.0,debit,164.0,87.0,15.560967,99.423416,aol.com,hotmail.com,14.0,4.0,0.0,38.0,34.0,24.0,14.0,18.0,34.0,31.0,26.0,11.0,9.0,15.0,333.0,467.0,,374.0,586.0,502.0,224.0,22.0,396.0,254.0,325.0,150.0,320.0,185.0,491.0,F,T,T,F,F,T,T,T,T,3.0,7.0,2.0,4.0,2.0,4.0,5.0,3.0,7.0,5.0,1.0,2.0,0.0,4.0,6.0,7.0,7.0,0.0,5.0,5.0,1.0,2.0,5.0,0.0,1.0,5.0,6.0,2.0,5.0,5.0,4.0,7.0,4.0,2.0,3.0,2.0,3.0,2.0,2.0,4.0
2987418,0,13456734,49.52,W,5341.0,454.0,185.0,visa,234.0,credit,475.0,87.0,3.3123834,321.6573,gmail.com,hotmail.com,22.0,27.0,22.0,1.0,14.0,9.0,9.0,4.0,20.0,38.0,18.0,22.0,26.0,1.0,217.0,475.0,,102.0,248.0,371.0,214.0,375.0,359.0,232.0,97.0,551.0,266.0,373.0,226.0,F,F,T,F,F,F,F,T,T,0.0,7.0,5.0,5.0,5.0,2.0,4.0,0.0,3.0,3.0,3.0,0.0,0.0,2.0,2.0,0.0,2.0,2.0,3.0,0.0,4.0,7.0,0.0,4.0,4.0,7.0,3.0,1.0,5.0,2.0,3.0,3.0,5.0,7.0,0.0,5.0,5.0,0.0,4.0,0.0
2987419,0,13483648,54.83,H,14401.0,137.0,150.0,discover,131.0,credit,429.0,87.0,55.6772,,anonymous.com,gmail.com,24.0,32.0,10.0,38.0,32.0,15.0,23.0,27.0,29.0,24.0,0.0,32.0,38.0,2.0,3.0,327.0,385.0,497.0,127.0,79.0,288.0,558.0,462.0,95.0,545.0,317.0,236.0,455.0,370.0,T,T,T,F,T,F,F,T,T,7.0,7.0,6.0,0.0,1.0,2.0,3.0,6.0,2.0,4.0,4.0,6.0,1.0,3.0,2.0,2.0,4.0,2.0,4.0,0.0,7.0,6.0,1.0,3.0,2.0,6.0,2.0,6.0,4.0,4.0,3.0,5.0,2.0,1.0,5.0,6.0,5.0,5.0,3.0,1.0
2987420,0,13484114,361.65,W,4610.0,,185.0,american express,146.0,debit,211.0,87.0,58.76658,1.8757731,hotmail.com,hotmail.com,13.0,3.0,33.0,9.0,20.0,6.0,26.0,7.0,15.0,24.0,3.0,17.0,39.0,20.0,551.0,311.0,436.0,137.0,266.0,143.0,20.0,23.0,108.0,25.0,109.0,344.0,460.0,3.0,552.0,F,F,T,T,T,F,F,T,T,1.0,4.0,1.0,1.0,7.0,3.0,,7.0,2.0,4.0,0.0,5.0,6.0,2.0,4.0,5.0,2.0,6.0,0.0,3.0,5.0,3.0,7.0,6.0,6.0,7.0,2.0,6.0,0.0,6.0,2.0,3.0,6.0,3.0,7.0,3.0,7.0,7.0,1.0,4.0
2987421,0,13496153,4.26,R,6861.0,464.0,150.0,american express,170.0,debit,256.0,87.0,39.837425,36.445065,gmail.com,gmail.com,8.0,19.0,6.0,1.0,18.0,33.0,36.0,0.0,29.0,21.0,20.0,34.0,22.0,15.0,10.0,433.0,,,414.0,574.0,432.0,474.0,219.0,187.0,481.0,277.0,311.0,515.0,310.0,T,F,F,T,F,F,F,F,F,0.0,1.0,2.0,6.0,4.0,0.0,5.0,1.0,6.0,1.0,4.0,5.0,3.0,3.0,1.0,2.0,2.0,2.0,0.0,3.0,7.0,0.0,5.0,3.0,7.0,4.0,2.0,1.0,2.0,7.0,3.0,4.0,4.0,6.0,7.0,2.0,2.0,7.0,6.0,4.0
2987422,0,13505015,6.04,S,5095.0,,185.0,mastercard,173.0,credit,368.0,87.0,13.905601,4.012311,anonymous.com,gmail.com,20.0,26.0,25.0,30.0,2.0,7.0,2.0,17.0,3.0,20.0,22.0,31.0,1.0,5.0,513.0,273.0,,6.0,436.0,549.0,128.0,68.0,424.0,144.0,344.0,53.0,428.0,17.0,368.0,F,T,T,T,F,F,F,F,T,4.0,1.0,6.0,6.0,2.0,1.0,7.0,6.0,5.0,4.0,0.0,1.0,5.0,7.0,2.0,5.0,1.0,1.0,4.0,0.0,0.0,7.0,1.0,5.0,0.0,4.0,7.0,6.0,4.0,7.0,0.0,1.0,6.0,2.0,4.0,7.0,4.0,0.0,2.0,4.0
2987423,0,13517228,30.04,C,11550.0,,185.0,discover,238.0,debit,105.0,87.0,3.3528636,193.54308,hotmail.com,yahoo.com,26.0,2.0,20.0,15.0,4.0,8.0,13.0,10.0,36.0,20.0,29.0,10.0,35.0,5.0,466.0,248.0,147.0,205.0,381.0,535.0,426.0,589.0,31.0,159.0,24.0,468.0,311.0,68.0,212.0,T,T,T,F,T,T,F,F,T,7.0,2.0,0.0,1.0,7.0,6.0,2.0,5.0,1.0,4.0,1.0,6.0,7.0,2.0,6.0,1.0,6.0,6.0,7.0,2.0,0.0,5.0,7.0,7.0,0.0,7.0,5.0,4.0,3.0,3.0,2.0,6.0,1.0,5.0,0.0,7.0,4.0,1.0,4.0,5.0
2987424,0,13524973,55.48,H,6118.0,,185.0,american express,156.0,debit,459.0,87.0,1.1956701,157.99498,anonymous.com,gmail.com,10.0,15.0,24.0,11.0,23.0,18.0,10.0,1.0,20.0,11.0,22.0,7.0,38.0,32.0,476.0,482.0,22.0,349.0,349.0,230.0,338.0,446.0,546.0,599.0,432.0,197.0,598.0,434.0,534.0,F,T,F,F,F,F,F,T,F,0.0,5.0,0.0,7.0,3.0,0.0,6.0,5.0,7.0,2.0,1.0,0.0,0.0,3.0,4.0,1.0,5.0,2.0,5.0,1.0,5.0,0.0,7.0,1.0,2.0,4.0,6.0,4.0,1.0,7.0,0.0,0.0,2.0,6.0,2.0,4.0,0.0,3.0,7.0,7.0
2987425,0,13541638,116.64,H,12457.0,,185.0,discover,101.0,credit,223.0,87.0,34.689724,63.947987,anonymous.com,yahoo.com,30.0,10.0,4.0,30.0,22.0,17.0,23.0,31.0,23.0,34.0,7.0,36.0,11.0,29.0,97.0,473.0,,,378.0,192.0,121.0,546.0,102.0,408.0,527.0,144.0,282.0,373.0,45.0,F,T,F,F,T,F,F,F,F,3.0,2.0,2.0,6.0,3.0,3.0,,3.0,1.0,2.0,1.0,7.0,0.0,7.0,7.0,4.0,5.0,7.0,7.0,4.0,4.0,1.0,0.0,2.0,0.0,0.0,6.0,6.0,5.0,7.0,2.0,5.0,0.0,2.0,2.0,0.0,0.0,7.0,1.0,4.0
2987426,0,13555387,91.87,S,17266.0,461.0,150.0,mastercard,159.0,credit,132.0,87.0,31.715294,23.962584,anonymous.com,gmail.com,25.0,1.0,18.0,13.0,22.0,12.0,21.0,23.0,7.0,14.0,14.0,23.0,16.0,24.0,528.0,124.0,,539.0,130.0,483.0,281.0,538.0,472.0,330.0,132.0,469.0,477.0,587.0,165.0,F,T,F,T,T,F,F,F,F,7.0,5.0,4.0,6.0,0.0,1.0,7.0,2.0,2.0,6.0,0.0,5.0,7.0,1.0,6.0,5.0,1.0,0.0,6.0,5.0,5.0,1.0,0.0,2.0,0.0,1.0,3.0,1.0,3.0,4.0,2.0,7.0,5.0,7.0,0.0,7.0,6.0,4.0,3.0,1.0
2987427,0,13580189,35.78,W,15434.0,354.0,150.0,mastercard,177.0,debit,245.0,87.0,11.335034,96.6741,hotmail.com,yahoo.com,6.0,32.0,25.0,30.0,6.0,14.0,35.0,36.0,21.0,24.0,17.0,33.0,1.0,33.0,359.0,497.0,17.0,466.0,124.0,12.0,21.0,189.0,369.0,107.0,581.0,119.0,367.0,340.0,594.0,T,F,T,T,T,T,T,T,T,7.0,7.0,6.0,1.0,7.0,4.0,,0.0,5.0,5.0,7.0,1.0,4.0,2.0,2.0,1.0,0.0,0.0,2.0,3.0,7.0,7.0,1.0,1.0,7.0,4.0,6.0,3.0,6.0,0.0,0.0,6.0,5.0,3.0,0.0,4.0,3.0,3.0,1.0,3.0
2987428,0,13606971,167.49,H,17494.0,,150.0,discover,172.0,debit,467.0,87.0,31.901989,98.07449,gmail.com,hotmail.com,37.0,17.0,13.0,7.0,20.0,11.0,36.0,19.0,0.0,26.0,39.0,36.0,32.0,2.0,241.0,195.0,,192.0,558.0,538.0,421.0,249.0,508.0,504.0,479.0,409.0,480.0,250.0,290.0,T,T,T,F,F,T,F,T,T,1.0,2.0,4.0,5.0,6.0,5.0,6.0,0.0,4.0,3.0,6.0,1.0,4.0,3.0,6.0,6.0,6.0,7.0,0.0,4.0,0.0,7.0,6.0,5.0,4.0,6.0,5.0,2.0,4.0,0.0,2.0,6.0,2.0,2.0,4.0,4.0,5.0,7.0,3.0,2.0
2987429,0,13624875,169.56,S,1425.0,,150.0,mastercard,171.0,debit,220.0,87.0,25.690561,,gmail.com,hotmail.com,1.0,30.0,34.0,3.0,2.0,36.0,30.0,17.0,35.0,21.0,21.0,16.0,31.0,27.0,408.0,82.0,5.0,495.0,347.0,362.0,182.0,414.0,465.0,386.0,445.0,284.0,531.0,401.0,104.0,T,F,F,T,F,T,T,T,F,4.0,7.0,3.0,1.0,1.0,3.0,0.0,1.0,3.0,4.0,4.0,5.0,2.0,3.0,6.0,6.0,5.0,0.0,4.0,1.0,7.0,3.0,4.0,0.0,6.0,4.0,5.0,4.0,2.0,5.0,5.0,5.0,3.0,1.0,0.0,0.0,7.0,5.0,2.0,4.0
2987430,0,13653140,66.85,H,8924.0,563.0,185.0,american express,229.0,debit,337.0,87.0,2.6534386,25.157164,hotmail.com,gmail.com,26.0,23.0,21.0,12.0,5.0,23.0,7.0,33.0,29.0,24.0,25.0,1.0,0.0,30.0,204.0,527.0,,116.0,516.0,379.0,230.0,104.0,309.0,308.0,201.0,479.0,135.0,457.0,248.0,T,T,T,F,T,T,T,F,F,6.0,4.0,6.0,1.0,7.0,6.0,7.0,4.0,7.0,1.0,2.0,6.0,6.0,2.0,5.0,0.0,0.0,0.0,4.0,6.0,0.0,1.0,4.0,3.0,4.0,3.0,2.0,1.0,0.0,6.0,7.0,7.0,4.0,2.0,0.0,7.0,1.0,7.0,7.0,4.0
2987431,0,13695471,157.42,W,4830.0,584.0,150.0,american express,213.0,credit,457.0,87.0,8.633446,,yahoo.com,yahoo.com,17.0,35.0,14.0,24.0,19.0,36.0,1.0,3.0,18.0,1.0,29.0,36.0,28.0,8.0,167.0,142.0,423.0,,375.0,263.0,94.0,183.0,453.0,279.0,71.0,30.0,181.0,402.0,153.0,F,T,F,F,T,F,F,F,F,5.0,6.0,1.0,0.0,6.0,2.0,,1.0,6.0,3.0,1.0,3.0,5.0,6.0,6.0,2.0,5.0,5.0,6.0,0.0,4.0,5.0,3.0,0.0,5.0,2.0,1.0,0.0,0.0,7.0,4.0,6.0,6.0,4.0,7.0,5.0,6.0,6.0,2.0,4.0
2987432,0,13709388,73.69,S,16970.0,,185.0,visa,135.0,debit,114.0,87.0,35.86166,,anonymous.com,yahoo.com,26.0,39.0,1.0,8.0,24.0,39.0,35.0,14.0,33.0,12.0,14.0,23.0,16.0,21.0,172.0,121.0,489.0,214.0,273.0,587.0,218.0,59.0,207.0,331.0,257.0,464.0,180.0,222.0,315.0,F,F,T,T,T,T,F,T,F,5.0,0.0,7.0,3.0,3.0,4.0,6.0,5.0,7.0,4.0,7.0,0.0,2.0,3.0,4.0,4.0,7.0,2.0,4.0,4.0,6.0,2.0,3.0,4.0,5.0,5.0,1.0,5.0,4.0,1.0,5.0,2.0,2.0,1.0,4.0,1.0,1.0,7.0,4.0,4.0
2987433,0,13716619,29.44,W,13387.0,,150.0,discover,149.0,debit,434.0,87.0,20.169647,68.36533,hotmail.com,yahoo.com,30.0,24.0,6.0,5.0,26.0,26.0,37.0,31.0,32.0,17.0,38.0,4.0,21.0,30.0,341.0,161.0,70.0,,342.0,449.0,237.0,532.0,350.0,503.0,484.0,137.0,292.0,575.0,141.0,F,F,T,F,T,T,F,F,T,6.0,2.0,2.0,5.0,7.0,2.0,,4.0,2.0,2.0,6.0,3.0,5.0,2.0,7.0,3.0,6.0,3.0,7.0,2.0,5.0,0.0,5.0,6.0,1.0,7.0,2.0,0.0,2.0,7.0,5.0,4.0,3.0,2.0,6.0,2.0,5.0,4.0,1.0,2.0
2987434,0,13743651,117.64,R,6571.0,111.0,150.0,mastercard,193.0,debit,227.0,87.0,53.791256,,aol.com,yahoo.com,27.0,14.0,19.0,29.0,39.0,33.0,10.0,11.0,4.0,15.0,26.0,21.0,8.0,24.0,360.0,294.0,522.0,121.0,415.0,32.0,134.0,148.0,549.0,432.0,351.0,522.0,295.0,180.0,239.0,F,F,F,T,T,T,T,F,F,3.0,7.0,2.0,1.0,4.0,4.0,,2.0,6.0,1.0,6.0,3.0,0.0,3.0,1.0,2.0,2.0,3.0,6.0,3.0,1.0,2.0,0.0,3.0,1.0,2.0,7.0,3.0,5.0,6.0,7.0,3.0,1.0,5.0,1.0,2.0,1.0,2.0,3.0,1.0
2987435,0,13834758,61.66,R,10805.0,284.0,150.0,discover,157.0,credit,406.0,87.0,14.653494,,gmail.com,hotmail.com,26.0,16.0,16.0,19.0,34.0,4.0,1.0,35.0,2.0,36.0,33.0,1.0,32.0,9.0,144.0,99.0,,,111.0,314.0,587.0,246.0,50.0,290.0,388.0,212.0,2.0,207.0,544.0,T,F,T,T,F,F,T,F,T,0.0,7.0,7.0,1.0,5.0,0.0,,0.0,1.0,4.0,3.0,2.0,1.0,7.0,3.0,4.0,2.0,2.0,4.0,4.0,4.0,2.0,4.0,3.0,3.0,4.0,7.0,7.0,5.0,3.0,7.0,2.0,6.0,7.0,2.0,6.0,2.0,0.0,6.0,6.0
2987436,0,13845620,54.68,R,11534.0,,185.0,mastercard,159.0,credit,182.0,87.0,74.73568,,yahoo.com,yahoo.com,33.0,33.0,34.0,17.0,15.0,37.0,27.0,11.0,10.0,35.0,29.0,11.0,16.0,26.0,147.0,95.0,,162.0,277.0,515.0,167.0,271.0,213.0,400.0,468.0,4.0,537.0,166.0,49.0,F,T,F,T,T,T,F,F,F,5.0,4.0,5.0,2.0,1.0,2.0,7.0,4.0,6.0,7.0,0.0,7.0,1.0,7.0,2.0,7.0,6.0,3.0,4.0,5.0,7.0,0.0,1.0,3.0,2.0,3.0,1.0,7.0,2.0,2.0,0.0,6.0,6.0,5.0,4.0,3.0,3.0,5.0,5.0,3.0
2987437,0,13908777,275.96,R,9623.0,187.0,185.0,mastercard,123.0,credit,161.0,87.0,49.835045,94.57461,anonymous.com,gmail.com,28.0,17.0,31.0,9.0,31.0,19.0,23.0,16.0,0.0,28.0,24.0,13.0,33.0,30.0,567.0,235.0,417.0,,433.0,45.0,108.0,225.0,10.0,557.0,203.0,292.0,515.0,179.0,458.0,T,F,T,F,T,T,T,F,T,5.0,0.0,3.0,1.0,0.0,5.0,4.0,6.0,4.0,3.0,5.0,2.0,6.0,1.0,0.0,2.0,3.0,2.0,0.0,7.0,1.0,5.0,6.0,1.0,6.0,1.0,4.0,1.0,6.0,3.0,3.0,0.0,5.0,4.0,5.0,6.0,3.0,2.0,2.0,1.0
2987438,0,13935474,3.68,W,9253.0,288.0,185.0,mastercard,135.0,debit,446.0,87.0,57.247597,231.09404,gmail.com,hotmail.com,32.0,20.0,6.0,0.0,3.0,28.0,35.0,35.0,22.0,14.0,1.0,18.0,5.0,0.0,308.0,130.0,393.0,,52.0,442.0,328.0,466.0,320.0,195.0,22.0,32.0,360.0,127.0,46.0,F,T,F,F,F,T,T,T,F,6.0,0.0,2.0,6.0,4.0,6.0,6.0,3.0,4.0,7.0,3.0,1.0,5.0,0.0,4.0,1.0,5.0,1.0,6.0,4.0,7.0,2.0,1.0,3.0,2.0,3.0,7.0,7.0,4.0,5.0,7.0,1.0,6.0,5.0,2.0,5.0,0.0,0.0,7.0,7.0
2987439,0,13942809,11.48,R,1960.0,,150.0,visa,203.0,credit,455.0,87.0,29.342928,,yahoo.com,hotmail.com,16.0,7.0,23.0,2.0,34.0,9.0,23.0,9.0,21.0,2.0,23.0,22.0,23.0,22.0,516.0,115.0,19.0,257.0,43.0,146.0,191.0,548.0,469.0,540.0,530.0,161.0,183.0,348.0,274.0,F,F,T,T,F,F,T,F,F,7.0,3.0,3.0,1.0,2.0,2.0,,6.0,0.0,6.0,2.0,5.0,0.0,0.0,0.0,5.0,7.0,1.0,5.0,1.0,5.0,4.0,0.0,7.0,2.0,0.0,6.0,2.0,7.0,6.0,7.0,0.0,6.0,3.0,7.0,2.0,6.0,6.0,6.0,0.0
2987440,0,14024846,14.79,S,8872.0,464.0,150.0,american express,218.0,debit,531.0,87.0,3.0080738,32.52843,anonymous.com,gmail.com,8.0,39.0,18.0,27.0,15.0,3.0,30.0,38.0,21.0,30.0,5.0,33.0,12.0,20.0,198.0,547.0,,,96.0,303.0,272.0,343.0,23.0,364.0,368.0,430.0,495.0,437.0,400.0,F,F,T,F,T,T,F,T,F,2.0,7.0,6.0,2.0,7.0,2.0,5.0,2.0,7.0,5.0,2.0,4.0,7.0,3.0,1.0,4.0,3.0,0.0,7.0,4.0,0.0,4.0,3.0,0.0,4.0,4.0,4.0,1.0,7.0,1.0,4.0,1.0,6.0,2.0,5.0,3.0,0.0,3.0,3.0,2.0
2987441,0,14027279,36.61,R,7060.0,331.0,185.0,visa,209.0,credit,397.0,87.0,10.3322735,114.10592,hotmail.com,yahoo.com,9.0,26.0,4.0,3.0,30.0,35.0,31.0,1.0,2.0,35.0,24.0,14.0,38.0,14.0,172.0,357.0,269.0,,354.0,529.0,435.0,502.0,329.0,111.0,339.0,336.0,162.0,257.0,573.0,T,T,F,T,T,T,T,F,F,7.0,3.0,1.0,2.0,0.0,2.0,2.0,0.0,2.0,7.0,0.0,4.0,6.0,5.0,6.0,5.0,4.0,4.0,0.0,4.0,2.0,6.0,3.0,6.0,1.0,0.0,4.0,4.0,7.0,2.0,3.0,4.0,3.0,5.0,1.0,6.0,7.0,4.0,7.0,5.0
2987442,0,14040442,41.26,C,15237.0,396.0,185.0,mastercard,143.0,credit,304.0,87.0,96.91729,,anonymous.com,hotmail.com,24.0,13.0,26.0,9.0,38.0,17.0,0.0,10.0,36.0,19.0,28.0,29.0,22.0,1.0,169.0,8.0,,261.0,143.0,295.0,46.0,66.0,249.0,580.0,343.0,425.0,183.0,553.0,150.0,F,F,F,F,F,F,T,T,T,0.0,7.0,1.0,1.0,6.0,2.0,,5.0,4.0,3.0,6.0,4.0,3.0,0.0,1.0,5.0,3.0,4.0,1.0,6.0,6.0,6.0,4.0,1.0,6.0,3.0,2.0,3.0,1.0,0.0,0.0,7.0,1.0,1.0,0.0,3.0,1.0,6.0,1.0,3.0
2987443,0,14095143,10.4,S,16052.0,571.0,150.0,visa,119.0,credit,185.0,87.0,8.990468,485.2508,hotmail.com,yahoo.com,21.0,23.0,21.0,36.0,28.0,5.0,5.0,23.0,39.0,33.0,21.0,37.0,28.0,3.0,317.0,60.0,,67.0,261.0,22.0,305.0,579.0,469.0,411.0,511.0,527.0,598.0,284.0,31.0,T,T,F,F,T,T,F,T,F,7.0,4.0,2.0,7.0,4.0,7.0,3.0,7.0,1.0,6.0,1.0,2.0,1.0,4.0,6.0,6.0,4.0,0.0,5.0,4.0,2.0,4.0,6.0,0.0,0.0,7.0,7.0,2.0,4.0,7.0,3.0,7.0,7.0,7.0,0.0,5.0,5.0,2.0,2.0,6.0
2987444,0,14170017,18.47,W,14057.0,,185.0,visa,122.0,debit,229.0,87.0,26.743395,,aol.com,yahoo.com,3.0,16.0,3.0,13.0,36.0,26.0,31.0,23.0,23.0,37.0,12.0,29.0,3.0,30.0,467.0,488.0,,,80.0,12.0,13.0,69.0,132.0,231.0,461.0,280.0,554.0,280.0,450.0,F,T,F,F,F,T,F,F,T,1.0,1.0,3.0,1.0,7.0,5.0,4.0,7.0,7.0,1.0,6.0,2.0,3.0,3.0,0.0,5.0,0.0,3.0,3.0,6.0,7.0,6.0,5.0,2.0,6.0,1.0,0.0,3.0,0.0,3.0,4.0,7.0,0.0,3.0,6.0,0.0,5.0,6.0,7.0,2.0
2987445,0,14191433,21.18,R,1537.0,467.0,150.0,mastercard,155.0,credit,385.0,87.0,66.95932,99.46706,aol.com,hotmail.com,8.0,6.0,18.0,29.0,0.0,2.0,7.0,36.0,0.0,21.0,2.0,10.0,27.0,33.0,300.0,161.0,533.0,423.0,150.0,442.0,26.0,39.0,97.0,128.0,402.0,326.0,350.0,41.0,536.0,T,T,T,F,T,F,T,F,T,5.0,4.0,6.0,3.0,7.0,3.0,5.0,7.0,2.0,2.0,7.0,0.0,4.0,7.0,3.0,4.0,7.0,5.0,4.0,5.0,3.0,4.0,2.0,2.0,4.0,2.0,6.0,0.0,7.0,2.0,5.0,6.0,3.0,6.0,6.0,3.0,3.0,4.0,7.0,5.0
2987446,1,14203940,814.98,R,15637.0,148.0,150.0,american express,172.0,credit,252.0,87.0,61.128857,266.3467,aol.com,hotmail.com,38.0,34.0,29.0,13.0,6.0,18.0,8.0,38.0,15.0,8.0,26.0,27.0,4.0,16.0,176.0,91.0,37.0,,10.0,558.0,55.0,13.0,56.0,549.0,469.0,34.0,101.0,542.0,339.0,T,T,F,T,F,T,T,F,F,5.0,2.0,1.0,4.0,6.0,3.0,1.0,0.0,6.0,4.0,0.0,1.0,5.0,4.0,0.0,3.0,4.0,0.0,3.0,4.0,2.0,0.0,5.0,2.0,7.0,5.0,6.0,2.0,5.0,1.0,4.0,3.0,5.0,0.0,3.0,4.0,4.0,4.0,6.0,3.0
2987447,0,14278494,396.2,R,7897.0,,185.0,american express,225.0,credit,312.0,87.0,47.223465,,gmail.com,yahoo.com,29.0,35.0,13.0,37.0,25.0,28.0,30.0,27.0,28.0,0.0,27.0,11.0,14.0,37.0,576.0,399.0,179.0,510.0,484.0,175.0,97.0,146.0,244.0,493.0,173.0,172.0,73.0,88.0,36.0,T,F,F,T,T,F,T,F,T,5.0,1.0,6.0,2.0,2.0,4.0,1.0,0.0,6.0,0.0,4.0,4.0,2.0,3.0,0.0,3.0,1.0,2.0,5.0,2.0,6.0,6.0,4.0,6.0,2.0,7.0,2.0,1.0,2.0,0.0,1.0,6.0,6.0,3.0,5.0,2.0,0.0,2.0,1.0,3.0
2987448,0,14278818,34.71,S,8244.0,573.0,150.0,mastercard,225.0,debit,173.0,87.0,50.442764,35.230362,hotmail.com,gmail.com,30.0,33.0,14.0,32.0,21.0,28.0,8.0,26.0,29.0,30.0,19.0,19.0,8.0,37.0,343.0,502.0,130.0,,279.0,561.0,209.0,502.0,292.0,26.0,427.0,434.0,578.0,98.0,300.0,T,T,F,F,F,F,T,F,T,7.0,5.0,7.0,3.0,5.0,4.0,0.0,4.0,4.0,6.0,0.0,3.0,0.0,4.0,6.0,2.0,4.0,7.0,5.0,2.0,6.0,6.0,1.0,7.0,7.0,7.0,4.0,7.0,4.0,3.0,7.0,2.0,5.0,3.0,7.0,6.0,7.0,6.0,1.0,3.0
2987449,0,14282504,36.6,R,17445.0,529.0,150.0,discover,100.0,credit,293.0,87.0,40.357018,,gmail.com,yahoo.com,7.0,14.0,4.0,18.0,4.0,18.0,5.0,12.0,9.0,22.0,28.0,25.0,0.0,26.0,236.0,239.0,,90.0,105.0,271.0,561.0,180.0,551.0,381.0,585.0,37.0,159.0,561.0,234.0,F,F,T,T,T,T,F,F,F,4.0,1.0,3.0,1.0,1.0,3.0,,7.0,0.0,7.0,6.0,5.0,4.0,1.0,0.0,3.0,3.0,3.0,1.0,0.0,1.0,3.0,0.0,5.0,6.0,0.0,7.0,3.0,4.0,6.0,1.0,5.0,3.0,2.0,1.0,1.0,0.0,1.0,5.0,7.0
2987450,0,14290987,15.42,S,16090.0,428.0,185.0,american express,199.0,credit,204.0,87.0,44.67298,60.770252,yahoo.com,hotmail.com,2.0,10.0,8.0,27.0,28.0,14.0,0.0,32.0,32.0,6.0,31.0,11.0,23.0,23.0,5.0,445.0,,103.0,315.0,35.0,543.0,474.0,279.0,68.0,140.0,215.0,408.0,311.0,270.0,F,T,F,F,T,T,T,F,F,1.0,7.0,7.0,3.0,3.0,7.0,5.0,7.0,2.0,0.0,4.0,6.0,5.0,3.0,7.0,4.0,6.0,0.0,6.0,4.0,6.0,3.0,0.0,1.0,3.0,1.0,3.0,4.0,4.0,2.0,3.0,0.0,7.0,4.0,7.0,6.0,5.0,4.0,0.0,6.0
2987451,0,14350360,6.69,W,1885.0,289.0,185.0,visa,141.0,debit,149.0,87.0,17.745832,,yahoo.com,gmail.com,11.0,1.0,39.0,16.0,2.0,33.0,18.0,25.0,38.0,2.0,20.0,0.0,9.0,38.0,337.0,252.0,,428.0,559.0,318.0,61.0,254.0,102.0,176.0,342.0,81.0,211.0,40.0,32.0,T,F,T,T,F,F,F,T,F,4.0,6.0,7.0,0.0,2.0,2.0,1.0,2.0,4.0,7.0,0.0,4.0,2.0,2.0,4.0,5.0,6.0,4.0,3.0,7.0,2.0,7.0,1.0,7.0,2.0,7.0,2.0,3.0,4.0,3.0,4.0,7.0,1.0,5.0,3.0,0.0,0.0,6.0,7.0,2.0
2987452,0,14361584,48.01,H,7261.0,,150.0,american express,127.0,credit,158.0,87.0,43.6672,82.2591,anonymous.com,yahoo.com,34.0,29.0,24.0,37.0,39.0,7.0,25.0,0.0,20.0,38.0,1.0,33.0,20.0,24.0,372.0,65.0,,129.0,494.0,584.0,594.0,62.0,419.0,340.0,408.0,514.0,297.0,265.0,190.0,T,F,T,F,F,T,T,F,F,2.0,6.0,6.0,3.0,2.0,3.0,,3.0,4.0,0.0,6.0,0.0,5.0,1.0,3.0,6.0,3.0,3.0,4.0,0.0,7.0,3.0,6.0,6.0,1.0,4.0,0.0,7.0,7.0,5.0,2.0,7.0,1.0,7.0,3.0,3.0,5.0,0.0,7.0,3.0
2987453,0,14381199,18.22,R,14044.0,,150.0,visa,177.0,debit,328.0,87.0,17.896435,136.62213,hotmail.com,yahoo.com,20.0,13.0,7.0,14.0,6.0,2.0,29.0,33.0,15.0,12.0,34.0,29.0,30.0,37.0,557.0,478.0,390.0,281.0,530.0,150.0,381.0,283.0,36.0,149.0,310.0,336.0,591.0,354.0,599.0,F,F,T,F,F,T,F,T,F,4.0,0.0,3.0,2.0,4.0,0.0,0.0,5.0,4.0,1.0,6.0,0.0,4.0,3.0,7.0,3.0,5.0,1.0,4.0,7.0,0.0,2.0,3.0,0.0,1.0,6.0,3.0,6.0,6.0,2.0,0.0,5.0,5.0,6.0,1.0,4.0,2.0,3.0,6.0,3.0
2987454,0,14388864,49.73,C,10375.0,,185.0,visa,104.0,credit,261.0,87.0,64.78542,,aol.com,gmail.com,31.0,35.0,19.0,33.0,17.0,6.0,36.0,14.0,21.0,13.0,18.0,4.0,7.0,39.0,138.0,551.0,,440.0,243.0,576.0,332.0,139.0,207.0,307.0,581.0,386.0,355.0,6.0,27.0,F,T,F,F,F,F,T,F,T,3.0,7.0,2.0,2.0,1.0,3.0,6.0,7.0,1.0,6.0,7.0,1.0,4.0,5.0,3.0,5.0,0.0,0.0,5.0,6.0,5.0,5.0,3.0,3.0,4.0,0.0,2.0,5.0,3.0,5.0,4.0,1.0,2.0,1.0,5.0,2.0,3.0,5.0,7.0,5.0
2987455,0,14479226,9.39,C,5482.0,220.0,185.0,mastercard,146.0,credit,143.0,87.0,18.411123,146.58347,yahoo.com,yahoo.com,19.0,34.0,7.0,24.0,32.0,32.0,26.0,19.0,1.0,25.0,26.0,15.0,28.0,7.0,97.0,590.0,235.0,,216.0,391.0,475.0,174.0,392.0,257.0,242.0,410.0,258.0,452.0,548.0,T,T,T,T,T,T,T,T,F,0.0,3.0,6.0,0.0,4.0,6.0,,1.0,4.0,5.0,3.0,2.0,0.0,4.0,3.0,3.0,7.0,7.0,2.0,3.0,1.0,2.0,3.0,6.0,7.0,0.0,6.0,2.0,6.0,2.0,1.0,2.0,3.0,7.0,4.0,4.0,0.0,2.0,1.0,4.0
2987456,1,14511288,23.61,H,10131.0,394.0,185.0,visa,177.0,debit,326.0,87.0,44.8223,,anonymous.com,hotmail.com,19.0,5.0,17.0,25.0,20.0,18.0,30.0,19.0,20.0,14.0,36.0,10.0,11.0,26.0,599.0,60.0,373.0,,189.0,237.0,290.0,310.0,152.0,348.0,130.0,134.0,249.0,401.0,310.0,T,T,T,F,T,T,F,T,T,5.0,5.0,3.0,7.0,3.0,7.0,5.0,7.0,0.0,7.0,7.0,0.0,2.0,7.0,3.0,2.0,4.0,6.0,0.0,2.0,5.0,3.0,2.0,0.0,4.0,1.0,6.0,2.0,1.0,3.0,7.0,5.0,3.0,3.0,0.0,7.0,1.0,0.0,7.0,4.0
2987457,0,14536346,64.3,H,16078.0,409.0,185.0,american express,138.0,debit,172.0,87.0,21.362034,108.770386,anonymous.com,gmail.com,24.0,36.0,5.0,14.0,29.0,1.0,8.0,32.0,1.0,36.0,14.0,39.0,13.0,29.0,330.0,339.0,426.0,544.0,183.0,416.0,159.0,474.0,356.0,480.0,81.0,29.0,138.0,7.0,350.0,T,T,F,T,T,T,T,T,F,0.0,1.0,0.0,0.0,1.0,3.0,5.0,6.0,3.0,3.0,5.0,6.0,2.0,2.0,5.0,1.0,5.0,5.0,1.0,4.0,7.0,6.0,5.0,0.0,7.0,0.0,2.0,7.0,2.0,7.0,6.0,3.0,2.0,3.0,5.0,3.0,3.0,3.0,2.0,3.0
2987458,0,14558905,81.68,H,4885.0,,150.0,american express,183.0,credit,106.0,87.0,3.5099163,43.417675,aol.com,yahoo.com,38.0,5.0,24.0,33.0,28.0,6.0,13.0,10.0,1.0,27.0,24.0,37.0,23.0,32.0,16.0,374.0,,,551.0,240.0,317.0,352.0,271.0,93.0,509.0,238.0,333.0,371.0,560.0,T,T,T,T,F,F,F,T,T,2.0,6.0,5.0,1.0,4.0,1.0,,0.0,0.0,4.0,4.0,2.0,6.0,5.0,6.0,2.0,5.0,0.0,7.0,6.0,5.0,1.0,0.0,4.0,6.0,7.0,1.0,7.0,0.0,6.0,3.0,4.0,7.0,0.0,1.0,4.0,5.0,3.0,0.0,3.0
2987459,0,14569776,86.42,W,13981.0,563.0,185.0,mastercard,164.0,debit,158.0,87.0,92.54502,,yahoo.com,hotmail.com,17.0,19.0,22.0,29.0,37.0,1.0,12.0,15.0,22.0,14.0,0.0,27.0,25.0,13.0,63.0,47.0,489.0,,82.0,51.0,435.0,133.0,571.0,477.0,411.0,111.0,341.0,133.0,130.0,T,T,T,T,F,F,T,F,F,4.0,2.0,2.0,0.0,6.0,5.0,,6.0,5.0,1.0,2.0,5.0,6.0,4.0,4.0,5.0,2.0,6.0,1.0,0.0,3.0,0.0,4.0,2.0,5.0,6.0,2.0,2.0,7.0,4.0,3.0,3.0,3.0,5.0,2.0,7.0,4.0,7.0,2.0,4.0
2987460,0,14627084,12.77,R,13784.0,162.0,150.0,american express,211.0,debit,297.0,87.0,13.86409,,anonymous.com,gmail.com,23.0,18.0,25.0,32.0,18.0,32.0,2.0,1.0,20.0,10.0,35.0,17.0,26.0,34.0,285.0,570.0,,,510.0,522.0,409.0,430.0,172.0,133.0,346.0,193.0,57.0,440.0,590.0,F,F,F,T,F,F,F,F,F,7.0,5.0,7.0,7.0,4.0,5.0,5.0,5.0,4.0,5.0,2.0,1.0,6.0,6.0,2.0,1.0,5.0,3.0,1.0,3.0,6.0,2.0,7.0,3.0,5.0,3.0,3.0,2.0,0.0,3.0,7.0,6.0,5.0,7.0,4.0,7.0,2.0,6.0,6.0,6.0
2987461,0,14641989,139.79,S,16411.0,228.0,150.0,american express,125.0,debit,519.0,87.0,9.638873,,gmail.com,yahoo.com,36.0,38.0,17.0,32.0,39.0,18.0,38.0,13.0,39.0,34.0,2.0,2.0,7.0,19.0,370.0,61.0,,,549.0,224.0,101.0,417.0,543.0,20.0,258.0,191.0,242.0,226.0,166.0,F,T,F,F,T,F,F,F,F,2.0,2.0,6.0,2.0,0.0,7.0,1.0,7.0,6.0,7.0,4.0,0.0,3.0,7.0,7.0,0.0,3.0,3.0,6.0,0.0,1.0,1.0,7.0,6.0,7.0,0.0,5.0,2.0,7.0,7.0,0.0,1.0,1.0,2.0,6.0,0.0,4.0,1.0,7.0,7.0
2987462,0,14670466,22.64,W,6184.0,147.0,185.0,american express,107.0,credit,206.0,87.0,2.502899,166.48235,hotmail.com,gmail.com,14.0,26.0,11.0,6.0,20.0,2.0,9.0,3.0,20.0,23.0,21.0,9.0,23.0,15.0,146.0,161.0,156.0,,506.0,339.0,562.0,142.0,375.0,267.0,245.0,469.0,386.0,121.0,209.0,T,F,T,F,F,F,F,T,F,2.0,7.0,0.0,3.0,4.0,4.0,7.0,1.0,3.0,4.0,5.0,1.0,2.0,5.0,4.0,2.0,5.0,7.0,1.0,5.0,4.0,2.0,2.0,4.0,6.0,0.0,1.0,6.0,6.0,3.0,3.0,3.0,7.0,6.0,1.0,5.0,1.0,2.0,4.0,0.0
2987463,0,14732323,109.52,R,4757.0,446.0,150.0,american express,174.0,credit,225.0,87.0,18.040342,57.0255,hotmail.com,yahoo.com,33.0,35.0,9.0,35.0,35.0,8.0,17.0,23.0,39.0,36.0,14.0,3.0,10.0,6.0,219.0,581.0,595.0,454.0,376.0,446.0,170.0,511.0,449.0,181.0,560.0,191.0,32.0,304.0,269.0,T,F,T,T,F,F,T,T,F,2.0,5.0,7.0,6.0,4.0,0.0,5.0,7.0,1.0,7.0,0.0,3.0,3.0,3.0,6.0,7.0,0.0,3.0,3.0,0.0,7.0,0.0,6.0,5.0,1.0,2.0,7.0,7.0,7.0,2.0,0.0,1.0,7.0,0.0,3.0,6.0,4.0,1.0,1.0,1.0
2987464,0,14735002,53.96,R,10529.0,,185.0,discover,135.0,credit,206.0,87.0,16.555914,,aol.com,yahoo.com,21.0,23.0,8.0,33.0,29.0,24.0,14.0,35.0,32.0,13.0,1.0,31.0,11.0,12.0,441.0,333.0,364.0,555.0,513.0,49.0,491.0,505.0,101.0,110.0,408.0,90.0,585.0,265.0,360.0,F,F,T,F,F,T,T,T,F,4.0,3.0,7.0,0.0,5.0,7.0,,0.0,1.0,3.0,3.0,3.0,6.0,4.0,3.0,1.0,1.0,1.0,2.0,2.0,2.0,4.0,1.0,1.0,4.0,5.0,5.0,7.0,6.0,4.0,1.0,5.0,0.0,7.0,2.0,7.0,4.0,7.0,4.0,5.0
2987465,0,14783578,12.01,S,10244.0,,150.0,visa,198.0,debit,256.0,87.0,69.0925,,anonymous.com,gmail.com,35.0,33.0,17.0,9.0,5.0,23.0,1.0,18.0,13.0,0.0,18.0,3.0,37.0,38.0,580.0,407.0,545.0,,19.0,432.0,187.0,362.0,11.0,253.0,579.0,575.0,516.0,204.0,193.0,T,F,F,F,F,F,F,F,F,1.0,3.0,6.0,0.0,3.0,5.0,7.0,0.0,6.0,7.0,0.0,3.0,4.0,5.0,1.0,1.0,7.0,1.0,5.0,5.0,0.0,4.0,1.0,0.0,3.0,6.0,1.0,6.0,3.0,3.0,7.0,2.0,5.0,2.0,5.0,6.0,1.0,2.0,4.0,1.0
2987466,0,14836568,38.56,C,8125.0,,185.0,american express,113.0,debit,415.0,87.0,40.551052,70.03555,aol.com,gmail.com,18.0,34.0,18.0,39.0,25.0,32.0,36.0,36.0,37.0,35.0,37.0,27.0,4.0,28.0,294.0,296.0,,61.0,490.0,219.0,38.0,177.0,438.0,521.0,480.0,29.0,382.0,527.0,475.0,T,F,T,F,F,F,F,F,T,4.0,0.0,2.0,1.0,0.0,6.0,,3.0,7.0,4.0,3.0,7.0,4.0,6.0,7.0,3.0,5.0,7.0,4.0,6.0,3.0,2.0,2.0,2.0,7.0,4.0,2.0,2.0,6.0,7.0,0.0,2.0,4.0,3.0,6.0,0.0,1.0,7.0,4.0,4.0
2987467,0,14879002,81.61,R,14559.0,,185.0,discover,180.0,credit,241.0,87.0,5.587179,,aol.com,yahoo.com,25.0,34.0,26.0,21.0,35.0,1.0,8.0,39.0,19.0,9.0,6.0,38.0,16.0,29.0,249.0,451.0,291.0,,306.0,326.0,597.0,212.0,288.0,351.0,460.0,122.0,9.0,389.0,12.0,T,T,T,T,T,T,F,T,F,6.0,2.0,5.0,5.0,1.0,0.0,5.0,5.0,0.0,1.0,6.0,5.0,3.0,1.0,5.0,3.0,1.0,4.0,4.0,1.0,3.0,5.0,0.0,1.0,1.0,7.0,5.0,2.0,7.0,1.0,7.0,1.0,1.0,0.0,5.0,6.0,4.0,0.0,2.0,3.0
2987468,0,15023864,107.15,H,14903.0,325.0,150.0,american express,238.0,credit,389.0,87.0,15.285659,,hotmail.com,hotmail.com,12.0,16.0,2.0,12.0,5.0,2.0,4.0,2.0,23.0,33.0,11.0,12.0,17.0,35.0,216.0,48.0,,422.0,575.0,274.0,353.0,263.0,185.0,436.0,332.0,208.0,310.0,292.0,399.0,T,T,T,F,T,F,F,T,T,0.0,6.0,6.0,7.0,2.0,3.0,5.0,1.0,5.0,2.0,5.0,5.0,5.0,6.0,2.0,7.0,1.0,4.0,4.0,4.0,6.0,1.0,2.0,2.0,6.0,7.0,4.0,7.0,7.0,0.0,6.0,6.0,6.0,7.0,6.0,6.0,4.0,4.0,1.0,1.0
2987469,0,15051911,46.75,W,5275.0,,150.0,american express,113.0,credit,495.0,87.0,26.784504,7.130385,anonymous.com,gmail.com,25.0,15.0,11.0,8.0,33.0,1.0,13.0,20.0,4.0,28.0,7.0,27.0,9.0,10.0,81.0,405.0,433.0,360.0,51.0,466.0,128.0,112.0,537.0,89.0,145.0,37.0,539.0,135.0,393.0,F,F,T,T,F,T,F,F,T,7.0,6.0,6.0,4.0,5.0,3.0,,2.0,3.0,3.0,0.0,0.0,6.0,6.0,6.0,1.0,4.0,4.0,6.0,1.0,6.0,0.0,6.0,6.0,3.0,6.0,4.0,3.0,6.0,3.0,5.0,1.0,6.0,4.0,3.0,4.0,7.0,0.0,2.0,4.0
2987470,0,15074475,294.41,S,14842.0,,185.0,visa,142.0,credit,516.0,87.0,78.12168,,gmail.com,hotmail.com,13.0,39.0,34.0,14.0,4.0,15.0,5.0,21.0,8.0,9.0,4.0,35.0,31.0,26.0,31.0,39.0,120.0,11.0,558.0,112.0,0.0,183.0,195.0,45.0,392.0,539.0,13.0,341.0,320.0,T,T,F,F,F,F,F,F,F,4.0,7.0,3.0,6.0,5.0,2.0,4.0,3.0,2.0,0.0,5.0,3.0,5.0,0.0,0.0,3.0,0.0,1.0,4.0,4.0,2.0,3.0,6.0,1.0,7.0,0.0,0.0,1.0,6.0,7.0,5.0,6.0,6.0,7.0,4.0,0.0,3.0,4.0,7.0,4.0
2987471,0,15109012,165.38,S,5014.0,,150.0,mastercard,218.0,credit,347.0,87.0,1.5335656,610.78467,hotmail.com,gmail.com,24.0,30.0,36.0,1.0,34.0,29.0,39.0,15.0,20.0,30.0,9.0,17.0,19.0,14.0,500.0,107.0,,27.0,344.0,64.0,77.0,80.0,260.0,201.0,429.0,211.0,475.0,15.0,368.0,T,T,T,T,F,T,T,T,F,5.0,0.0,5.0,7.0,5.0,6.0,7.0,1.0,4.0,7.0,0.0,4.0,3.0,2.0,7.0,2.0,3.0,3.0,4.0,0.0,6.0,1.0,2.0,1.0,6.0,7.0,3.0,6.0,5.0,0.0,1.0,7.0,4.0,2.0,2.0,1.0,3.0,0.0,3.0,5.0
2987472,0,15150880,41.17,H,8092.0,528.0,150.0,visa,174.0,debit,413.0,87.0,12.874669,,gmail.com,yahoo.com,31.0,36.0,37.0,27.0,31.0,26.0,7.0,33.0,10.0,3.0,22.0,17.0,28.0,33.0,22.0,303.0,,402.0,62.0,246.0,101.0,92.0,434.0,464.0,313.0,469.0,503.0,530.0,448.0,T,T,F,F,F,F,T,T,F,4.0,2.0,3.0,2.0,2.0,1.0,2.0,1.0,7.0,1.0,0.0,4.0,6.0,1.0,4.0,1.0,2.0,7.0,7.0,6.0,1.0,6.0,2.0,1.0,2.0,7.0,4.0,3.0,7.0,6.0,0.0,7.0,5.0,0.0,7.0,2.0,3.0,1.0,0.0,6.0
2987473,0,15157441,124.6,H,1472.0,269.0,150.0,visa,124.0,debit,504.0,87.0,6.845428,596.3916,anonymous.com,yahoo.com,17.0,23.0,12.0,28.0,6.0,8.0,12.0,15.0,23.0,15.0,31.0,8.0,15.0,16.0,492.0,269.0,,513.0,305.0,70.0,555.0,446.0,577.0,531.0,12.0,80.0,45.0,0.0,542.0,F,F,T,T,F,F,T,F,F,7.0,6.0,2.0,1.0,3.0,0.0,6.0,1.0,1.0,5.0,7.0,7.0,7.0,4.0,4.0,2.0,1.0,1.0,0.0,0.0,1.0,2.0,2.0,2.0,6.0,4.0,5.0,0.0,3.0,0.0,2.0,2.0,5.0,5.0,1.0,6.0,6.0,1.0,2.0,7.0
2987474,0,15169707,458.14,H,6922.0,255.0,185.0,american express,129.0,credit,446.0,87.0,23.574078,,aol.com,yahoo.com,17.0,37.0,5.0,26.0,29.0,26.0,10.0,2.0,3.0,14.0,27.0,17.0,35.0,34.0,148.0,91.0,17.0,,22.0,145.0,106.0,77.0,539.0,61.0,576.0,312.0,138.0,419.0,131.0,F,T,T,T,F,F,F,F,F,5.0,2.0,5.0,1.0,0.0,1.0,,7.0,6.0,7.0,0.0,3.0,6.0,1.0,0.0,2.0,2.0,7.0,6.0,4.0,4.0,3.0,0.0,1.0,1.0,4.0,3.0,7.0,4.0,4.0,6.0,5.0,6.0,1.0,7.0,1.0,2.0,5.0,3.0,3.0
2987475,0,15178596,471.79,H,17678.0,135.0,150.0,american express,207.0,credit,231.0,87.0,22.082613,,anonymous.com,gmail.com,12.0,28.0,7.0,21.0,4.0,26.0,1.0,21.0,10.0,26.0,30.0,34.0,29.0,29.0,416.0,478.0,,27.0,49.0,394.0,97.0,281.0,391.0,285.0,495.0,75.0,434.0,207.0,286.0,F,T,T,T,F,T,F,F,T,7.0,1.0,3.0,6.0,6.0,7.0,7.0,7.0,0.0,3.0,2.0,2.0,7.0,2.0,1.0,5.0,2.0,2.0,1.0,3.0,5.0,2.0,1.0,1.0,0.0,6.0,4.0,2.0,6.0,3.0,2.0,6.0,4.0,4.0,5.0,5.0,3.0,5.0,4.0,5.0
2987476,0,15206089,14.14,S,8700.0,307.0,185.0,american express,220.0,credit,158.0,87.0,39.0778,,aol.com,hotmail.com,29.0,29.0,5.0,14.0,22.0,7.0,0.0,8.0,26.0,21.0,28.0,26.0,13.0,30.0,570.0,181.0,557.0,242.0,319.0,491.0,502.0,257.0,66.0,237.0,211.0,138.0,546.0,431.0,337.0,T,F,T,T,T,T,T,F,F,2.0,2.0,1.0,5.0,2.0,0.0,6.0,5.0,5.0,4.0,1.0,7.0,2.0,1.0,5.0,6.0,0.0,2.0,2.0,1.0,6.0,3.0,7.0,4.0,4.0,4.0,1.0,2.0,2.0,1.0,1.0,0.0,5.0,0.0,7.0,1.0,2.0,4.0,5.0,6.0
2987477,0,15218846,19.7,R,13354.0,337.0,150.0,american express,150.0,credit,150.0,87.0,20.590284,451.26425,yahoo.com,gmail.com,23.0,7.0,38.0,28.0,36.0,29.0,20.0,14.0,24.0,24.0,15.0,8.0,38.0,37.0,449.0,519.0,,188.0,489.0,416.0,527.0,27.0,65.0,446.0,296.0,244.0,462.0,216.0,206.0,F,F,T,T,T,F,T,F,F,1.0,7.0,5.0,6.0,4.0,4.0,5.0,5.0,0.0,4.0,4.0,2.0,3.0,0.0,4.0,1.0,5.0,0.0,0.0,4.0,4.0,0.0,5.0,0.0,3.0,2.0,6.0,4.0,6.0,5.0,6.0,0.0,0.0,1.0,5.0,6.0,4.0,1.0,3.0,7.0
2987478,0,15231583,279.61,R,2877.0,477.0,150.0,discover,166.0,debit,488.0,87.0,26.660492,40.861,aol.com,hotmail.com,20.0,22.0,35.0,34.0,8.0,16.0,9.0,20.0,39.0,19.0,36.0,21.0,34.0,31.0,437.0,8.0,378.0,589.0,64.0,190.0,125.0,498.0,415.0,123.0,74.0,517.0,315.0,15.0,584.0,F,F,F,F,T,F,T,T,F,5.0,6.0,2.0,4.0,3.0,1.0,,1.0,0.0,6.0,4.0,4.0,1.0,3.0,1.0,3.0,2.0,5.0,4.0,1.0,1.0,7.0,5.0,1.0,1.0,5.0,5.0,2.0,0.0,1.0,5.0,1.0,4.0,5.0,2.0,0.0,5.0,2.0,1.0,5.0
2987479,0,15232637,17.05,H,12058.0,476.0,150.0,discover,209.0,debit,344.0,87.0,23.73653,,hotmail.com,yahoo.com,1.0,29.0,32.0,3.0,6.0,2.0,3.0,28.0,35.0,29.0,6.0,28.0,23.0,12.0,158.0,142.0,,,157.0,488.0,390.0,590.0,305.0,290.0,562.0,183.0,361.0,569.0,306.0,F,T,F,T,F,F,F,F,T,1.0,0.0,4.0,7.0,2.0,3.0,3.0,0.0,0.0,0.0,6.0,0.0,2.0,2.0,5.0,2.0,0.0,2.0,6.0,4.0,5.0,1.0,2.0,6.0,7.0,6.0,5.0,6.0,4.0,3.0,4.0,7.0,1.0,5.0,2.0,1.0,3.0,3.0,3.0,1.0
2987480,0,15233321,12.75,W,7465.0,170.0,185.0,american express,124.0,credit,230.0,87.0,4.2490697,324.80307,anonymous.com,yahoo.com,4.0,30.0,29.0,15.0,16.0,15.0,11.0,11.0,32.0,6.0,27.0,3.0,0.0,20.0,358.0,178.0,216.0,334.0,234.0,243.0,320.0,383.0,79.0,509.0,138.0,452.0,314.0,459.0,355.0,F,F,F,T,T,T,T,T,F,0.0,6.0,2.0,7.0,1.0,4.0,1.0,3.0,6.0,2.0,7.0,1.0,5.0,4.0,5.0,6.0,0.0,3.0,3.0,5.0,3.0,3.0,6.0,0.0,0.0,1.0,5.0,5.0,0.0,4.0,3.0,0.0,3.0,1.0,1.0,0.0,2.0,7.0,0.0,2.0
2987481,0,15336481,31.98,S,13945.0,,150.0,discover,128.0,credit,252.0,87.0,8.086972,,anonymous.com,gmail.com,0.0,38.0,13.0,39.0,14.0,30.0,10.0,15.0,0.0,28.0,4.0,30.0,23.0,18.0,385.0,357.0,201.0,569.0,324.0,108.0,346.0,402.0,417.0,278.0,226.0,55.0,346.0,26.0,116.0,T,T,T,T,T,F,T,T,T,1.0,4.0,7.0,6.0,7.0,0.0,,7.0,4.0,4.0,5.0,0.0,5.0,1.0,2.0,0.0,7.0,4.0,5.0,3.0,2.0,6.0,1.0,0.0,4.0,5.0,7.0,4.0,7.0,4.0,6.0,6.0,6.0,1.0,7.0,4.0,5.0,5.0,4.0,1.0
2987482,0,15344959,86.68,H,17147.0,355.0,150.0,discover,208.0,debit,223.0,87.0,9.584204,,anonymous.com,yahoo.com,34.0,13.0,19.0,34.0,1.0,27.0,16.0,2.0,24.0,2.0,30.0,8.0,27.0,2.0,255.0,240.0,,,0.0,453.0,186.0,139.0,565.0,468.0,257.0,150.0,462.0,19.0,249.0,F,F,T,T,T,T,T,T,T,2.0,6.0,6.0,6.0,0.0,1.0,,3.0,5.0,0.0,3.0,3.0,0.0,2.0,5.0,3.0,0.0,5.0,3.0,2.0,2.0,3.0,7.0,0.0,2.0,1.0,7.0,1.0,6.0,0.0,5.0,6.0,0.0,6.0,0.0,6.0,2.0,0.0,3.0,1.0
2987483,0,15451693,48.78,H,10250.0,267.0,185.0,visa,126.0,debit,452.0,87.0,162.5419,,yahoo.com,hotmail.com,34.0,12.0,33.0,39.0,18.0,10.0,39.0,15.0,9.0,3.0,3.0,11.0,14.0,23.0,22.0,94.0,,595.0,383.0,310.0,450.0,506.0,39.0,373.0,157.0,362.0,29.0,318.0,375.0,F,F,F,T,T,T,F,F,T,0.0,4.0,3.0,0.0,7.0,4.0,,6.0,1.0,6.0,0.0,7.0,6.0,7.0,7.0,2.0,7.0,7.0,6.0,3.0,6.0,5.0,4.0,4.0,2.0,4.0,6.0,3.0,1.0,3.0,2.0,7.0,6.0,0.0,6.0,3.0,7.0,0.0,2.0,2.0
2987484,0,15463881,26.69,C,2789.0,,150.0,discover,207.0,credit,369.0,87.0,3.3767745,144.54688,anonymous.com,hotmail.com,2.0,38.0,32.0,7.0,10.0,30.0,12.0,23.0,10.0,28.0,8.0,16.0,5.0,17.0,547.0,342.0,276.0,268.0,298.0,222.0,528.0,470.0,495.0,358.0,380.0,280.0,125.0,573.0,257.0,F,T,F,F,T,T,F,T,F,5.0,5.0,5.0,5.0,0.0,0.0,7.0,2.0,7.0,5.0,7.0,0.0,1.0,6.0,3.0,2.0,1.0,4.0,7.0,7.0,1.0,0.0,2.0,5.0,1.0,0.0,2.0,2.0,1.0,5.0,1.0,4.0,2.0,1.0,5.0,4.0,4.0,2.0,5.0,3.0
2987485,0,15504659,26.01,C,9284.0,522.0,150.0,american express,169.0,credit,486.0,87.0,5.04869,,anonymous.com,hotmail.com,1.0,39.0,20.0,18.0,4.0,15.0,28.0,24.0,8.0,6.0,15.0,20.0,22.0,15.0,118.0,574.0,238.0,285.0,577.0,396.0,435.0,262.0,206.0,155.0,597.0,301.0,35.0,346.0,462.0,F,T,F,T,F,T,F,T,F,4.0,4.0,1.0,7.0,0.0,3.0,,2.0,6.0,0.0,4.0,7.0,1.0,2.0,1.0,7.0,0.0,1.0,5.0,6.0,4.0,2.0,6.0,5.0,3.0,7.0,0.0,7.0,5.0,4.0,6.0,4.0,6.0,7.0,1.0,5.0,3.0,1.0,6.0,6.0
2987486,0,15525034,24.94,R,3142.0,465.0,150.0,discover,238.0,credit,232.0,87.0,0.5394561,,aol.com,gmail.com,31.0,7.0,33.0,5.0,11.0,18.0,30.0,11.0,18.0,30.0,27.0,36.0,32.0,4.0,584.0,80.0,55.0,30.0,180.0,434.0,541.0,423.0,238.0,595.0,513.0,406.0,477.0,6.0,82.0,F,T,F,F,T,F,F,F,T,1.0,5.0,7.0,2.0,7.0,4.0,6.0,6.0,3.0,0.0,1.0,6.0,4.0,1.0,7.0,4.0,4.0,5.0,2.0,0.0,0.0,6.0,3.0,5.0,5.0,5.0,0.0,6.0,7.0,5.0,1.0,5.0,6.0,4.0,7.0,3.0,1.0,3.0,2.0,2.0
2987487,0,15559414,20.75,H,8821.0,360.0,150.0,mastercard,104.0,debit,307.0,87.0,20.735315,52.887177,hotmail.com,yahoo.com,20.0,15.0,13.0,34.0,0.0,3.0,2.0,2.0,4.0,5.0,1.0,8.0,12.0,20.0,559.0,151.0,,,296.0,134.0,66.0,573.0,430.0,149.0,318.0,46.0,436.0,419.0,92.0,T,T,F,T,T,F,T,T,F,2.0,6.0,1.0,6.0,7.0,1.0,,3.0,7.0,1.0,4.0,0.0,1.0,7.0,7.0,3.0,6.0,0.0,6.0,2.0,5.0,2.0,2.0,0.0,2.0,3.0,6.0,0.0,2.0,6.0,3.0,5.0,0.0,0.0,1.0,6.0,6.0,7.0,4.0,1.0
2987488,0,15568625,671.69,H,2063.0,258.0,185.0,visa,232.0,credit,153.0,87.0,42.360947,166.62842,hotmail.com,yahoo.com,12.0,37.0,16.0,20.0,36.0,39.0,20.0,23.0,21.0,5.0,10.0,10.0,18.0,23.0,11.0,287.0,188.0,116.0,48.0,70.0,394.0,361.0,148.0,558.0,78.0,417.0,31.0,256.0,203.0,F,F,F,F,T,T,T,F,F,7.0,4.0,6.0,2.0,7.0,1.0,,5.0,1.0,5.0,3.0,0.0,7.0,5.0,3.0,6.0,0.0,6.0,0.0,0.0,1.0,3.0,5.0,2.0,5.0,4.0,7.0,4.0,7.0,1.0,7.0,6.0,1.0,7.0,1.0,2.0,4.0,1.0,4.0,1.0
2987489,0,15568987,75.74,H,12143.0,521.0,185.0,visa,131.0,credit,527.0,87.0,38.67457,,hotmail.com,hotmail.com,24.0,7.0,33.0,9.0,39.0,33.0,17.0,26.0,6.0,37.0,13.0,15.0,0.0,4.0,443.0,435.0,277.0,,550.0,310.0,599.0,119.0,94.0,593.0,517.0,517.0,63.0,383.0,191.0,F,T,F,T,F,F,F,F,F,7.0,0.0,6.0,1.0,6.0,3.0,,5.0,2.0,4.0,2.0,7.0,1.0,3.0,3.0,6.0,2.0,2.0,7.0,1.0,7.0,0.0,5.0,5.0,3.0,4.0,5.0,6.0,3.0,6.0,3.0,2.0,6.0,2.0,4.0,1.0,7.0,4.0,4.0,1.0
2987490,0,15571589,144.81,S,6401.0,117.0,185.0,discover,104.0,credit,325.0,87.0,23.554228,40.606316,gmail.com,hotmail.com,9.0,31.0,15.0,3.0,14.0,7.0,20.0,3.0,20.0,7.0,29.0,34.0,28.0,25.0,380.0,81.0,55.0,113.0,500.0,30.0,321.0,198.0,578.0,306.0,154.0,459.0,158.0,210.0,489.0,T,F,F,F,F,T,F,F,F,0.0,0.0,1.0,5.0,3.0,5.0,,5.0,0.0,3.0,3.0,4.0,1.0,5.0,6.0,1.0,6.0,5.0,6.0,6.0,7.0,4.0,4.0,5.0,6.0,0.0,5.0,4.0,3.0,7.0,6.0,7.0,2.0,5.0,0.0,1.0,5.0,3.0,3.0,3.0
2987491,0,15583754,31.88,S,4506.0,323.0,185.0,discover,201.0,credit,343.0,87.0,24.301622,,gmail.com,hotmail.com,7.0,4.0,30.0,29.0,35.0,22.0,6.0,20.0,25.0,36.0,38.0,38.0,34.0,6.0,138.0,138.0,,,212.0,383.0,565.0,111.0,209.0,521.0,546.0,170.0,145.0,4.0,520.0,T,F,T,F,F,T,F,F,T,4.0,3.0,0.0,1.0,0.0,0.0,6.0,5.0,1.0,4.0,6.0,1.0,6.0,1.0,0.0,3.0,0.0,1.0,5.0,6.0,6.0,2.0,3.0,2.0,3.0,4.0,0.0,1.0,2.0,6.0,3.0,3.0,3.0,5.0,0.0,1.0,6.0,5.0,1.0,3.0
2987492,0,15640250,44.5,H,1301.0,,150.0,american express,174.0,debit,282.0,87.0,18.109154,198.05847,gmail.com,gmail.com,14.0,7.0,18.0,32.0,18.0,31.0,18.0,3.0,7.0,13.0,24.0,18.0,31.0,5.0,487.0,141.0,,363.0,276.0,263.0,209.0,198.0,101.0,429.0,237.0,210.0,311.0,11.0,283.0,T,T,T,F,T,T,F,F,T,2.0,3.0,5.0,3.0,4.0,2.0,5.0,6.0,6.0,3.0,1.0,7.0,2.0,3.0,2.0,3.0,1.0,3.0,4.0,3.0,2.0,6.0,2.0,6.0,2.0,5.0,4.0,1.0,2.0,6.0,5.0,1.0,0.0,2.0,4.0,0.0,0.0,4.0,1.0,3.0
2987493,0,15658941,24.91,C,16452.0,,150.0,american express,217.0,debit,219.0,87.0,22.094673,,anonymous.com,gmail.com,35.0,31.0,11.0,35.0,36.0,20.0,4.0,18.0,4.0,31.0,20.0,27.0,17.0,16.0,66.0,369.0,540.0,523.0,514.0,128.0,537.0,534.0,413.0,442.0,311.0,576.0,299.0,379.0,303.0,F,T,F,F,F,F,F,F,F,2.0,6.0,6.0,7.0,4.0,7.0,1.0,3.0,3.0,2.0,7.0,4.0,5.0,3.0,4.0,3.0,2.0,5.0,2.0,5.0,6.0,3.0,3.0,6.0,4.0,2.0,4.0,5.0,2.0,1.0,4.0,6.0,5.0,2.0,7.0,0.0,0.0,4.0,0.0,2.0
2987494,0,15727817,2.95,R,15567.0,225.0,150.0,mastercard,115.0,debit,517.0,87.0,34.365685,58.149837,hotmail.com,hotmail.com,30.0,24.0,8.0,38.0,6.0,8.0,37.0,25.0,32.0,37.0,13.0,36.0,1.0,15.0,149.0,49.0,197.0,,177.0,359.0,563.0,113.0,130.0,41.0,262.0,473.0,214.0,381.0,176.0,T,T,F,F,T,T,F,F,T,4.0,0.0,5.0,1.0,5.0,2.0,2.0,2.0,5.0,0.0,0.0,5.0,5.0,5.0,5.0,2.0,6.0,4.0,3.0,2.0,1.0,6.0,6.0,6.0,5.0,3.0,1.0,4.0,1.0,5.0,2.0,4.0,0.0,4.0,0.0,0.0,5.0,2.0,0.0,3.0
2987495,0,15739811,11.99,R,15124.0,425.0,185.0,american express,111.0,credit,315.0,87.0,139.02242,132.28519,aol.com,hotmail.com,7.0,22.0,24.0,32.0,11.0,38.0,23.0,28.0,29.0,4.0,32.0,33.0,19.0,36.0,569.0,395.0,336.0,,141.0,225.0,373.0,535.0,465.0,82.0,273.0,558.0,98.0,193.0,319.0,F,F,F,F,F,F,T,T,T,7.0,7.0,0.0,1.0,0.0,2.0,2.0,4.0,7.0,0.0,1.0,5.0,1.0,1.0,5.0,6.0,6.0,0.0,0.0,3.0,2.0,7.0,2.0,6.0,3.0,2.0,6.0,4.0,3.0,3.0,7.0,0.0,2.0,3.0,5.0,1.0,0.0,7.0,6.0,5.0
2987496,0,15742109,7.45,H,2011.0,194.0,150.0,discover,179.0,debit,396.0,87.0,69.42895,,anonymous.com,yahoo.com,22.0,34.0,19.0,31.0,29.0,10.0,1.0,28.0,10.0,13.0,4.0,27.0,37.0,2.0,445.0,255.0,525.0,576.0,145.0,233.0,422.0,171.0,42.0,41.0,98.0,548.0,389.0,49.0,423.0,T,T,F,F,F,T,T,T,T,4.0,0.0,5.0,7.0,0.0,5.0,,2.0,6.0,5.0,5.0,1.0,4.0,3.0,2.0,7.0,5.0,0.0,2.0,6.0,1.0,6.0,7.0,7.0,7.0,1.0,2.0,2.0,2.0,7.0,3.0,1.0,3.0,1.0,4.0,5.0,7.0,2.0,0.0,0.0
2987497,0,15773077,4.6,S,7082.0,157.0,185.0,mastercard,223.0,debit,116.0,87.0,52.0337,,gmail.com,gmail.com,35.0,12.0,14.0,32.0,8.0,13.0,20.0,30.0,35.0,22.0,5.0,21.0,3.0,13.0,67.0,197.0,,,424.0,129.0,313.0,299.0,311.0,18.0,331.0,260.0,473.0,463.0,433.0,F,F,F,T,F,T,T,F,T,7.0,3.0,3.0,6.0,4.0,3.0,4.0,0.0,3.0,5.0,1.0,2.0,4.0,6.0,6.0,0.0,5.0,7.0,4.0,2.0,0.0,5.0,1.0,6.0,4.0,7.0,1.0,2.0,0.0,6.0,3.0,0.0,6.0,5.0,0.0,1.0,7.0,1.0,6.0,7.0
2987498,0,15782921,14.66,C,17901.0,,150.0,american express,156.0,debit,221.0,87.0,70.843475,,gmail.com,gmail.com,38.0,20.0,29.0,39.0,32.0,14.0,37.0,9.0,8.0,34.0,8.0,39.0,8.0,29.0,86.0,517.0,176.0,109.0,126.0,405.0,190.0,317.0,241.0,501.0,241.0,77.0,384.0,90.0,581.0,F,T,T,F,F,F,T,T,T,6.0,3.0,7.0,3.0,6.0,3.0,,2.0,2.0,1.0,6.0,1.0,0.0,1.0,5.0,6.0,0.0,4.0,2.0,2.0,2.0,4.0,1.0,4.0,2.0,4.0,5.0,3.0,2.0,1.0,5.0,4.0,3.0,5.0,1.0,4.0,4.0,0.0,7.0,2.0
2987499,0,15791370,234.5,R,11067.0,542.0,185.0,visa,211.0,credit,453.0,87.0,4.161731,241.2023,yahoo.com,hotmail.com,30.0,24.0,0.0,18.0,17.0,35.0,29.0,33.0,37.0,7.0,10.0,9.0,33.0,9.0,154.0,491.0,26.0,,53.0,541.0,321.0,75.0,574.0,105.0,508.0,137.0,484.0,113.0,346.0,T,F,T,F,F,F,F,T,T,6.0,4.0,6.0,3.0,7.0,6.0,0.0,4.0,0.0,1.0,5.0,4.0,6.0,0.0,4.0,6.0,1.0,6.0,6.0,1.0,4.0,3.0,2.0,3.0,0.0,3.0,3.0,4.0,0.0,7.0,7.0,6.0,7.0,4.0,3.0,0.0,5.0,0.0,1.0,1.0
