loan_status,issue_d,loan_amnt,funded_amnt,term,int_rate,installment,grade,sub_grade,emp_length,home_ownership,annual_inc,verification_status,purpose,addr_state,dti,delinq_2yrs,earliest_cr_line,fico_range_low,inq_last_6mths,mths_since_last_delinq,open_acc,pub_rec,revol_bal,revol_util,total_acc,application_type,mort_acc,pub_rec_bankruptcies,fico_range_high
Charged Off,Aug-2012,21500.0,35500.0, 60 months,22.5,1268.82,B,G4,< 1 year,MORTGAGE,72319.41,Source Verified,other,NY,9.4,1.0,Sep-2003,730.0,0.0,91.0,29.0,1.0,53039.54,35.1,32.0,Individual,4.0,1.0,734.0
Current,Apr-2017,11000.0,3000.0, 36 months,29.89,686.19,A,B5,10+ years,OWN,54105.68,Not Verified,home_improvement,TX,21.27,0.0,Aug-1991,800.0,5.0,94.0,3.0,0.0,49600.03,94.2,24.0,Individual,2.0,0.0,804.0
Fully Paid,Jun-2016,10000.0,16500.0, 60 months,14.8,1430.87,E,A4,3 years,MORTGAGE,23174.98,Not Verified,other,IL,8.17,2.0,Dec-1994,835.0,2.0,1.0,9.0,2.0,32801.05,25.5,6.0,Individual,0.0,1.0,839.0
Fully Paid,Dec-2014,13500.0,19000.0, 36 months,16.18,986.67,E,F3,3 years,OWN,60218.29,Not Verified,home_improvement,TX,29.05,2.0,Apr-2008,790.0,0.0,17.0,18.0,2.0,1344.33,28.1,8.0,Joint App,0.0,1.0,794.0
Fully Paid,Dec-2014,24500.0,32500.0, 36 months,26.09,200.37,F,D3,3 years,OWN,30935.53,Source Verified,other,TX,7.88,0.0,Nov-1996,830.0,3.0,93.0,18.0,1.0,33745.78,63.5,46.0,Joint App,4.0,0.0,834.0
Current,Nov-2017,10500.0,6000.0, 36 months,18.25,1331.09,G,F2,1 year,RENT,21149.44,Verified,other,IL,11.65,1.0,Dec-2004,660.0,0.0,21.0,27.0,0.0,3275.34,0.4,50.0,Joint App,1.0,1.0,664.0
Current,Aug-2012,37000.0,18000.0, 36 months,24.16,749.22,D,A2,10+ years,OWN,64998.79,Source Verified,other,IL,20.26,2.0,Nov-1996,690.0,2.0,24.0,28.0,1.0,19222.74,72.8,27.0,Individual,0.0,0.0,694.0
Fully Paid,Oct-2016,19500.0,7000.0, 60 months,17.07,238.21,F,A4,3 years,OWN,80236.2,Not Verified,debt_consolidation,TX,19.47,1.0,Sep-2008,775.0,4.0,90.0,20.0,2.0,37734.58,37.7,56.0,Joint App,3.0,0.0,779.0
Fully Paid,May-2013,35000.0,32000.0, 36 months,10.82,254.45,F,D1,5 years,MORTGAGE,82126.73,Not Verified,home_improvement,CA,24.03,1.0,Jul-2006,760.0,4.0,24.0,20.0,2.0,54774.79,97.8,55.0,Joint App,4.0,0.0,764.0
Charged Off,Aug-2012,27500.0,25500.0, 36 months,24.38,1040.67,B,G1,< 1 year,MORTGAGE,84145.47,Not Verified,debt_consolidation,TX,17.5,0.0,Jun-1999,680.0,2.0,17.0,10.0,0.0,21467.74,69.1,41.0,Individual,1.0,1.0,684.0
Fully Paid,Aug-2015,14000.0,20500.0, 36 months,8.66,99.64,F,C2,1 year,RENT,18778.1,Not Verified,debt_consolidation,FL,36.78,0.0,Sep-2003,790.0,2.0,1.0,24.0,2.0,51601.43,5.2,36.0,Individual,3.0,0.0,794.0
Current,Sep-2018,10000.0,16500.0, 60 months,10.38,451.29,A,F4,10+ years,OWN,26460.01,Source Verified,credit_card,NY,33.6,3.0,Apr-1998,670.0,5.0,56.0,20.0,2.0,55101.66,9.3,58.0,Joint App,2.0,1.0,674.0
Fully Paid,Jan-2017,30000.0,7000.0, 60 months,21.35,235.49,E,G4,< 1 year,MORTGAGE,195655.92,Verified,home_improvement,TX,35.16,2.0,Dec-2008,840.0,1.0,76.0,2.0,1.0,1262.63,8.8,38.0,Joint App,0.0,0.0,844.0
Fully Paid,Mar-2017,14000.0,37000.0, 60 months,24.43,678.38,G,G3,< 1 year,OWN,31941.93,Source Verified,credit_card,FL,25.18,0.0,Mar-1997,685.0,0.0,87.0,25.0,1.0,14365.67,95.3,56.0,Joint App,3.0,1.0,689.0
Current,Nov-2016,10500.0,26500.0, 36 months,28.2,639.1,E,D3,10+ years,OWN,86379.41,Source Verified,other,CA,25.4,1.0,Oct-2006,740.0,0.0,108.0,12.0,1.0,42591.74,68.4,58.0,Individual,4.0,0.0,744.0
Fully Paid,May-2017,37500.0,13500.0, 60 months,12.28,797.16,G,E1,1 year,MORTGAGE,39649.65,Not Verified,credit_card,TX,24.37,0.0,May-2002,810.0,4.0,78.0,15.0,0.0,45410.58,42.8,14.0,Individual,4.0,0.0,814.0
Fully Paid,Jul-2015,20000.0,17000.0, 60 months,8.13,441.07,A,D2,1 year,OWN,62805.86,Source Verified,home_improvement,FL,17.4,1.0,Dec-2002,755.0,2.0,90.0,15.0,1.0,23545.01,20.0,40.0,Joint App,0.0,1.0,759.0
Fully Paid,Nov-2012,2500.0,29500.0, 60 months,29.77,77.1,D,E1,3 years,MORTGAGE,40947.56,Not Verified,other,NY,12.88,0.0,Jan-1997,795.0,0.0,25.0,24.0,0.0,39405.28,87.4,44.0,Joint App,2.0,1.0,799.0
Fully Paid,Sep-2017,20500.0,29000.0, 36 months,9.25,933.15,F,D4,< 1 year,OWN,83861.73,Verified,other,TX,23.68,2.0,Sep-2006,790.0,1.0,40.0,9.0,0.0,36729.52,20.2,49.0,Individual,3.0,1.0,794.0
Fully Paid,Jan-2015,19000.0,19000.0, 60 months,10.36,579.37,E,D4,< 1 year,RENT,64994.93,Not Verified,debt_consolidation,FL,1.02,2.0,Dec-2004,835.0,0.0,36.0,12.0,1.0,44386.5,70.7,23.0,Individual,0.0,1.0,839.0
Fully Paid,Jun-2015,35000.0,12500.0, 36 months,12.76,987.46,G,D2,< 1 year,OWN,45753.62,Source Verified,home_improvement,CA,0.3,2.0,May-2006,745.0,4.0,7.0,3.0,1.0,43119.51,76.3,52.0,Individual,4.0,1.0,749.0
Fully Paid,Jul-2014,29000.0,27000.0, 36 months,18.85,189.74,D,E2,< 1 year,MORTGAGE,31885.18,Not Verified,debt_consolidation,FL,34.07,1.0,Feb-2006,840.0,2.0,116.0,11.0,2.0,5152.25,29.5,31.0,Joint App,0.0,0.0,844.0
Fully Paid,Mar-2013,8500.0,27000.0, 36 months,27.9,50.25,E,F2,< 1 year,OWN,70309.66,Source Verified,home_improvement,NY,1.86,1.0,Feb-1993,755.0,0.0,28.0,4.0,1.0,9495.01,50.5,25.0,Individual,1.0,0.0,759.0
Charged Off,Apr-2018,6500.0,24500.0, 36 months,24.77,394.99,C,G5,5 years,MORTGAGE,28922.31,Source Verified,credit_card,NY,20.99,0.0,Aug-2007,825.0,1.0,53.0,18.0,2.0,7963.63,22.3,12.0,Individual,4.0,1.0,829.0
Charged Off,May-2017,24500.0,3500.0, 36 months,23.43,701.12,G,E3,1 year,RENT,77380.39,Verified,other,FL,24.6,0.0,Nov-2006,795.0,3.0,42.0,27.0,2.0,55948.8,37.9,21.0,Joint App,2.0,1.0,799.0
Fully Paid,May-2016,2500.0,19500.0, 36 months,9.78,609.29,A,A4,< 1 year,MORTGAGE,289494.32,Not Verified,other,CA,7.93,1.0,Nov-1994,680.0,3.0,5.0,15.0,1.0,54812.56,96.5,58.0,Joint App,3.0,1.0,684.0
Fully Paid,Sep-2014,13500.0,25000.0, 36 months,14.46,1221.14,B,E3,< 1 year,RENT,134605.29,Not Verified,other,CA,35.83,1.0,Sep-2009,775.0,4.0,108.0,27.0,2.0,47844.74,69.3,44.0,Individual,2.0,0.0,779.0
Fully Paid,Aug-2017,6000.0,38500.0, 60 months,17.55,585.42,A,C4,3 years,MORTGAGE,92134.87,Not Verified,other,TX,7.6,2.0,Aug-2000,820.0,0.0,26.0,29.0,1.0,7003.11,84.7,44.0,Individual,3.0,0.0,824.0
Current,Sep-2015,1500.0,21500.0, 36 months,9.07,809.75,E,A3,10+ years,OWN,56876.39,Verified,credit_card,IL,35.38,0.0,Jun-1996,680.0,0.0,12.0,3.0,1.0,34456.29,54.1,54.0,Individual,0.0,1.0,684.0
Current,Jan-2015,37000.0,14500.0, 60 months,12.3,902.47,B,A2,1 year,MORTGAGE,18708.78,Verified,home_improvement,CA,30.52,1.0,Jun-1994,815.0,0.0,41.0,16.0,0.0,11233.84,23.9,18.0,Individual,3.0,1.0,819.0
Fully Paid,Jan-2015,4500.0,22500.0, 60 months,13.19,62.09,C,E5,< 1 year,MORTGAGE,27082.1,Not Verified,debt_consolidation,FL,9.63,3.0,Apr-1997,675.0,2.0,17.0,16.0,0.0,22103.04,71.3,41.0,Individual,0.0,0.0,679.0
Fully Paid,Jul-2013,1000.0,8000.0, 60 months,8.56,787.25,F,G4,1 year,MORTGAGE,129272.22,Verified,home_improvement,CA,6.03,3.0,Oct-1990,820.0,4.0,119.0,12.0,1.0,16025.48,50.1,24.0,Joint App,0.0,1.0,824.0
Fully Paid,Aug-2012,37500.0,4500.0, 60 months,19.39,536.9,C,D4,3 years,MORTGAGE,37277.54,Source Verified,debt_consolidation,TX,12.65,3.0,Nov-2003,805.0,3.0,22.0,25.0,0.0,49735.86,17.7,51.0,Individual,2.0,0.0,809.0
Fully Paid,Oct-2015,8000.0,27500.0, 36 months,23.35,649.28,B,D5,< 1 year,OWN,39357.77,Source Verified,home_improvement,TX,15.92,1.0,Mar-2004,685.0,1.0,36.0,13.0,1.0,8667.08,41.2,27.0,Joint App,2.0,1.0,689.0
Charged Off,Jan-2018,33000.0,39500.0, 60 months,7.09,177.42,A,A2,10+ years,MORTGAGE,54209.41,Not Verified,other,TX,9.83,0.0,May-2003,790.0,3.0,32.0,3.0,0.0,38770.75,63.5,51.0,Individual,0.0,0.0,794.0
Fully Paid,Jun-2012,2000.0,34000.0, 60 months,17.62,1180.75,B,E1,5 years,RENT,31658.83,Not Verified,home_improvement,CA,39.96,0.0,Jan-2001,680.0,3.0,3.0,17.0,0.0,59033.68,73.5,45.0,Joint App,3.0,1.0,684.0
Fully Paid,Nov-2017,7000.0,24000.0, 36 months,25.32,1415.33,G,A3,1 year,RENT,28679.53,Not Verified,other,FL,9.19,0.0,Apr-1997,765.0,1.0,1.0,7.0,1.0,41223.27,24.3,47.0,Joint App,1.0,1.0,769.0
Fully Paid,Aug-2017,5000.0,2500.0, 36 months,24.45,62.74,D,F2,10+ years,OWN,58088.07,Verified,debt_consolidation,NY,33.23,3.0,Jul-2004,830.0,4.0,61.0,11.0,1.0,4754.01,87.6,55.0,Joint App,4.0,0.0,834.0
Fully Paid,Nov-2013,28500.0,40000.0, 60 months,26.17,914.02,G,F3,1 year,MORTGAGE,35069.33,Source Verified,other,FL,6.36,3.0,Jul-2007,695.0,2.0,27.0,16.0,2.0,54470.97,38.0,48.0,Joint App,0.0,1.0,699.0
Fully Paid,Apr-2016,25000.0,18500.0, 36 months,16.77,1152.85,B,G2,< 1 year,MORTGAGE,38383.73,Not Verified,home_improvement,FL,39.21,3.0,Oct-1991,690.0,0.0,10.0,22.0,2.0,38584.78,27.1,22.0,Individual,1.0,0.0,694.0
Current,Feb-2013,19500.0,12000.0, 36 months,26.31,448.67,C,B2,10+ years,OWN,37469.61,Not Verified,home_improvement,TX,9.02,2.0,Sep-1997,735.0,2.0,34.0,9.0,2.0,27378.66,19.5,33.0,Joint App,1.0,0.0,739.0
Fully Paid,Mar-2017,10500.0,36000.0, 60 months,11.46,1187.71,B,B2,10+ years,OWN,81913.26,Verified,other,NY,16.87,1.0,Dec-2009,725.0,4.0,32.0,12.0,0.0,39581.55,80.4,30.0,Joint App,2.0,0.0,729.0
Current,Oct-2016,4500.0,30000.0, 60 months,14.54,959.56,C,C2,1 year,OWN,52089.81,Not Verified,home_improvement,FL,22.34,1.0,Apr-2007,665.0,4.0,50.0,3.0,1.0,52742.66,35.4,7.0,Individual,2.0,1.0,669.0
Fully Paid,Jun-2014,23000.0,30500.0, 36 months,9.81,1395.87,D,F4,3 years,MORTGAGE,53790.75,Source Verified,credit_card,IL,4.81,3.0,Dec-2009,740.0,1.0,119.0,12.0,0.0,28627.63,48.3,37.0,Individual,0.0,1.0,744.0
Current,Jun-2012,10000.0,11500.0, 60 months,17.27,1472.08,F,B3,< 1 year,MORTGAGE,85662.25,Verified,home_improvement,IL,32.67,3.0,Sep-1993,705.0,4.0,36.0,18.0,0.0,31879.29,22.3,28.0,Joint App,2.0,0.0,709.0
Current,Aug-2018,24000.0,40000.0, 36 months,15.34,92.25,C,G3,5 years,RENT,54982.83,Source Verified,home_improvement,IL,10.99,2.0,May-1999,680.0,2.0,84.0,19.0,0.0,27146.84,68.6,26.0,Individual,4.0,0.0,684.0
Current,Jan-2015,28000.0,18500.0, 60 months,11.47,684.06,F,B1,5 years,OWN,50667.89,Not Verified,other,NY,21.97,3.0,Aug-1992,710.0,2.0,92.0,10.0,1.0,4355.49,78.1,10.0,Joint App,0.0,0.0,714.0
Current,Feb-2018,34500.0,21500.0, 60 months,24.55,834.07,E,A3,5 years,OWN,79401.32,Verified,credit_card,TX,21.99,1.0,May-2007,660.0,0.0,6.0,3.0,0.0,47224.21,33.9,32.0,Joint App,1.0,1.0,664.0
Current,Aug-2016,20500.0,30500.0, 36 months,13.33,245.71,C,B1,3 years,MORTGAGE,89403.82,Verified,home_improvement,NY,24.11,1.0,Jun-2000,825.0,5.0,60.0,18.0,1.0,7584.7,94.5,36.0,Individual,2.0,0.0,829.0
Charged Off,Apr-2017,1000.0,27000.0, 36 months,12.28,524.34,G,F2,5 years,OWN,54817.01,Not Verified,home_improvement,IL,2.22,3.0,Nov-1994,840.0,5.0,53.0,20.0,0.0,23674.2,3.1,9.0,Joint App,3.0,0.0,844.0
Current,Mar-2017,12000.0,7500.0, 60 months,8.65,1481.84,D,E3,3 years,MORTGAGE,62841.1,Not Verified,debt_consolidation,IL,6.74,1.0,Oct-1991,725.0,1.0,60.0,4.0,1.0,23209.37,13.3,39.0,Joint App,0.0,0.0,729.0
Fully Paid,Apr-2013,34500.0,12500.0, 36 months,16.53,53.86,B,C1,10+ years,OWN,37456.14,Verified,debt_consolidation,IL,6.45,3.0,Oct-2004,820.0,3.0,20.0,16.0,1.0,16802.45,58.9,13.0,Individual,1.0,0.0,824.0
Fully Paid,Jun-2014,22000.0,15000.0, 36 months,13.06,695.19,G,E2,< 1 year,MORTGAGE,35724.43,Not Verified,debt_consolidation,CA,12.08,1.0,Apr-2006,745.0,4.0,55.0,4.0,0.0,24150.43,70.1,12.0,Joint App,1.0,1.0,749.0
Fully Paid,Mar-2015,25000.0,38000.0, 36 months,14.75,1268.7,G,E2,3 years,RENT,94986.35,Not Verified,home_improvement,NY,5.8,1.0,Aug-2007,825.0,3.0,14.0,14.0,0.0,37080.55,25.1,26.0,Individual,3.0,1.0,829.0
Current,May-2015,19000.0,29000.0, 60 months,11.34,506.13,A,D5,3 years,MORTGAGE,78195.33,Not Verified,credit_card,FL,36.88,0.0,Jul-2009,690.0,1.0,113.0,19.0,2.0,18683.24,55.4,25.0,Individual,0.0,0.0,694.0
Fully Paid,Apr-2012,7000.0,15000.0, 36 months,24.84,735.3,G,D5,3 years,RENT,78682.74,Verified,other,FL,20.52,2.0,May-2006,710.0,5.0,70.0,22.0,2.0,10350.72,31.8,55.0,Joint App,3.0,1.0,714.0
Fully Paid,Sep-2015,36000.0,30000.0, 60 months,29.11,1467.73,G,A1,< 1 year,OWN,70863.63,Source Verified,home_improvement,NY,24.94,1.0,Oct-2005,795.0,1.0,4.0,21.0,0.0,52162.05,55.4,7.0,Joint App,2.0,1.0,799.0
Charged Off,Jan-2013,31500.0,30000.0, 60 months,18.05,728.07,F,B4,1 year,MORTGAGE,61557.19,Not Verified,debt_consolidation,CA,14.3,1.0,Apr-2006,700.0,2.0,60.0,23.0,2.0,58249.96,65.9,23.0,Individual,1.0,0.0,704.0
Fully Paid,Jan-2017,40000.0,16500.0, 36 months,21.76,222.45,B,D4,10+ years,MORTGAGE,90930.17,Not Verified,debt_consolidation,CA,11.05,2.0,Jan-2010,810.0,2.0,111.0,8.0,0.0,27515.03,97.3,45.0,Individual,4.0,0.0,814.0
Fully Paid,Sep-2016,34500.0,16500.0, 60 months,27.5,106.03,E,A2,< 1 year,OWN,104931.73,Source Verified,credit_card,FL,20.13,0.0,Apr-1999,735.0,5.0,89.0,25.0,2.0,19621.18,45.6,17.0,Individual,4.0,0.0,739.0
Fully Paid,Apr-2018,12000.0,36000.0, 60 months,30.87,1419.76,D,D3,5 years,OWN,103438.94,Verified,other,TX,11.77,0.0,Mar-2005,730.0,3.0,32.0,11.0,0.0,2848.92,64.8,58.0,Individual,4.0,1.0,734.0
Fully Paid,Feb-2017,11000.0,23000.0, 36 months,21.01,420.74,E,A4,5 years,RENT,56361.03,Verified,debt_consolidation,TX,13.75,3.0,Jun-2006,740.0,4.0,107.0,12.0,1.0,2211.09,57.8,45.0,Individual,4.0,0.0,744.0
Fully Paid,Jul-2014,10500.0,6500.0, 60 months,28.08,770.97,E,F2,3 years,MORTGAGE,137612.31,Verified,debt_consolidation,IL,18.11,2.0,May-1992,805.0,5.0,22.0,24.0,0.0,23572.92,31.8,56.0,Joint App,1.0,0.0,809.0
Fully Paid,Aug-2018,37000.0,29000.0, 36 months,28.56,163.33,E,A1,< 1 year,RENT,68670.6,Verified,debt_consolidation,CA,20.23,2.0,Nov-2003,660.0,5.0,29.0,11.0,0.0,55814.52,25.3,57.0,Individual,4.0,0.0,664.0
Fully Paid,Oct-2014,22500.0,24000.0, 36 months,25.56,652.77,D,A2,< 1 year,RENT,87502.77,Verified,credit_card,FL,39.37,0.0,Oct-1996,795.0,5.0,18.0,4.0,1.0,43842.51,98.8,10.0,Individual,0.0,1.0,799.0
Fully Paid,Mar-2014,18500.0,21000.0, 36 months,17.1,1397.26,E,E2,1 year,OWN,70916.1,Verified,other,NY,8.93,2.0,Aug-1992,800.0,5.0,110.0,22.0,0.0,20956.17,20.7,29.0,Individual,1.0,0.0,804.0
Fully Paid,Mar-2018,39000.0,29500.0, 60 months,7.38,768.55,D,B2,< 1 year,RENT,69439.01,Not Verified,home_improvement,IL,19.52,1.0,Jun-1993,810.0,5.0,86.0,20.0,1.0,58082.79,79.0,45.0,Joint App,2.0,1.0,814.0
Charged Off,Jul-2014,24500.0,36500.0, 60 months,5.7,1457.57,A,C2,< 1 year,RENT,38505.21,Source Verified,credit_card,IL,5.98,2.0,Apr-1992,840.0,5.0,62.0,18.0,0.0,25725.47,14.7,4.0,Joint App,3.0,1.0,844.0
Fully Paid,Jul-2012,36500.0,14000.0, 36 months,17.52,410.49,A,C1,< 1 year,OWN,91200.03,Source Verified,debt_consolidation,TX,14.0,0.0,Jan-2008,800.0,3.0,80.0,6.0,0.0,16607.56,80.4,29.0,Joint App,2.0,0.0,804.0
Current,Mar-2015,39500.0,17500.0, 60 months,17.95,771.68,G,B5,< 1 year,MORTGAGE,330108.49,Not Verified,credit_card,NY,28.69,2.0,Jul-2005,755.0,0.0,31.0,19.0,2.0,25581.19,18.6,42.0,Individual,2.0,0.0,759.0
Current,Jun-2017,4000.0,8000.0, 60 months,15.73,1293.51,G,F1,10+ years,RENT,47816.35,Source Verified,home_improvement,NY,6.98,2.0,Jan-1992,745.0,0.0,8.0,7.0,2.0,12692.59,96.7,48.0,Joint App,1.0,0.0,749.0
Fully Paid,Apr-2013,15000.0,26500.0, 60 months,19.85,688.93,E,E4,5 years,MORTGAGE,62479.69,Source Verified,credit_card,CA,23.25,1.0,Jul-2002,730.0,4.0,101.0,17.0,2.0,53138.33,68.6,27.0,Joint App,2.0,0.0,734.0
Fully Paid,Feb-2015,29500.0,16500.0, 60 months,19.44,440.85,B,B4,< 1 year,OWN,45810.88,Verified,home_improvement,IL,16.67,0.0,Apr-2003,810.0,1.0,115.0,16.0,0.0,21670.4,9.0,52.0,Joint App,2.0,0.0,814.0
Fully Paid,Nov-2012,33000.0,14500.0, 36 months,26.72,1287.55,F,E4,5 years,RENT,44675.84,Source Verified,other,CA,2.06,3.0,Jun-2000,730.0,4.0,4.0,23.0,1.0,39478.14,69.3,41.0,Joint App,2.0,0.0,734.0
Current,Sep-2016,6500.0,28500.0, 60 months,8.08,603.14,B,E5,< 1 year,MORTGAGE,151247.02,Verified,debt_consolidation,TX,37.32,2.0,Mar-2002,765.0,5.0,6.0,29.0,0.0,23342.83,60.4,6.0,Joint App,2.0,0.0,769.0
Charged Off,Apr-2015,13500.0,17000.0, 36 months,11.06,810.16,C,D1,3 years,OWN,39983.31,Source Verified,credit_card,TX,16.54,2.0,Mar-2008,675.0,3.0,67.0,7.0,0.0,54103.89,33.8,19.0,Joint App,3.0,0.0,679.0
Current,Apr-2014,22500.0,19000.0, 36 months,25.6,1465.49,C,E2,< 1 year,MORTGAGE,45051.06,Not Verified,debt_consolidation,FL,31.36,3.0,Jun-2000,715.0,4.0,5.0,5.0,1.0,38542.85,26.1,56.0,Joint App,1.0,0.0,719.0
Fully Paid,Jul-2013,32500.0,18000.0, 36 months,27.0,304.13,A,G1,< 1 year,RENT,23098.07,Source Verified,home_improvement,IL,16.65,2.0,Mar-2003,705.0,1.0,86.0,17.0,1.0,29295.11,71.9,4.0,Joint App,0.0,1.0,709.0
Charged Off,Nov-2015,5000.0,11000.0, 60 months,30.77,473.06,F,D3,< 1 year,RENT,38003.48,Verified,credit_card,TX,37.49,0.0,Jun-2001,740.0,2.0,113.0,28.0,1.0,7928.58,74.1,10.0,Joint App,1.0,1.0,744.0
Fully Paid,Jul-2016,24500.0,5500.0, 60 months,27.65,75.67,D,C4,3 years,RENT,21481.77,Not Verified,credit_card,FL,11.62,1.0,Dec-1997,750.0,5.0,33.0,6.0,0.0,54115.0,32.7,23.0,Joint App,2.0,0.0,754.0
Current,Jun-2018,12500.0,33500.0, 36 months,28.08,606.0,C,D5,3 years,OWN,87472.77,Not Verified,debt_consolidation,TX,16.49,3.0,Nov-2007,790.0,4.0,35.0,15.0,2.0,32809.01,87.6,59.0,Individual,0.0,0.0,794.0
Fully Paid,Dec-2014,9500.0,4500.0, 36 months,13.35,324.27,D,F2,1 year,MORTGAGE,321199.7,Source Verified,debt_consolidation,TX,30.35,1.0,Apr-1998,735.0,1.0,103.0,13.0,2.0,17103.18,26.9,43.0,Joint App,0.0,0.0,739.0
Charged Off,Feb-2013,21000.0,13500.0, 36 months,15.58,1029.65,A,E2,5 years,MORTGAGE,48049.77,Verified,credit_card,CA,13.75,3.0,Jan-2006,685.0,5.0,42.0,10.0,0.0,52675.61,7.0,12.0,Individual,4.0,0.0,689.0
Current,Sep-2017,17000.0,27000.0, 60 months,12.16,296.54,D,A5,5 years,OWN,22025.26,Not Verified,home_improvement,NY,14.57,0.0,Feb-2002,760.0,2.0,28.0,20.0,0.0,3266.43,60.0,26.0,Joint App,1.0,1.0,764.0
Fully Paid,Apr-2016,26000.0,6000.0, 36 months,20.82,1021.97,D,D4,5 years,OWN,102744.42,Verified,debt_consolidation,TX,39.79,1.0,Oct-2003,670.0,5.0,10.0,10.0,1.0,18844.62,10.7,56.0,Individual,3.0,0.0,674.0
Charged Off,Oct-2016,13500.0,26500.0, 60 months,29.33,417.31,C,F4,3 years,MORTGAGE,38709.68,Not Verified,debt_consolidation,CA,22.22,1.0,Apr-2005,815.0,3.0,100.0,15.0,1.0,32209.7,27.7,16.0,Joint App,0.0,1.0,819.0
Fully Paid,Aug-2012,33500.0,29500.0, 36 months,14.12,552.17,F,B3,3 years,OWN,130562.61,Verified,credit_card,NY,27.58,2.0,Oct-2004,800.0,3.0,111.0,25.0,2.0,20388.86,50.7,36.0,Joint App,4.0,1.0,804.0
Current,Feb-2014,4000.0,27000.0, 36 months,19.56,542.83,B,G3,3 years,RENT,50553.25,Source Verified,home_improvement,TX,25.74,0.0,May-2001,700.0,0.0,9.0,12.0,1.0,28604.06,28.6,29.0,Joint App,1.0,1.0,704.0
Fully Paid,Mar-2017,35000.0,13000.0, 60 months,12.89,1083.63,A,F2,1 year,RENT,40982.92,Not Verified,credit_card,TX,33.12,0.0,May-2002,705.0,2.0,96.0,2.0,0.0,15858.98,21.5,46.0,Individual,1.0,0.0,709.0
Current,Sep-2017,2000.0,1500.0, 36 months,9.65,715.77,D,F4,3 years,RENT,53810.58,Verified,credit_card,IL,34.47,2.0,Mar-2000,665.0,4.0,19.0,26.0,0.0,7804.99,70.3,46.0,Joint App,3.0,1.0,669.0
Fully Paid,Dec-2014,30000.0,36000.0, 36 months,10.3,561.11,G,A2,< 1 year,OWN,94340.52,Verified,debt_consolidation,IL,22.53,1.0,Oct-1996,725.0,5.0,16.0,9.0,0.0,2211.25,54.7,50.0,Joint App,1.0,0.0,729.0
Current,Jun-2017,14500.0,13500.0, 36 months,6.78,1283.36,C,E5,10+ years,OWN,52237.07,Verified,home_improvement,FL,11.78,3.0,Aug-2004,665.0,0.0,45.0,23.0,1.0,9458.79,84.0,10.0,Individual,2.0,1.0,669.0
Current,Oct-2017,16000.0,32500.0, 60 months,29.6,870.77,A,D1,1 year,OWN,44443.11,Source Verified,other,CA,0.91,3.0,Aug-2007,830.0,0.0,52.0,23.0,0.0,57176.79,58.1,29.0,Individual,3.0,1.0,834.0
Charged Off,Aug-2014,1500.0,8500.0, 36 months,15.61,344.33,G,E3,5 years,OWN,53140.84,Source Verified,other,TX,24.58,1.0,Feb-2004,680.0,4.0,102.0,16.0,2.0,34524.19,48.3,42.0,Joint App,0.0,1.0,684.0
Current,Feb-2018,28500.0,7000.0, 36 months,26.65,1353.13,D,F2,10+ years,MORTGAGE,27914.09,Verified,home_improvement,FL,33.02,2.0,Jul-2005,780.0,2.0,83.0,4.0,2.0,29337.61,26.1,27.0,Joint App,0.0,0.0,784.0
Current,Dec-2013,7500.0,31500.0, 36 months,22.74,533.7,B,C4,3 years,MORTGAGE,75979.51,Source Verified,home_improvement,TX,18.02,1.0,Sep-2006,765.0,5.0,17.0,28.0,0.0,23059.43,79.2,41.0,Joint App,3.0,1.0,769.0
Current,Aug-2013,27000.0,38000.0, 60 months,10.21,87.3,E,D4,10+ years,RENT,20495.57,Not Verified,credit_card,TX,6.59,1.0,May-1997,700.0,0.0,70.0,21.0,2.0,42505.21,19.7,39.0,Individual,1.0,0.0,704.0
Fully Paid,Aug-2016,29500.0,34500.0, 60 months,9.79,757.06,C,E5,3 years,RENT,45868.19,Not Verified,debt_consolidation,TX,11.52,2.0,Apr-1991,805.0,2.0,105.0,13.0,1.0,8475.57,24.2,24.0,Individual,4.0,0.0,809.0
Charged Off,May-2016,34000.0,30500.0, 60 months,26.09,212.19,G,F4,< 1 year,RENT,94431.61,Verified,credit_card,TX,20.4,1.0,Oct-1996,680.0,0.0,79.0,25.0,0.0,16567.79,84.2,9.0,Joint App,4.0,0.0,684.0
Fully Paid,Dec-2012,28500.0,10500.0, 36 months,12.08,380.55,C,F2,< 1 year,MORTGAGE,71813.59,Source Verified,home_improvement,TX,33.47,0.0,Feb-2005,820.0,4.0,27.0,24.0,1.0,39354.13,74.1,58.0,Joint App,4.0,1.0,824.0
Charged Off,Sep-2017,12500.0,37000.0, 60 months,28.68,1128.25,D,C2,< 1 year,OWN,85322.4,Verified,home_improvement,CA,6.87,1.0,May-2006,795.0,5.0,15.0,23.0,1.0,28743.86,61.3,50.0,Joint App,4.0,1.0,799.0
Fully Paid,May-2013,30000.0,27000.0, 36 months,8.89,222.21,D,G5,10+ years,MORTGAGE,57582.42,Source Verified,other,TX,24.49,3.0,Apr-2000,775.0,0.0,54.0,6.0,0.0,46205.55,3.9,54.0,Individual,4.0,1.0,779.0
Charged Off,Jul-2017,33500.0,7500.0, 60 months,22.65,1216.21,B,A3,3 years,OWN,120794.7,Not Verified,other,NY,30.13,1.0,Aug-2005,820.0,1.0,56.0,19.0,2.0,53826.59,12.7,20.0,Individual,1.0,1.0,824.0
Charged Off,Jan-2012,13500.0,6000.0, 60 months,26.15,1407.25,D,D1,1 year,OWN,104278.4,Not Verified,debt_consolidation,FL,37.44,1.0,Jul-1991,730.0,5.0,42.0,10.0,0.0,49402.36,50.0,21.0,Individual,4.0,1.0,734.0
Fully Paid,Jun-2017,5500.0,35000.0, 60 months,11.32,921.6,A,E5,3 years,RENT,78251.6,Verified,debt_consolidation,IL,4.67,2.0,Dec-2002,710.0,0.0,13.0,4.0,0.0,11052.46,74.6,22.0,Joint App,1.0,0.0,714.0
Fully Paid,May-2017,36000.0,11500.0, 60 months,12.37,1074.23,E,A4,1 year,OWN,104456.65,Verified,credit_card,TX,37.06,0.0,Aug-2003,685.0,5.0,14.0,11.0,0.0,5488.21,46.4,5.0,Joint App,2.0,0.0,689.0
Current,Apr-2017,6500.0,31000.0, 60 months,29.99,1078.97,F,D1,10+ years,RENT,93925.21,Not Verified,other,NY,24.06,1.0,Mar-2000,830.0,5.0,63.0,4.0,0.0,10166.44,1.7,13.0,Individual,0.0,0.0,834.0
Current,Jul-2016,24000.0,6000.0, 36 months,12.07,1489.43,G,E4,10+ years,OWN,45996.56,Not Verified,other,IL,30.67,0.0,May-2004,730.0,0.0,113.0,4.0,0.0,47011.84,18.4,21.0,Individual,4.0,1.0,734.0
Fully Paid,Mar-2015,10000.0,12000.0, 60 months,16.31,532.06,C,E4,< 1 year,RENT,26733.18,Verified,debt_consolidation,FL,2.15,3.0,Nov-1999,810.0,0.0,71.0,22.0,1.0,54829.87,58.9,59.0,Joint App,2.0,0.0,814.0
Charged Off,Oct-2016,5500.0,12000.0, 60 months,16.37,269.4,B,A4,5 years,RENT,77050.57,Verified,debt_consolidation,TX,20.25,3.0,Jul-2000,720.0,4.0,52.0,16.0,1.0,55526.93,69.4,15.0,Individual,4.0,0.0,724.0
Current,Nov-2013,31500.0,12000.0, 60 months,11.78,793.18,D,B5,1 year,RENT,83087.83,Source Verified,home_improvement,CA,24.91,3.0,Feb-2002,835.0,0.0,111.0,13.0,0.0,17892.95,3.3,32.0,Individual,1.0,0.0,839.0
Fully Paid,May-2017,6500.0,27500.0, 60 months,25.16,813.88,E,B3,< 1 year,MORTGAGE,115183.66,Source Verified,home_improvement,CA,12.27,0.0,Dec-2005,820.0,3.0,82.0,7.0,2.0,50420.48,4.3,34.0,Individual,1.0,1.0,824.0
Fully Paid,Oct-2015,27000.0,37000.0, 36 months,25.06,291.53,G,E3,10+ years,MORTGAGE,34139.39,Source Verified,other,NY,17.27,2.0,Dec-1994,715.0,0.0,86.0,23.0,2.0,32174.13,26.1,24.0,Joint App,2.0,0.0,719.0
Fully Paid,Feb-2015,28000.0,36500.0, 60 months,14.98,931.27,A,C4,< 1 year,OWN,34757.18,Not Verified,other,NY,22.17,2.0,Jan-1996,750.0,3.0,69.0,19.0,2.0,49367.51,8.4,55.0,Joint App,4.0,0.0,754.0
Charged Off,Jun-2015,3000.0,30000.0, 36 months,26.68,50.76,B,E1,1 year,OWN,78900.29,Not Verified,debt_consolidation,FL,22.1,3.0,May-1998,805.0,2.0,91.0,18.0,1.0,32901.89,54.2,9.0,Joint App,2.0,0.0,809.0
Fully Paid,Nov-2015,7500.0,8500.0, 60 months,10.75,1393.67,B,F1,< 1 year,MORTGAGE,57371.32,Not Verified,debt_consolidation,TX,1.67,0.0,Jan-1994,700.0,4.0,60.0,7.0,2.0,8753.59,12.4,52.0,Individual,3.0,1.0,704.0
Current,Apr-2012,32000.0,38500.0, 60 months,5.41,418.92,B,F5,3 years,OWN,19313.18,Verified,home_improvement,IL,17.58,2.0,Sep-1996,660.0,5.0,74.0,5.0,1.0,4753.17,64.8,45.0,Joint App,1.0,1.0,664.0
Charged Off,Dec-2012,21000.0,22000.0, 36 months,19.92,88.15,D,B2,3 years,OWN,74986.61,Not Verified,home_improvement,TX,8.55,0.0,Jan-1997,710.0,2.0,73.0,5.0,1.0,57433.15,77.7,21.0,Joint App,3.0,1.0,714.0
Fully Paid,Sep-2013,5500.0,22500.0, 60 months,30.75,189.13,G,G3,1 year,OWN,19703.4,Not Verified,other,IL,36.67,2.0,Apr-1996,765.0,3.0,90.0,2.0,0.0,25548.15,97.1,46.0,Individual,3.0,0.0,769.0
Current,Oct-2012,40000.0,28500.0, 60 months,6.29,383.17,A,B2,< 1 year,OWN,33956.86,Source Verified,home_improvement,TX,39.06,3.0,Mar-1998,685.0,3.0,107.0,29.0,2.0,21031.24,94.8,28.0,Joint App,4.0,0.0,689.0
Current,Jan-2015,11000.0,31000.0, 60 months,10.62,432.64,F,A2,< 1 year,OWN,134727.41,Source Verified,home_improvement,NY,11.99,0.0,Feb-2000,720.0,5.0,35.0,12.0,0.0,21378.19,27.3,58.0,Individual,0.0,1.0,724.0
Fully Paid,Jul-2016,1000.0,38500.0, 36 months,18.58,78.23,E,A3,10+ years,MORTGAGE,178961.76,Not Verified,credit_card,FL,7.01,0.0,Dec-2003,825.0,1.0,83.0,20.0,1.0,22736.06,2.9,6.0,Joint App,1.0,0.0,829.0
Fully Paid,Jun-2016,37500.0,24000.0, 36 months,26.03,440.65,E,B5,10+ years,OWN,28871.38,Not Verified,debt_consolidation,TX,8.78,3.0,Feb-1996,670.0,1.0,3.0,29.0,2.0,56699.81,32.9,5.0,Joint App,0.0,0.0,674.0
Fully Paid,Mar-2015,1500.0,25000.0, 60 months,7.58,313.62,E,G3,10+ years,OWN,49136.88,Source Verified,other,NY,19.11,0.0,Dec-2006,665.0,2.0,63.0,28.0,0.0,3762.28,70.8,34.0,Joint App,2.0,0.0,669.0
Fully Paid,Nov-2017,22500.0,30000.0, 60 months,15.42,586.57,A,B1,3 years,RENT,61425.08,Verified,other,TX,34.98,2.0,Aug-1999,735.0,4.0,107.0,10.0,1.0,7143.68,6.0,56.0,Joint App,3.0,1.0,739.0
Fully Paid,Nov-2015,40000.0,11000.0, 60 months,24.43,596.2,F,E2,3 years,MORTGAGE,174335.37,Source Verified,debt_consolidation,FL,20.0,2.0,Jun-2004,660.0,5.0,77.0,15.0,0.0,47379.09,36.0,7.0,Joint App,3.0,1.0,664.0
Current,Jul-2012,23500.0,13000.0, 60 months,14.81,528.34,B,C1,5 years,MORTGAGE,44546.04,Not Verified,home_improvement,NY,2.22,1.0,Apr-1992,665.0,1.0,32.0,14.0,1.0,32964.57,29.8,47.0,Joint App,3.0,0.0,669.0
Fully Paid,Mar-2017,24000.0,25500.0, 36 months,10.13,512.05,D,A5,5 years,RENT,44975.34,Verified,credit_card,FL,1.6,3.0,Jun-1993,690.0,0.0,72.0,2.0,1.0,7712.21,21.9,56.0,Individual,3.0,1.0,694.0
Fully Paid,Dec-2015,16000.0,3500.0, 60 months,10.3,161.9,E,D2,3 years,RENT,151635.57,Not Verified,credit_card,IL,9.1,3.0,Feb-1999,675.0,3.0,42.0,23.0,0.0,2067.61,70.6,31.0,Individual,4.0,0.0,679.0
Current,May-2016,6000.0,13500.0, 36 months,15.8,67.05,E,A2,1 year,MORTGAGE,47816.52,Verified,other,TX,33.71,1.0,May-1997,810.0,3.0,51.0,18.0,2.0,13454.06,65.9,52.0,Joint App,4.0,1.0,814.0
Charged Off,Nov-2015,23500.0,29000.0, 60 months,17.57,327.11,C,D1,3 years,RENT,92348.16,Not Verified,other,NY,24.86,0.0,Dec-1999,680.0,2.0,27.0,12.0,1.0,15648.64,53.5,46.0,Individual,2.0,1.0,684.0
Current,Oct-2015,36000.0,39500.0, 60 months,27.36,1142.27,C,D3,< 1 year,MORTGAGE,24679.15,Source Verified,debt_consolidation,TX,22.52,0.0,Mar-1993,755.0,1.0,74.0,17.0,1.0,852.78,91.1,15.0,Joint App,4.0,0.0,759.0
Current,Aug-2012,4500.0,21500.0, 60 months,21.74,1486.49,D,D5,< 1 year,MORTGAGE,54028.14,Verified,credit_card,IL,12.76,0.0,Jul-1999,790.0,5.0,23.0,22.0,2.0,12965.43,10.3,51.0,Joint App,0.0,0.0,794.0
Fully Paid,Oct-2015,35500.0,16500.0, 60 months,22.97,1394.93,A,B3,5 years,MORTGAGE,22120.1,Verified,other,CA,37.18,3.0,Oct-2003,775.0,5.0,53.0,2.0,0.0,44299.14,15.0,43.0,Individual,3.0,1.0,779.0
Fully Paid,Jun-2017,17000.0,18000.0, 36 months,30.46,771.2,F,F4,10+ years,RENT,31784.68,Verified,other,IL,13.25,2.0,Aug-2004,780.0,4.0,112.0,20.0,1.0,51326.02,38.3,4.0,Joint App,2.0,0.0,784.0
Current,Jan-2014,22000.0,28000.0, 36 months,15.84,811.78,A,E1,< 1 year,OWN,99063.94,Not Verified,debt_consolidation,TX,33.4,2.0,Dec-1994,725.0,3.0,90.0,26.0,2.0,53894.15,65.6,35.0,Individual,4.0,1.0,729.0
Current,Feb-2016,7500.0,22500.0, 36 months,15.63,492.43,D,B1,< 1 year,OWN,58107.89,Source Verified,other,IL,35.84,0.0,Dec-1996,820.0,1.0,49.0,22.0,1.0,23394.84,58.4,40.0,Individual,2.0,1.0,824.0
Current,Mar-2012,25500.0,1500.0, 60 months,28.94,1167.69,E,D4,< 1 year,MORTGAGE,49441.06,Not Verified,credit_card,FL,19.33,3.0,Jul-2000,670.0,2.0,116.0,19.0,0.0,19164.82,7.4,48.0,Joint App,0.0,0.0,674.0
Fully Paid,May-2014,8000.0,22000.0, 36 months,11.59,1154.19,A,A1,5 years,RENT,38206.09,Verified,home_improvement,FL,35.77,2.0,May-2000,675.0,0.0,1.0,4.0,0.0,59991.65,95.8,47.0,Individual,3.0,1.0,679.0
Current,Dec-2014,11500.0,16500.0, 60 months,23.98,1271.08,G,G3,1 year,RENT,52449.51,Not Verified,debt_consolidation,IL,11.07,3.0,Nov-2005,815.0,1.0,115.0,22.0,2.0,46160.43,30.5,30.0,Individual,4.0,0.0,819.0
Charged Off,Sep-2018,29500.0,28500.0, 36 months,24.62,1346.39,C,F2,1 year,RENT,71730.25,Not Verified,home_improvement,CA,26.34,1.0,Nov-1997,670.0,2.0,42.0,23.0,2.0,32241.12,35.9,20.0,Individual,0.0,1.0,674.0
Fully Paid,Jun-2013,2500.0,35500.0, 36 months,7.8,668.49,A,C1,< 1 year,MORTGAGE,107985.23,Verified,home_improvement,TX,3.52,2.0,Jun-2003,695.0,2.0,98.0,15.0,2.0,15286.29,62.4,14.0,Joint App,0.0,0.0,699.0
Charged Off,Nov-2013,18500.0,39000.0, 36 months,17.29,1157.31,E,E3,10+ years,MORTGAGE,12393.31,Source Verified,home_improvement,CA,18.96,2.0,Sep-2007,690.0,0.0,113.0,18.0,0.0,19278.33,94.5,8.0,Individual,3.0,1.0,694.0
Charged Off,Oct-2014,24000.0,25000.0, 36 months,10.43,1215.41,D,E5,3 years,RENT,36349.78,Not Verified,other,NY,8.69,1.0,Dec-1995,665.0,5.0,72.0,19.0,2.0,30921.86,66.3,39.0,Individual,2.0,0.0,669.0
Fully Paid,Oct-2018,6000.0,15000.0, 36 months,10.05,483.44,E,E1,5 years,RENT,65871.28,Verified,other,CA,2.51,2.0,Jul-2006,680.0,1.0,73.0,5.0,1.0,32524.98,95.5,57.0,Individual,2.0,1.0,684.0
Fully Paid,Oct-2017,12500.0,18500.0, 36 months,17.17,1395.99,F,A5,5 years,RENT,56425.82,Verified,other,FL,0.15,1.0,Sep-1996,765.0,3.0,89.0,9.0,2.0,820.72,18.8,8.0,Joint App,0.0,0.0,769.0
Current,Mar-2012,14500.0,7500.0, 60 months,12.71,168.68,D,G3,< 1 year,MORTGAGE,76269.3,Not Verified,home_improvement,FL,12.99,3.0,Sep-1996,780.0,2.0,28.0,24.0,2.0,57564.01,61.9,43.0,Individual,2.0,1.0,784.0
Fully Paid,Aug-2013,27000.0,37500.0, 60 months,25.68,1491.58,F,G4,10+ years,OWN,70299.8,Source Verified,other,FL,23.58,2.0,Feb-2003,675.0,2.0,21.0,29.0,0.0,34536.37,82.9,36.0,Individual,2.0,0.0,679.0
Fully Paid,Aug-2017,39500.0,34000.0, 60 months,28.53,1162.03,C,G1,3 years,RENT,49865.23,Verified,home_improvement,CA,18.21,2.0,Jun-2002,830.0,5.0,41.0,9.0,2.0,35349.49,50.9,13.0,Joint App,4.0,1.0,834.0
Fully Paid,May-2012,34000.0,34500.0, 36 months,25.85,167.11,D,G5,5 years,RENT,43646.92,Not Verified,home_improvement,NY,12.07,2.0,Jan-2001,675.0,4.0,57.0,13.0,1.0,12688.27,36.2,15.0,Joint App,1.0,0.0,679.0
Fully Paid,Nov-2017,8000.0,13500.0, 60 months,12.11,994.66,B,G1,1 year,OWN,51673.44,Not Verified,home_improvement,FL,39.65,1.0,Aug-1994,785.0,5.0,89.0,27.0,2.0,45899.23,98.5,19.0,Joint App,1.0,0.0,789.0
Current,Dec-2013,1500.0,13500.0, 60 months,12.32,80.24,E,F5,10+ years,OWN,119281.96,Verified,other,IL,37.58,3.0,Dec-1991,805.0,2.0,30.0,6.0,2.0,44235.87,14.1,42.0,Individual,0.0,0.0,809.0
Current,Apr-2018,3000.0,34500.0, 60 months,11.82,1162.17,B,A4,10+ years,RENT,38591.81,Verified,debt_consolidation,IL,5.03,0.0,Apr-2008,755.0,1.0,67.0,9.0,0.0,5709.48,41.1,20.0,Individual,2.0,1.0,759.0
Fully Paid,Jan-2014,24500.0,22500.0, 36 months,8.76,1204.86,E,D2,3 years,MORTGAGE,57659.83,Verified,home_improvement,CA,16.6,2.0,Jul-2007,750.0,2.0,0.0,3.0,2.0,35699.66,87.3,50.0,Individual,3.0,0.0,754.0
Current,Dec-2014,7000.0,28500.0, 60 months,29.46,915.54,F,B1,< 1 year,OWN,66836.55,Not Verified,credit_card,TX,25.95,0.0,Oct-2007,680.0,3.0,3.0,8.0,0.0,39491.62,90.0,24.0,Individual,1.0,1.0,684.0
Current,Jul-2016,10000.0,20000.0, 60 months,15.59,1289.58,G,B4,10+ years,RENT,152696.96,Verified,other,CA,29.34,1.0,Apr-2000,700.0,2.0,116.0,19.0,0.0,50134.09,98.0,10.0,Individual,3.0,1.0,704.0
Fully Paid,Nov-2012,34000.0,18000.0, 36 months,11.05,173.89,G,F1,10+ years,MORTGAGE,50001.84,Not Verified,debt_consolidation,IL,14.65,2.0,Oct-2007,815.0,2.0,102.0,11.0,0.0,12365.47,88.5,9.0,Joint App,4.0,0.0,819.0
Current,Oct-2015,35500.0,25500.0, 36 months,26.97,435.61,A,F4,3 years,MORTGAGE,106434.39,Source Verified,home_improvement,CA,29.85,1.0,Jul-1999,720.0,0.0,103.0,29.0,0.0,52658.09,5.1,26.0,Individual,0.0,1.0,724.0
Fully Paid,Jun-2015,34000.0,33000.0, 60 months,15.52,638.84,A,D4,3 years,RENT,125390.44,Source Verified,debt_consolidation,IL,4.97,3.0,Jul-1991,665.0,3.0,39.0,26.0,2.0,27688.86,93.0,26.0,Joint App,2.0,1.0,669.0
Current,May-2017,11000.0,14000.0, 36 months,6.2,92.41,G,F2,1 year,RENT,57627.05,Not Verified,other,CA,13.27,2.0,Dec-1993,790.0,4.0,61.0,27.0,0.0,5791.42,42.8,45.0,Joint App,3.0,0.0,794.0
Charged Off,Oct-2018,25000.0,32500.0, 36 months,9.45,688.88,C,A2,< 1 year,RENT,52763.17,Not Verified,other,CA,28.66,1.0,Jun-1995,785.0,3.0,80.0,22.0,1.0,6337.27,65.2,30.0,Individual,0.0,1.0,789.0
Charged Off,Jul-2016,25000.0,10500.0, 60 months,21.66,419.86,A,B2,10+ years,MORTGAGE,49146.84,Verified,debt_consolidation,IL,25.03,1.0,Jul-1997,670.0,5.0,30.0,21.0,1.0,11868.27,39.4,13.0,Joint App,0.0,1.0,674.0
Fully Paid,Oct-2014,8000.0,16500.0, 36 months,25.34,607.32,C,G2,3 years,OWN,51354.41,Verified,other,TX,33.49,2.0,Nov-2008,665.0,5.0,89.0,16.0,2.0,16965.04,81.4,15.0,Joint App,1.0,0.0,669.0
Current,Oct-2014,22500.0,37000.0, 36 months,10.7,654.9,F,D1,1 year,MORTGAGE,99961.85,Verified,credit_card,TX,1.87,3.0,Sep-1996,680.0,5.0,83.0,29.0,1.0,29784.35,57.6,35.0,Individual,0.0,1.0,684.0
Fully Paid,Nov-2014,21500.0,38500.0, 36 months,28.79,1322.74,C,D2,5 years,OWN,68775.72,Not Verified,other,FL,6.98,1.0,Apr-2002,665.0,0.0,48.0,4.0,1.0,44925.07,84.6,22.0,Individual,1.0,0.0,669.0
Fully Paid,Jul-2017,16500.0,37000.0, 60 months,27.09,427.4,A,D4,< 1 year,OWN,68952.55,Source Verified,home_improvement,NY,1.94,2.0,Jun-1995,770.0,5.0,52.0,22.0,2.0,11203.55,19.4,41.0,Joint App,0.0,0.0,774.0
Fully Paid,Mar-2014,30500.0,13000.0, 36 months,27.02,1343.8,F,B2,< 1 year,OWN,30481.22,Verified,debt_consolidation,FL,7.68,2.0,Dec-2002,680.0,2.0,36.0,5.0,1.0,59559.11,18.5,55.0,Individual,4.0,1.0,684.0
Current,Feb-2013,27500.0,34000.0, 60 months,11.13,656.18,B,F4,1 year,MORTGAGE,33506.88,Verified,debt_consolidation,TX,0.17,0.0,May-2001,770.0,2.0,96.0,11.0,2.0,9691.32,44.0,23.0,Individual,2.0,0.0,774.0
Fully Paid,Apr-2014,22000.0,37500.0, 36 months,6.59,511.88,C,F5,3 years,OWN,216656.43,Source Verified,credit_card,NY,20.17,3.0,Jan-1993,690.0,2.0,118.0,9.0,2.0,35962.68,0.5,34.0,Individual,1.0,0.0,694.0
Current,Feb-2012,29500.0,39500.0, 60 months,27.51,768.69,A,E4,1 year,MORTGAGE,53814.84,Not Verified,debt_consolidation,NY,21.13,2.0,Apr-1999,835.0,1.0,119.0,18.0,2.0,55736.43,69.3,50.0,Individual,3.0,0.0,839.0
Charged Off,Sep-2012,31000.0,1500.0, 60 months,13.13,644.08,E,C3,< 1 year,MORTGAGE,37614.2,Source Verified,debt_consolidation,CA,26.32,0.0,Feb-1992,790.0,5.0,92.0,24.0,0.0,49950.45,29.6,15.0,Individual,0.0,1.0,794.0
Fully Paid,Aug-2012,23000.0,30000.0, 60 months,21.14,408.34,D,E2,1 year,MORTGAGE,141302.67,Not Verified,other,NY,15.4,2.0,Nov-2007,725.0,3.0,41.0,4.0,0.0,38873.35,55.7,32.0,Joint App,2.0,1.0,729.0
Fully Paid,Apr-2017,11500.0,40000.0, 60 months,24.76,768.94,G,G5,1 year,MORTGAGE,70904.21,Not Verified,other,TX,0.13,2.0,Feb-2004,735.0,5.0,93.0,18.0,1.0,42929.58,7.0,21.0,Joint App,3.0,1.0,739.0
Fully Paid,Dec-2016,30500.0,31000.0, 36 months,8.58,253.15,C,E2,3 years,OWN,84701.87,Not Verified,credit_card,CA,26.96,3.0,Nov-2008,670.0,5.0,29.0,8.0,1.0,8052.34,17.1,39.0,Joint App,4.0,0.0,674.0
Charged Off,Oct-2016,29000.0,10000.0, 60 months,25.29,547.34,B,D3,3 years,RENT,55114.7,Source Verified,debt_consolidation,CA,2.17,0.0,Aug-2007,670.0,2.0,107.0,4.0,0.0,579.78,62.3,45.0,Joint App,1.0,0.0,674.0
Current,Feb-2015,39500.0,31000.0, 60 months,29.33,861.71,B,B3,10+ years,OWN,49453.9,Not Verified,debt_consolidation,FL,34.65,1.0,May-1994,755.0,4.0,32.0,13.0,1.0,26048.93,30.6,11.0,Joint App,2.0,0.0,759.0
Fully Paid,Nov-2016,6500.0,5000.0, 60 months,23.95,637.71,B,D4,10+ years,MORTGAGE,54081.54,Not Verified,other,TX,0.91,0.0,Mar-2004,660.0,3.0,48.0,18.0,0.0,5371.14,21.5,14.0,Joint App,3.0,0.0,664.0
Current,Feb-2013,17500.0,19500.0, 60 months,16.6,1241.15,D,C3,1 year,MORTGAGE,26117.4,Source Verified,credit_card,CA,21.22,2.0,Jan-1992,775.0,2.0,11.0,7.0,0.0,21465.15,22.9,5.0,Individual,3.0,1.0,779.0
Fully Paid,Feb-2018,37500.0,25500.0, 60 months,27.74,407.38,A,E4,10+ years,OWN,56797.27,Source Verified,debt_consolidation,FL,35.8,2.0,Apr-2009,730.0,4.0,9.0,12.0,2.0,13424.57,21.5,4.0,Individual,0.0,0.0,734.0
Current,Jun-2015,21000.0,19000.0, 36 months,18.8,1455.56,C,A5,3 years,RENT,71511.95,Not Verified,credit_card,FL,22.9,1.0,Oct-2005,685.0,4.0,47.0,28.0,0.0,54980.8,62.3,6.0,Individual,4.0,1.0,689.0
Current,May-2018,38000.0,28500.0, 36 months,24.37,1183.54,F,B2,< 1 year,OWN,181730.11,Source Verified,credit_card,CA,24.34,3.0,Aug-2003,755.0,5.0,66.0,11.0,2.0,52803.36,16.8,43.0,Joint App,1.0,0.0,759.0
Current,Jan-2013,1000.0,10000.0, 36 months,26.3,1452.36,F,F5,1 year,MORTGAGE,63044.71,Verified,home_improvement,NY,27.26,2.0,Dec-2009,760.0,4.0,2.0,29.0,1.0,49136.57,36.3,54.0,Joint App,1.0,0.0,764.0
Charged Off,May-2015,2000.0,24500.0, 36 months,24.48,1262.06,E,C1,5 years,RENT,14757.31,Not Verified,credit_card,NY,4.9,1.0,Jan-2007,795.0,3.0,101.0,25.0,2.0,42836.66,68.8,26.0,Joint App,0.0,1.0,799.0
Current,Oct-2016,32000.0,26000.0, 60 months,12.67,238.89,G,D5,10+ years,RENT,56591.2,Verified,other,FL,27.0,0.0,May-2007,695.0,5.0,13.0,12.0,0.0,9244.32,51.4,53.0,Individual,0.0,1.0,699.0
Fully Paid,May-2015,15000.0,26000.0, 60 months,8.32,803.9,F,D1,1 year,RENT,309806.28,Not Verified,home_improvement,CA,35.21,1.0,Jan-1992,760.0,0.0,119.0,18.0,2.0,2902.05,59.7,44.0,Individual,1.0,0.0,764.0
Fully Paid,Jan-2015,21500.0,12000.0, 36 months,11.4,279.87,E,D5,< 1 year,MORTGAGE,100691.81,Source Verified,other,IL,38.97,3.0,Jun-1990,815.0,4.0,32.0,21.0,1.0,39233.27,25.1,49.0,Individual,0.0,0.0,819.0
Fully Paid,Feb-2013,17500.0,13000.0, 36 months,18.17,1232.79,G,F2,< 1 year,OWN,36807.86,Source Verified,credit_card,NY,17.72,1.0,Apr-2009,705.0,2.0,45.0,15.0,2.0,38535.49,93.3,45.0,Individual,3.0,0.0,709.0
Fully Paid,Aug-2014,17000.0,11000.0, 60 months,18.24,888.72,A,B5,< 1 year,RENT,85362.65,Verified,home_improvement,CA,13.78,3.0,Jan-1995,810.0,2.0,19.0,13.0,0.0,22165.46,41.4,15.0,Joint App,2.0,1.0,814.0
Current,Aug-2013,38000.0,19000.0, 60 months,20.22,417.27,F,F1,5 years,RENT,38360.82,Source Verified,credit_card,IL,30.13,2.0,Jul-1998,790.0,4.0,98.0,11.0,2.0,28361.2,28.7,33.0,Individual,1.0,1.0,794.0
Charged Off,Jan-2014,4500.0,24000.0, 60 months,15.41,1396.51,C,B3,3 years,RENT,26574.72,Not Verified,home_improvement,CA,21.71,2.0,Nov-1990,735.0,1.0,87.0,5.0,0.0,29348.96,90.4,33.0,Joint App,2.0,1.0,739.0
Current,Sep-2016,31500.0,15000.0, 60 months,25.44,199.32,F,C5,3 years,OWN,48580.54,Verified,home_improvement,CA,10.29,1.0,Jul-2002,820.0,5.0,9.0,2.0,1.0,14395.69,65.5,39.0,Joint App,3.0,1.0,824.0
Fully Paid,Apr-2016,36000.0,17000.0, 60 months,28.68,858.88,G,E1,5 years,MORTGAGE,63254.14,Not Verified,credit_card,IL,6.89,2.0,Jun-2006,835.0,2.0,12.0,11.0,0.0,18850.0,61.4,48.0,Individual,0.0,1.0,839.0
Current,Feb-2016,26500.0,12000.0, 60 months,11.62,1089.93,D,G2,10+ years,OWN,19471.49,Not Verified,other,TX,6.81,0.0,Nov-2006,700.0,2.0,73.0,24.0,2.0,25103.37,88.7,10.0,Joint App,1.0,0.0,704.0
Fully Paid,Jun-2014,16500.0,9500.0, 36 months,24.15,116.51,A,B1,5 years,MORTGAGE,30046.59,Not Verified,other,TX,18.37,0.0,Sep-2001,840.0,1.0,103.0,8.0,1.0,36190.74,5.9,41.0,Individual,4.0,0.0,844.0
Fully Paid,Jul-2018,7000.0,26500.0, 60 months,22.66,908.85,C,E2,< 1 year,MORTGAGE,60246.6,Source Verified,other,FL,6.8,1.0,Apr-2003,660.0,2.0,13.0,7.0,2.0,57349.15,83.8,50.0,Individual,0.0,1.0,664.0
Current,Aug-2012,27500.0,33000.0, 36 months,18.69,1229.37,C,A2,3 years,MORTGAGE,46868.27,Verified,debt_consolidation,FL,0.79,2.0,Apr-2000,680.0,5.0,26.0,11.0,1.0,32309.08,67.8,10.0,Joint App,4.0,0.0,684.0
Current,May-2014,19500.0,12000.0, 36 months,10.13,129.27,G,A4,10+ years,RENT,75878.36,Not Verified,home_improvement,FL,2.08,2.0,Dec-1998,665.0,0.0,65.0,18.0,0.0,43869.83,36.0,27.0,Joint App,4.0,0.0,669.0
Charged Off,Oct-2012,6500.0,34500.0, 36 months,25.66,783.0,G,F2,5 years,MORTGAGE,28888.5,Source Verified,debt_consolidation,CA,37.2,1.0,Feb-2001,725.0,3.0,13.0,8.0,1.0,48420.07,25.6,54.0,Individual,1.0,1.0,729.0
Fully Paid,Apr-2014,15000.0,23500.0, 36 months,29.89,410.08,D,F1,1 year,RENT,91901.1,Source Verified,debt_consolidation,TX,2.92,1.0,Oct-2008,830.0,5.0,36.0,8.0,1.0,6810.49,10.5,5.0,Joint App,1.0,1.0,834.0
Charged Off,Jul-2018,38500.0,7500.0, 36 months,23.78,1004.5,G,C1,1 year,OWN,29429.26,Not Verified,other,NY,2.93,2.0,Jan-1995,770.0,2.0,1.0,5.0,0.0,39187.48,94.1,12.0,Individual,1.0,0.0,774.0
Fully Paid,Jul-2014,11000.0,15000.0, 60 months,28.8,204.46,D,E5,10+ years,MORTGAGE,160434.43,Not Verified,debt_consolidation,IL,18.05,2.0,Jun-1999,770.0,3.0,59.0,11.0,2.0,28926.64,14.2,49.0,Individual,2.0,1.0,774.0
Current,Mar-2018,8000.0,1000.0, 60 months,30.5,1407.47,C,C5,< 1 year,RENT,21387.14,Verified,other,TX,9.8,0.0,Jan-2002,675.0,2.0,85.0,8.0,2.0,34345.86,25.9,13.0,Individual,1.0,1.0,679.0
Current,May-2015,27500.0,2500.0, 36 months,14.31,1345.25,F,B2,3 years,RENT,31084.59,Not Verified,credit_card,CA,38.51,1.0,Jun-2001,755.0,0.0,49.0,25.0,1.0,2305.02,69.1,43.0,Individual,3.0,0.0,759.0
Fully Paid,Oct-2016,8500.0,14000.0, 60 months,21.64,303.38,E,D1,< 1 year,RENT,76912.41,Source Verified,credit_card,IL,36.44,2.0,Aug-1990,730.0,3.0,30.0,27.0,1.0,54372.94,71.0,54.0,Joint App,1.0,0.0,734.0
Fully Paid,Feb-2015,37000.0,18500.0, 36 months,17.43,505.2,D,C1,10+ years,RENT,162517.33,Not Verified,debt_consolidation,NY,16.19,3.0,Oct-1995,745.0,5.0,50.0,12.0,2.0,57167.05,16.1,31.0,Joint App,4.0,1.0,749.0
Fully Paid,Oct-2013,34500.0,32500.0, 36 months,30.56,893.82,D,F5,< 1 year,OWN,72332.28,Source Verified,home_improvement,NY,17.95,1.0,Dec-2002,705.0,3.0,61.0,4.0,2.0,208.92,81.4,31.0,Joint App,4.0,0.0,709.0
Current,Mar-2017,39500.0,6000.0, 60 months,7.7,1085.55,E,C4,< 1 year,MORTGAGE,83928.02,Not Verified,home_improvement,IL,15.0,3.0,Dec-2003,695.0,2.0,19.0,4.0,0.0,12767.5,51.0,28.0,Joint App,2.0,1.0,699.0
Fully Paid,Aug-2018,37000.0,34000.0, 36 months,15.86,680.7,F,C4,1 year,RENT,60507.47,Not Verified,credit_card,FL,1.51,2.0,Sep-2004,835.0,0.0,13.0,11.0,1.0,10811.65,84.8,24.0,Individual,2.0,0.0,839.0
Current,Oct-2013,10500.0,10000.0, 60 months,27.71,259.75,D,D2,1 year,OWN,32343.26,Not Verified,other,IL,11.71,1.0,Nov-2009,760.0,5.0,21.0,14.0,2.0,46878.27,8.7,25.0,Joint App,0.0,0.0,764.0
Charged Off,Apr-2017,9000.0,6000.0, 60 months,12.57,183.1,A,F4,3 years,MORTGAGE,44619.09,Not Verified,credit_card,FL,4.91,2.0,Jul-2003,735.0,5.0,118.0,16.0,2.0,35884.8,4.3,35.0,Individual,0.0,0.0,739.0
Charged Off,Oct-2013,14500.0,28500.0, 36 months,25.47,1499.66,A,B1,1 year,MORTGAGE,28936.36,Source Verified,home_improvement,IL,4.09,3.0,Aug-2001,670.0,5.0,86.0,10.0,1.0,10640.02,63.7,54.0,Joint App,2.0,0.0,674.0
Fully Paid,Nov-2016,19500.0,31500.0, 36 months,15.1,699.37,B,G4,1 year,RENT,27799.52,Verified,credit_card,CA,22.43,0.0,Sep-1996,800.0,2.0,15.0,11.0,2.0,48838.26,15.0,58.0,Joint App,2.0,1.0,804.0
Current,May-2017,35500.0,24500.0, 60 months,30.39,1312.62,D,D3,3 years,OWN,76194.87,Source Verified,home_improvement,TX,3.95,0.0,Jun-1997,745.0,3.0,36.0,9.0,1.0,21208.49,52.5,52.0,Joint App,1.0,0.0,749.0
Fully Paid,Jan-2015,29500.0,5500.0, 60 months,27.92,739.09,E,E2,3 years,RENT,30518.65,Source Verified,debt_consolidation,NY,4.12,1.0,Aug-2006,730.0,2.0,49.0,16.0,1.0,27651.41,1.4,10.0,Joint App,0.0,0.0,734.0
Charged Off,Jan-2017,26000.0,5500.0, 60 months,13.01,1385.87,F,G4,10+ years,RENT,72528.32,Not Verified,credit_card,NY,19.22,0.0,May-1999,780.0,1.0,21.0,21.0,1.0,23238.4,78.0,21.0,Individual,4.0,0.0,784.0
Charged Off,Nov-2013,35500.0,16000.0, 36 months,25.02,159.01,B,D4,3 years,RENT,27416.67,Source Verified,home_improvement,NY,17.69,3.0,May-2004,680.0,1.0,102.0,3.0,2.0,31282.81,90.0,46.0,Joint App,2.0,1.0,684.0
Charged Off,Jul-2012,26500.0,18500.0, 36 months,13.92,197.61,F,B3,3 years,OWN,71526.97,Source Verified,home_improvement,NY,5.51,3.0,Jun-1992,755.0,2.0,112.0,15.0,2.0,28808.55,83.9,34.0,Joint App,2.0,1.0,759.0
Current,Aug-2012,15500.0,40000.0, 60 months,20.82,1396.56,E,F1,5 years,RENT,44658.08,Verified,credit_card,TX,0.18,2.0,Jul-1992,815.0,3.0,29.0,20.0,0.0,16475.04,95.8,22.0,Individual,2.0,1.0,819.0
Fully Paid,Jan-2015,17000.0,12000.0, 60 months,22.16,1422.81,A,A1,< 1 year,RENT,139242.09,Not Verified,home_improvement,IL,7.72,3.0,Apr-1994,745.0,0.0,1.0,20.0,0.0,25473.36,90.3,21.0,Joint App,2.0,1.0,749.0
Fully Paid,Mar-2018,21000.0,8500.0, 36 months,26.54,492.63,C,D5,5 years,RENT,72709.79,Source Verified,home_improvement,FL,9.44,0.0,Dec-1993,660.0,4.0,32.0,17.0,1.0,54500.23,44.4,10.0,Joint App,3.0,1.0,664.0
Fully Paid,Nov-2012,4500.0,38000.0, 60 months,5.93,552.09,C,G2,10+ years,OWN,125676.92,Verified,credit_card,NY,32.01,2.0,Mar-2002,700.0,2.0,69.0,16.0,2.0,30173.65,39.8,22.0,Individual,3.0,1.0,704.0
Fully Paid,Feb-2015,30000.0,7000.0, 60 months,10.94,695.1,G,C2,1 year,OWN,38048.31,Verified,debt_consolidation,TX,36.62,1.0,Oct-2002,670.0,5.0,97.0,21.0,1.0,54983.18,89.6,27.0,Joint App,2.0,1.0,674.0
Fully Paid,Oct-2016,26500.0,2000.0, 36 months,23.53,641.76,G,E4,< 1 year,OWN,61925.42,Not Verified,home_improvement,TX,16.24,1.0,Mar-2001,750.0,1.0,40.0,12.0,1.0,33007.62,92.7,27.0,Individual,0.0,0.0,754.0
Fully Paid,May-2013,29500.0,17500.0, 36 months,19.73,309.37,F,D2,1 year,RENT,33234.63,Verified,other,NY,16.2,1.0,Oct-1995,725.0,0.0,32.0,17.0,0.0,46129.04,97.3,34.0,Joint App,4.0,1.0,729.0
Fully Paid,Dec-2016,22000.0,16500.0, 60 months,17.99,1350.61,D,B2,1 year,OWN,46715.76,Source Verified,other,TX,28.5,2.0,Jul-2001,680.0,1.0,29.0,10.0,0.0,17615.48,76.8,19.0,Individual,1.0,1.0,684.0
Fully Paid,Feb-2014,31500.0,25000.0, 60 months,6.71,402.36,D,C4,3 years,OWN,51161.24,Source Verified,home_improvement,FL,25.08,2.0,May-1992,785.0,5.0,0.0,14.0,2.0,47424.81,20.2,15.0,Individual,0.0,1.0,789.0
Fully Paid,Jul-2017,38500.0,35500.0, 36 months,14.22,1066.75,C,D3,10+ years,RENT,38734.47,Verified,other,NY,7.37,0.0,Jun-1999,690.0,1.0,1.0,5.0,1.0,15859.3,94.5,53.0,Joint App,0.0,1.0,694.0
Charged Off,Dec-2015,23500.0,37500.0, 36 months,27.45,128.72,F,A4,3 years,MORTGAGE,28874.04,Verified,other,TX,4.31,2.0,Feb-1993,720.0,4.0,51.0,11.0,2.0,1173.0,94.7,26.0,Joint App,3.0,0.0,724.0
Charged Off,Sep-2015,18500.0,12000.0, 60 months,6.09,86.96,A,C1,< 1 year,MORTGAGE,25639.51,Not Verified,home_improvement,FL,17.5,3.0,Jul-1991,840.0,5.0,74.0,5.0,0.0,9643.74,66.6,18.0,Joint App,1.0,0.0,844.0
Fully Paid,Mar-2013,5000.0,39500.0, 36 months,15.45,990.98,B,C3,1 year,OWN,14708.06,Source Verified,debt_consolidation,TX,22.59,0.0,Apr-1993,670.0,1.0,1.0,8.0,0.0,1299.17,85.7,39.0,Individual,0.0,1.0,674.0
Fully Paid,Feb-2015,31500.0,25500.0, 60 months,29.5,528.35,A,F3,5 years,OWN,31767.28,Verified,home_improvement,NY,5.55,3.0,Mar-1992,705.0,3.0,24.0,13.0,2.0,56823.76,56.1,34.0,Joint App,4.0,0.0,709.0
Fully Paid,Nov-2017,36500.0,3500.0, 60 months,6.6,993.53,D,A4,1 year,MORTGAGE,87246.82,Verified,home_improvement,TX,11.73,2.0,Aug-1999,715.0,1.0,109.0,16.0,2.0,59998.62,94.4,36.0,Individual,1.0,1.0,719.0
Charged Off,Feb-2012,28500.0,38000.0, 60 months,24.49,168.21,C,F1,3 years,OWN,22946.05,Source Verified,credit_card,FL,12.24,1.0,Dec-2000,750.0,2.0,118.0,28.0,2.0,45733.82,9.4,16.0,Joint App,4.0,1.0,754.0
Fully Paid,Mar-2017,35000.0,6000.0, 36 months,11.89,1426.28,B,C1,5 years,OWN,26347.44,Not Verified,other,NY,10.45,2.0,Mar-2002,705.0,1.0,77.0,2.0,0.0,6487.69,86.4,44.0,Individual,4.0,0.0,709.0
Fully Paid,May-2015,35000.0,24000.0, 36 months,27.49,1130.32,C,E4,1 year,OWN,175349.98,Not Verified,other,TX,18.43,2.0,Oct-1998,835.0,4.0,62.0,27.0,2.0,53936.73,5.6,14.0,Joint App,0.0,0.0,839.0
Fully Paid,Nov-2016,32500.0,32000.0, 36 months,24.4,1318.11,G,D4,5 years,RENT,40867.99,Verified,credit_card,FL,26.12,3.0,Jul-1993,660.0,5.0,69.0,11.0,1.0,44626.57,33.9,50.0,Joint App,3.0,1.0,664.0
Fully Paid,Jul-2016,20500.0,10500.0, 60 months,27.97,230.61,D,C5,1 year,MORTGAGE,72593.28,Not Verified,credit_card,NY,20.38,0.0,Jun-1990,835.0,1.0,44.0,22.0,2.0,19934.67,13.5,27.0,Individual,3.0,0.0,839.0
Fully Paid,Dec-2014,4500.0,11500.0, 36 months,10.83,500.64,F,G2,< 1 year,RENT,88026.25,Not Verified,debt_consolidation,NY,8.06,0.0,Apr-2004,755.0,1.0,24.0,20.0,2.0,30136.67,47.9,26.0,Individual,0.0,0.0,759.0
Charged Off,Feb-2014,1000.0,19500.0, 36 months,18.9,571.47,G,B5,1 year,RENT,89100.09,Verified,debt_consolidation,IL,4.12,2.0,Sep-2009,665.0,4.0,45.0,29.0,1.0,39705.56,23.2,25.0,Joint App,1.0,0.0,669.0
Charged Off,Apr-2016,9000.0,35500.0, 36 months,25.25,819.64,G,A2,3 years,MORTGAGE,24019.26,Verified,credit_card,NY,32.87,1.0,Aug-1995,680.0,2.0,83.0,5.0,0.0,1443.03,95.2,27.0,Joint App,2.0,1.0,684.0
Current,Dec-2012,18000.0,9500.0, 36 months,11.59,466.4,C,F4,< 1 year,OWN,52123.14,Not Verified,credit_card,TX,19.17,0.0,Feb-1994,675.0,3.0,79.0,29.0,2.0,30092.45,55.9,41.0,Individual,0.0,0.0,679.0
Charged Off,Dec-2015,30000.0,27000.0, 36 months,11.21,119.13,G,E1,10+ years,OWN,22676.03,Source Verified,credit_card,CA,2.49,1.0,Apr-1996,710.0,4.0,81.0,3.0,1.0,43943.73,89.8,31.0,Joint App,3.0,0.0,714.0
Charged Off,Aug-2012,19000.0,18500.0, 60 months,6.0,572.25,G,G5,3 years,RENT,259832.04,Not Verified,debt_consolidation,IL,10.32,2.0,Apr-1994,720.0,0.0,73.0,26.0,1.0,11293.52,27.8,11.0,Individual,1.0,0.0,724.0
Fully Paid,Jun-2016,1500.0,5000.0, 60 months,29.84,404.19,G,D2,< 1 year,RENT,22995.98,Verified,credit_card,TX,32.16,0.0,Jun-1994,775.0,5.0,7.0,20.0,1.0,26627.43,2.6,35.0,Joint App,4.0,1.0,779.0
Current,Apr-2016,9000.0,29000.0, 36 months,23.48,597.3,C,A5,10+ years,MORTGAGE,31929.83,Verified,home_improvement,FL,30.07,3.0,Dec-1999,715.0,2.0,75.0,15.0,2.0,31951.81,77.6,18.0,Individual,4.0,0.0,719.0
Fully Paid,Jul-2012,39500.0,33500.0, 36 months,21.57,319.53,B,A2,10+ years,OWN,32068.82,Verified,credit_card,FL,35.03,1.0,Oct-2005,790.0,3.0,105.0,13.0,0.0,44133.92,70.2,10.0,Individual,3.0,0.0,794.0
Fully Paid,Mar-2017,40000.0,23500.0, 36 months,24.35,414.99,E,D4,< 1 year,RENT,24391.83,Verified,home_improvement,NY,24.08,0.0,Apr-2004,710.0,2.0,77.0,4.0,2.0,57867.22,54.5,51.0,Joint App,0.0,0.0,714.0
Charged Off,Nov-2014,15500.0,7500.0, 60 months,18.91,951.62,G,B3,< 1 year,MORTGAGE,134801.2,Source Verified,credit_card,NY,16.92,0.0,Apr-2009,705.0,4.0,69.0,24.0,1.0,50896.53,81.5,21.0,Joint App,0.0,1.0,709.0
Fully Paid,May-2017,32500.0,7000.0, 36 months,17.49,600.59,G,G1,1 year,OWN,256137.26,Verified,home_improvement,FL,17.07,3.0,Mar-1997,710.0,3.0,26.0,22.0,0.0,37291.11,84.0,37.0,Individual,0.0,0.0,714.0
Fully Paid,Apr-2012,29000.0,17500.0, 60 months,16.81,537.71,D,A1,3 years,MORTGAGE,45005.97,Not Verified,home_improvement,IL,7.76,0.0,Nov-1999,720.0,1.0,95.0,28.0,0.0,35018.44,58.8,13.0,Individual,2.0,0.0,724.0
Current,Mar-2013,37500.0,21000.0, 36 months,21.7,814.84,B,G4,5 years,OWN,27112.39,Source Verified,other,CA,26.03,1.0,Aug-1997,810.0,1.0,54.0,22.0,1.0,36191.2,96.6,23.0,Individual,3.0,0.0,814.0
Current,May-2015,36000.0,22500.0, 36 months,10.46,1164.63,C,B1,3 years,OWN,15644.03,Not Verified,debt_consolidation,IL,23.4,2.0,Nov-1990,705.0,5.0,31.0,28.0,2.0,32710.72,72.0,25.0,Individual,0.0,1.0,709.0
Current,Apr-2013,25500.0,10500.0, 60 months,28.03,586.94,E,A2,5 years,MORTGAGE,51716.63,Source Verified,other,IL,6.19,2.0,Oct-1997,710.0,3.0,58.0,26.0,1.0,3561.77,67.7,11.0,Joint App,3.0,0.0,714.0
Fully Paid,Apr-2014,16500.0,20500.0, 60 months,26.08,893.65,D,B3,< 1 year,MORTGAGE,49522.42,Verified,credit_card,CA,35.43,1.0,Mar-1995,835.0,1.0,14.0,13.0,0.0,41897.78,36.1,58.0,Individual,0.0,0.0,839.0
Fully Paid,Jul-2016,25500.0,12500.0, 60 months,14.25,1450.32,C,B2,5 years,RENT,40506.69,Source Verified,debt_consolidation,CA,14.74,0.0,Aug-1999,780.0,0.0,111.0,21.0,1.0,42980.21,0.2,21.0,Joint App,1.0,1.0,784.0
Current,Dec-2012,13500.0,28000.0, 60 months,20.11,797.31,C,C1,10+ years,MORTGAGE,68379.28,Verified,home_improvement,FL,1.99,2.0,Mar-1993,695.0,0.0,84.0,9.0,0.0,30748.82,24.1,36.0,Individual,2.0,1.0,699.0
Fully Paid,Aug-2016,14500.0,32000.0, 60 months,8.91,1367.4,A,C4,3 years,MORTGAGE,75894.83,Not Verified,debt_consolidation,IL,13.12,1.0,Nov-2004,820.0,5.0,39.0,24.0,0.0,52223.26,76.4,35.0,Individual,4.0,1.0,824.0
Current,Sep-2012,25000.0,26500.0, 60 months,30.19,1196.7,C,D4,3 years,OWN,72682.07,Not Verified,debt_consolidation,NY,34.79,0.0,Dec-2006,690.0,5.0,95.0,19.0,2.0,40346.21,71.0,28.0,Joint App,3.0,0.0,694.0
Fully Paid,Mar-2013,23500.0,1000.0, 36 months,28.41,116.32,E,D4,1 year,RENT,49529.57,Verified,other,FL,36.68,0.0,Apr-2009,685.0,2.0,6.0,14.0,2.0,21759.88,33.1,36.0,Individual,2.0,1.0,689.0
Fully Paid,Jan-2016,23500.0,40000.0, 36 months,28.9,660.78,B,A5,10+ years,RENT,30915.93,Source Verified,debt_consolidation,IL,19.62,2.0,Sep-1991,740.0,1.0,46.0,19.0,0.0,1181.66,62.6,35.0,Individual,0.0,0.0,744.0
Fully Paid,Jun-2017,16000.0,1500.0, 36 months,13.8,1056.53,G,A1,< 1 year,RENT,89277.06,Source Verified,home_improvement,NY,38.25,0.0,May-1992,785.0,2.0,78.0,9.0,1.0,3549.7,19.5,8.0,Individual,1.0,1.0,789.0
Current,Feb-2013,17000.0,40000.0, 36 months,9.63,1480.47,A,B3,1 year,RENT,60325.38,Verified,debt_consolidation,NY,35.01,1.0,May-2009,695.0,0.0,2.0,19.0,1.0,21107.9,26.4,41.0,Individual,3.0,0.0,699.0
Fully Paid,Jan-2014,1000.0,2000.0, 36 months,10.72,703.81,E,B2,< 1 year,MORTGAGE,102029.22,Verified,debt_consolidation,IL,33.01,0.0,Jan-2007,795.0,3.0,85.0,15.0,1.0,27726.32,94.7,10.0,Joint App,0.0,0.0,799.0
Fully Paid,Apr-2018,24500.0,21000.0, 36 months,7.6,166.39,D,A5,10+ years,MORTGAGE,96186.6,Not Verified,debt_consolidation,NY,34.39,3.0,Oct-2001,685.0,3.0,98.0,11.0,2.0,10012.27,41.3,28.0,Joint App,3.0,1.0,689.0
Fully Paid,Oct-2018,23500.0,5000.0, 36 months,8.37,856.15,F,C3,3 years,OWN,25512.98,Verified,debt_consolidation,TX,15.28,2.0,Jun-1996,800.0,5.0,71.0,29.0,0.0,11359.7,24.5,24.0,Individual,3.0,1.0,804.0
Fully Paid,Dec-2015,37500.0,4500.0, 60 months,7.13,216.05,G,D1,10+ years,OWN,25322.96,Source Verified,credit_card,TX,30.26,3.0,May-2000,675.0,1.0,24.0,3.0,2.0,13812.68,48.7,29.0,Individual,3.0,0.0,679.0
Fully Paid,Jan-2015,20500.0,27500.0, 36 months,30.64,1134.73,D,C4,5 years,MORTGAGE,38050.73,Verified,credit_card,TX,23.09,0.0,Oct-2000,745.0,1.0,89.0,23.0,1.0,46830.8,38.7,8.0,Individual,1.0,0.0,749.0
Current,May-2014,19000.0,29500.0, 60 months,7.2,776.29,E,C1,3 years,OWN,31768.83,Source Verified,debt_consolidation,NY,28.79,1.0,Jan-2007,775.0,0.0,40.0,7.0,0.0,46277.27,73.0,43.0,Individual,1.0,1.0,779.0
Fully Paid,Mar-2016,3500.0,5500.0, 36 months,8.69,1093.44,E,D2,3 years,OWN,94197.7,Verified,credit_card,FL,7.11,1.0,Aug-2000,705.0,2.0,88.0,8.0,2.0,22976.34,96.2,27.0,Individual,0.0,1.0,709.0
Current,Jan-2016,8500.0,39500.0, 60 months,26.48,1307.96,D,D4,1 year,OWN,73923.48,Source Verified,credit_card,FL,29.26,2.0,Jul-1990,770.0,3.0,75.0,6.0,2.0,10341.86,59.2,7.0,Individual,1.0,0.0,774.0
Current,Jan-2014,14000.0,13500.0, 60 months,20.15,954.55,B,C3,3 years,RENT,115787.33,Source Verified,home_improvement,NY,38.3,3.0,Jan-2004,785.0,0.0,11.0,4.0,1.0,6654.5,59.1,4.0,Joint App,2.0,1.0,789.0
Fully Paid,Feb-2012,15500.0,13500.0, 36 months,25.13,930.29,D,B4,5 years,RENT,75954.68,Source Verified,other,TX,12.11,0.0,Aug-2005,780.0,4.0,11.0,5.0,2.0,5227.76,36.5,34.0,Individual,0.0,1.0,784.0
Fully Paid,Jan-2013,15000.0,12500.0, 36 months,21.45,1139.22,B,C3,10+ years,OWN,67859.17,Source Verified,home_improvement,CA,39.45,3.0,Dec-1995,730.0,2.0,1.0,25.0,0.0,23476.76,56.5,41.0,Joint App,2.0,0.0,734.0
Charged Off,Jul-2018,16500.0,19000.0, 60 months,27.88,1268.41,D,A5,3 years,MORTGAGE,122987.48,Verified,other,NY,15.14,2.0,May-1992,800.0,4.0,8.0,27.0,1.0,2732.55,31.9,34.0,Joint App,1.0,0.0,804.0
Fully Paid,Nov-2014,31000.0,8000.0, 60 months,21.64,1307.51,E,D3,10+ years,RENT,79366.88,Source Verified,debt_consolidation,IL,7.99,3.0,Nov-1992,795.0,2.0,35.0,18.0,1.0,20018.1,0.1,44.0,Individual,2.0,0.0,799.0
Fully Paid,Apr-2015,6000.0,17500.0, 36 months,18.67,83.55,B,G1,10+ years,RENT,62371.3,Not Verified,debt_consolidation,TX,4.49,0.0,Nov-2006,720.0,0.0,3.0,2.0,2.0,57691.99,86.6,46.0,Individual,1.0,0.0,724.0
Current,Mar-2015,14000.0,9000.0, 60 months,23.55,847.6,B,C1,3 years,RENT,145549.54,Source Verified,other,FL,31.4,3.0,Dec-1998,795.0,0.0,112.0,26.0,1.0,30450.28,42.9,52.0,Individual,4.0,0.0,799.0
Current,May-2017,7000.0,3000.0, 60 months,16.75,347.92,F,A4,3 years,MORTGAGE,64158.29,Verified,credit_card,IL,22.19,1.0,Aug-2000,825.0,3.0,109.0,18.0,2.0,49358.68,49.2,59.0,Individual,1.0,0.0,829.0
Current,Jun-2012,13000.0,15500.0, 36 months,14.16,1294.71,C,E1,< 1 year,OWN,49881.01,Not Verified,other,FL,12.29,1.0,Apr-2009,810.0,3.0,20.0,16.0,0.0,7755.96,8.4,53.0,Individual,4.0,0.0,814.0
Fully Paid,Jul-2012,28000.0,27500.0, 36 months,17.27,983.14,B,A2,1 year,OWN,36217.8,Not Verified,credit_card,FL,24.34,0.0,Mar-1991,795.0,4.0,37.0,28.0,1.0,16084.73,83.7,48.0,Joint App,0.0,0.0,799.0
Charged Off,Nov-2013,2500.0,31000.0, 36 months,9.64,647.73,E,B1,10+ years,OWN,91291.71,Not Verified,debt_consolidation,FL,13.28,3.0,Feb-1994,800.0,5.0,89.0,13.0,0.0,56792.79,17.0,28.0,Individual,0.0,0.0,804.0
Current,Apr-2015,14000.0,14500.0, 60 months,25.69,306.51,F,B2,< 1 year,RENT,125772.54,Not Verified,other,TX,17.93,3.0,Sep-2006,805.0,0.0,79.0,12.0,1.0,23013.11,41.1,32.0,Individual,0.0,0.0,809.0
Fully Paid,Aug-2016,1500.0,13500.0, 60 months,11.97,528.36,F,G3,1 year,MORTGAGE,58084.12,Not Verified,home_improvement,FL,34.51,0.0,Nov-2000,710.0,1.0,69.0,23.0,0.0,38904.37,84.0,38.0,Joint App,2.0,0.0,714.0
Charged Off,May-2015,38500.0,32000.0, 60 months,9.23,1064.55,F,G1,5 years,RENT,131235.59,Not Verified,other,NY,26.73,1.0,Jul-1990,790.0,1.0,118.0,16.0,2.0,58567.61,45.8,13.0,Joint App,4.0,0.0,794.0
Fully Paid,Jan-2015,29500.0,27500.0, 60 months,11.61,330.41,G,D3,1 year,RENT,18361.13,Source Verified,credit_card,IL,30.5,2.0,Feb-2004,695.0,0.0,75.0,22.0,0.0,33047.27,93.1,41.0,Joint App,0.0,1.0,699.0
Fully Paid,May-2018,10500.0,33500.0, 36 months,26.86,167.57,E,E5,10+ years,MORTGAGE,57914.78,Verified,debt_consolidation,CA,23.34,2.0,Oct-1992,725.0,0.0,80.0,21.0,2.0,18320.76,20.9,36.0,Joint App,3.0,1.0,729.0
Fully Paid,Feb-2013,8500.0,36500.0, 36 months,13.75,1335.4,C,E1,5 years,OWN,58450.94,Source Verified,home_improvement,IL,39.66,0.0,Sep-2005,830.0,0.0,60.0,25.0,2.0,31916.91,71.5,33.0,Individual,3.0,0.0,834.0
Fully Paid,Nov-2015,4500.0,33000.0, 36 months,22.86,1153.39,G,E1,< 1 year,RENT,38708.07,Verified,debt_consolidation,IL,9.66,1.0,Jan-2006,710.0,3.0,63.0,10.0,1.0,3278.23,97.8,50.0,Individual,1.0,1.0,714.0
Fully Paid,Sep-2015,19500.0,37500.0, 36 months,27.22,323.7,B,D2,1 year,OWN,250275.26,Not Verified,home_improvement,CA,10.49,1.0,Jul-2006,815.0,0.0,34.0,4.0,2.0,6742.19,55.0,42.0,Individual,1.0,1.0,819.0
Current,Mar-2015,30500.0,17000.0, 60 months,7.29,459.7,C,G5,5 years,RENT,57542.81,Source Verified,credit_card,FL,3.7,1.0,May-1999,735.0,1.0,62.0,15.0,2.0,430.27,69.2,56.0,Individual,4.0,0.0,739.0
Current,Jul-2017,24000.0,16500.0, 60 months,24.88,1458.94,F,F3,10+ years,MORTGAGE,46880.71,Not Verified,other,IL,22.16,3.0,May-1995,695.0,0.0,110.0,20.0,0.0,53052.6,39.3,58.0,Individual,3.0,0.0,699.0
Charged Off,Oct-2013,35500.0,13500.0, 36 months,13.18,1071.03,G,A4,10+ years,MORTGAGE,60814.12,Source Verified,other,TX,24.53,0.0,Sep-2007,675.0,4.0,45.0,24.0,2.0,40276.83,75.1,50.0,Individual,1.0,1.0,679.0
Current,Jul-2018,14500.0,10000.0, 60 months,10.85,927.47,C,C1,10+ years,RENT,18003.33,Source Verified,credit_card,NY,29.04,2.0,Mar-2001,760.0,3.0,15.0,9.0,1.0,17899.79,90.9,20.0,Individual,4.0,1.0,764.0
Current,Apr-2014,11500.0,30500.0, 60 months,22.94,482.21,F,G4,< 1 year,OWN,37952.07,Not Verified,other,IL,13.42,3.0,Oct-2002,740.0,5.0,71.0,22.0,2.0,13269.69,70.3,14.0,Individual,2.0,0.0,744.0
Fully Paid,Sep-2015,19500.0,29000.0, 36 months,28.59,469.71,G,C1,5 years,RENT,108006.21,Source Verified,debt_consolidation,TX,0.49,3.0,Sep-1992,750.0,0.0,94.0,25.0,2.0,40984.6,93.6,20.0,Joint App,0.0,0.0,754.0
Fully Paid,Jul-2015,8500.0,32500.0, 60 months,12.85,88.1,F,B4,< 1 year,OWN,41053.56,Source Verified,debt_consolidation,CA,25.29,3.0,Jul-2002,665.0,1.0,115.0,24.0,2.0,55171.92,58.9,43.0,Individual,4.0,0.0,669.0
Fully Paid,Oct-2017,39500.0,7500.0, 60 months,19.86,1100.87,A,G1,< 1 year,RENT,36412.77,Source Verified,other,NY,39.95,0.0,Aug-2001,705.0,2.0,65.0,24.0,1.0,17948.35,57.7,52.0,Individual,4.0,0.0,709.0
Fully Paid,Dec-2014,8000.0,20000.0, 60 months,12.72,93.47,E,E5,5 years,RENT,131362.42,Not Verified,home_improvement,FL,11.78,0.0,Nov-1995,660.0,3.0,94.0,29.0,0.0,19293.55,30.5,53.0,Joint App,2.0,0.0,664.0
Current,Dec-2013,19500.0,9500.0, 60 months,19.49,37.14,B,D2,3 years,OWN,133806.85,Not Verified,credit_card,TX,7.36,3.0,May-2005,715.0,0.0,30.0,20.0,0.0,51254.44,71.0,42.0,Joint App,3.0,0.0,719.0
Fully Paid,Feb-2012,21500.0,36000.0, 36 months,21.22,1102.36,F,C1,5 years,MORTGAGE,81649.77,Verified,debt_consolidation,NY,11.27,2.0,Sep-1992,830.0,1.0,50.0,12.0,0.0,53602.55,88.2,42.0,Individual,1.0,0.0,834.0
Fully Paid,Jun-2014,3000.0,11500.0, 60 months,20.92,1424.84,A,A2,10+ years,MORTGAGE,45566.57,Source Verified,credit_card,FL,17.02,2.0,Jun-2004,685.0,2.0,50.0,14.0,2.0,54842.19,64.6,57.0,Individual,4.0,0.0,689.0
Fully Paid,Aug-2017,19500.0,6500.0, 36 months,21.26,1142.06,G,C1,< 1 year,RENT,51860.74,Source Verified,home_improvement,CA,10.04,1.0,Apr-2009,785.0,0.0,39.0,22.0,1.0,17589.25,23.3,42.0,Individual,1.0,0.0,789.0
Fully Paid,Jan-2012,18500.0,23500.0, 60 months,8.76,723.31,B,D1,3 years,MORTGAGE,36956.99,Source Verified,other,NY,13.88,2.0,May-2001,660.0,2.0,85.0,8.0,1.0,7218.75,54.4,11.0,Individual,1.0,1.0,664.0
Current,Feb-2018,11000.0,35500.0, 36 months,23.05,744.49,C,G3,10+ years,RENT,32962.84,Verified,other,TX,25.53,0.0,Feb-1992,760.0,4.0,106.0,18.0,1.0,26399.85,75.6,32.0,Individual,2.0,1.0,764.0
Fully Paid,Sep-2015,6000.0,37000.0, 36 months,22.57,671.12,B,C2,3 years,MORTGAGE,31995.49,Not Verified,credit_card,CA,13.8,1.0,Feb-2001,830.0,3.0,39.0,18.0,0.0,17745.89,93.9,24.0,Joint App,1.0,0.0,834.0
Fully Paid,Dec-2012,2500.0,4500.0, 60 months,22.77,507.23,F,B2,3 years,RENT,41322.7,Not Verified,credit_card,NY,15.84,2.0,Aug-2000,720.0,2.0,16.0,20.0,1.0,53032.0,15.7,39.0,Joint App,3.0,1.0,724.0
Fully Paid,Jan-2014,1000.0,13500.0, 36 months,7.2,796.92,C,C5,3 years,OWN,32182.16,Verified,debt_consolidation,IL,1.6,0.0,Feb-2001,695.0,2.0,99.0,13.0,1.0,2198.1,12.7,39.0,Individual,3.0,1.0,699.0
Fully Paid,Oct-2015,20000.0,7000.0, 36 months,16.74,663.79,F,G1,10+ years,RENT,23430.1,Verified,debt_consolidation,IL,36.72,0.0,Jun-1995,765.0,5.0,101.0,22.0,2.0,38032.83,41.3,20.0,Joint App,2.0,1.0,769.0
Charged Off,Feb-2014,4500.0,13000.0, 60 months,15.77,909.31,A,D2,< 1 year,MORTGAGE,68298.4,Source Verified,credit_card,IL,16.28,0.0,Jul-2002,710.0,3.0,112.0,4.0,0.0,54370.88,12.6,20.0,Joint App,3.0,0.0,714.0
Fully Paid,Sep-2012,38500.0,22000.0, 36 months,7.52,1350.24,D,C1,10+ years,RENT,68923.84,Verified,home_improvement,NY,13.13,0.0,Apr-1995,820.0,3.0,30.0,22.0,2.0,58600.22,98.0,8.0,Individual,2.0,0.0,824.0
Fully Paid,Jul-2016,10500.0,12000.0, 60 months,10.99,1492.66,G,E3,10+ years,MORTGAGE,166121.65,Not Verified,debt_consolidation,CA,3.46,3.0,Mar-2001,815.0,5.0,86.0,24.0,0.0,39007.84,42.4,20.0,Individual,4.0,0.0,819.0
Fully Paid,Aug-2016,26500.0,3500.0, 36 months,16.59,145.75,G,E2,10+ years,RENT,40094.6,Not Verified,credit_card,IL,25.37,2.0,Dec-2001,780.0,0.0,85.0,26.0,1.0,56995.38,53.4,50.0,Joint App,1.0,0.0,784.0
Current,Oct-2012,27500.0,21000.0, 36 months,24.32,595.48,B,C1,3 years,OWN,71514.85,Not Verified,home_improvement,NY,34.55,3.0,Dec-2002,775.0,0.0,94.0,27.0,1.0,4539.57,22.7,40.0,Individual,3.0,1.0,779.0
Charged Off,Dec-2013,20500.0,3000.0, 60 months,11.37,295.64,C,G1,3 years,RENT,72231.21,Source Verified,other,FL,1.65,1.0,Jan-2006,770.0,2.0,96.0,11.0,2.0,21556.7,44.9,56.0,Individual,2.0,1.0,774.0
Charged Off,Aug-2013,35500.0,9500.0, 36 months,26.54,547.62,C,E5,1 year,MORTGAGE,51415.63,Not Verified,other,CA,5.81,2.0,Sep-2007,795.0,1.0,114.0,3.0,1.0,522.88,98.5,55.0,Individual,4.0,0.0,799.0
Charged Off,Jul-2016,5000.0,1000.0, 36 months,19.27,452.59,D,A1,1 year,OWN,93582.64,Verified,credit_card,FL,5.86,3.0,Aug-2005,745.0,1.0,57.0,20.0,0.0,58871.03,48.9,51.0,Joint App,1.0,0.0,749.0
Current,Dec-2016,10000.0,4000.0, 60 months,24.77,286.57,D,C4,10+ years,MORTGAGE,95333.59,Verified,credit_card,TX,24.09,1.0,Dec-2005,835.0,0.0,9.0,4.0,1.0,54163.59,0.9,14.0,Individual,0.0,1.0,839.0
Fully Paid,Dec-2016,10500.0,18000.0, 60 months,17.4,1153.19,A,G5,3 years,MORTGAGE,72871.05,Verified,other,IL,36.85,2.0,Jun-2007,720.0,5.0,23.0,9.0,1.0,1683.15,24.3,22.0,Joint App,4.0,0.0,724.0
Fully Paid,May-2018,6000.0,34500.0, 36 months,18.08,759.54,F,C3,5 years,OWN,51360.06,Not Verified,home_improvement,CA,17.51,2.0,Nov-1994,660.0,3.0,106.0,21.0,1.0,1087.96,97.8,7.0,Individual,4.0,1.0,664.0
Fully Paid,Apr-2017,12500.0,31500.0, 60 months,21.16,1381.29,B,D2,< 1 year,RENT,48314.26,Source Verified,credit_card,TX,13.75,3.0,Nov-1995,785.0,4.0,101.0,18.0,0.0,22018.17,98.9,9.0,Joint App,3.0,0.0,789.0
Fully Paid,Mar-2014,13000.0,4500.0, 60 months,29.06,77.91,C,E4,5 years,RENT,26353.27,Verified,home_improvement,IL,30.63,3.0,Sep-2000,780.0,0.0,1.0,18.0,0.0,15512.28,21.0,16.0,Individual,2.0,0.0,784.0
Current,Sep-2012,31000.0,2000.0, 60 months,17.89,128.46,F,E5,5 years,RENT,36917.81,Verified,debt_consolidation,NY,29.7,2.0,May-1999,840.0,2.0,44.0,23.0,1.0,50815.94,61.5,19.0,Individual,2.0,0.0,844.0
Fully Paid,Mar-2016,12500.0,14000.0, 36 months,18.83,622.81,E,G1,10+ years,MORTGAGE,41224.81,Source Verified,credit_card,FL,9.87,2.0,Feb-2004,730.0,3.0,29.0,6.0,0.0,9629.06,7.7,4.0,Individual,3.0,0.0,734.0
Current,Apr-2018,35500.0,26500.0, 60 months,20.71,148.01,C,B5,< 1 year,MORTGAGE,30504.12,Verified,credit_card,CA,6.43,3.0,Mar-1990,735.0,3.0,38.0,24.0,1.0,47438.97,57.7,51.0,Individual,3.0,1.0,739.0
Current,Aug-2018,31500.0,30000.0, 60 months,24.18,416.21,G,D5,3 years,OWN,77960.25,Source Verified,other,FL,14.31,2.0,Oct-1992,760.0,4.0,76.0,18.0,0.0,33267.58,12.6,33.0,Joint App,1.0,0.0,764.0
Fully Paid,Jul-2013,36500.0,33500.0, 60 months,7.14,1479.46,C,D1,3 years,MORTGAGE,122758.8,Source Verified,debt_consolidation,NY,31.02,1.0,Dec-2004,730.0,4.0,61.0,13.0,2.0,22643.51,81.9,40.0,Joint App,0.0,0.0,734.0
Current,Aug-2013,5000.0,14500.0, 36 months,18.5,337.17,D,B1,3 years,RENT,34723.17,Verified,other,TX,27.8,2.0,Jul-2006,805.0,2.0,57.0,14.0,0.0,8743.19,94.0,40.0,Individual,0.0,0.0,809.0
Charged Off,Apr-2012,39500.0,7500.0, 60 months,17.63,321.23,B,E4,< 1 year,MORTGAGE,70973.71,Verified,credit_card,IL,26.63,2.0,Jan-1996,735.0,4.0,52.0,16.0,1.0,59861.48,17.3,58.0,Individual,1.0,0.0,739.0
Current,Dec-2012,25000.0,2000.0, 60 months,28.9,873.25,B,A1,3 years,OWN,32193.93,Source Verified,debt_consolidation,FL,33.18,0.0,Mar-1996,800.0,1.0,76.0,17.0,2.0,37079.17,46.3,12.0,Individual,3.0,0.0,804.0
Fully Paid,Oct-2015,39500.0,6500.0, 36 months,17.93,762.06,D,D4,1 year,RENT,49863.61,Source Verified,home_improvement,TX,11.09,2.0,Apr-2001,735.0,0.0,81.0,11.0,1.0,26362.93,10.2,23.0,Individual,2.0,1.0,739.0
Fully Paid,Sep-2015,15000.0,3500.0, 60 months,17.29,883.24,D,C1,5 years,RENT,39569.04,Verified,home_improvement,CA,13.59,2.0,Jul-1999,700.0,5.0,5.0,8.0,0.0,22267.65,33.9,21.0,Individual,3.0,1.0,704.0
Fully Paid,Jul-2014,38500.0,35000.0, 60 months,29.93,583.8,F,B4,1 year,OWN,85917.03,Source Verified,debt_consolidation,NY,1.69,3.0,May-1993,840.0,0.0,16.0,6.0,0.0,54343.69,6.5,34.0,Joint App,2.0,1.0,844.0
Fully Paid,Feb-2014,24000.0,11500.0, 36 months,16.83,1245.34,C,F2,3 years,OWN,39844.0,Source Verified,debt_consolidation,IL,34.75,2.0,Jan-2000,755.0,1.0,40.0,11.0,1.0,49271.51,26.5,33.0,Individual,1.0,0.0,759.0
Fully Paid,Sep-2017,3500.0,33500.0, 60 months,9.93,233.71,G,B1,5 years,RENT,109863.75,Verified,debt_consolidation,NY,23.3,0.0,Jun-2006,790.0,0.0,52.0,9.0,0.0,48671.15,99.0,48.0,Joint App,3.0,0.0,794.0
Current,Feb-2015,17000.0,22500.0, 36 months,10.85,659.74,E,B1,< 1 year,OWN,51666.64,Source Verified,credit_card,FL,11.92,3.0,Aug-2004,765.0,1.0,119.0,16.0,2.0,36971.91,4.5,35.0,Individual,3.0,0.0,769.0
Charged Off,Jul-2017,6000.0,22000.0, 60 months,7.74,1043.95,A,F1,5 years,RENT,40547.84,Verified,debt_consolidation,TX,2.78,2.0,May-2006,725.0,2.0,107.0,27.0,2.0,53277.39,85.9,17.0,Joint App,4.0,0.0,729.0
Fully Paid,Jul-2018,38000.0,18500.0, 60 months,5.31,1306.31,F,G3,5 years,MORTGAGE,28226.51,Verified,home_improvement,NY,28.94,1.0,Dec-2002,835.0,0.0,77.0,5.0,2.0,17956.7,7.7,35.0,Joint App,4.0,1.0,839.0
Fully Paid,Mar-2014,13000.0,33000.0, 60 months,16.36,573.27,E,A1,< 1 year,OWN,69697.71,Verified,debt_consolidation,FL,29.95,3.0,Aug-2007,725.0,2.0,4.0,10.0,2.0,42222.37,52.9,57.0,Joint App,1.0,1.0,729.0
Fully Paid,May-2013,9500.0,2500.0, 36 months,24.99,864.59,C,B5,< 1 year,RENT,102450.09,Verified,other,NY,26.65,1.0,Jan-1995,840.0,5.0,12.0,3.0,1.0,24266.86,45.2,36.0,Joint App,3.0,0.0,844.0
Fully Paid,Jul-2018,22500.0,4500.0, 60 months,24.08,131.64,D,E4,10+ years,OWN,70544.06,Verified,other,NY,8.15,1.0,Dec-1990,735.0,0.0,54.0,29.0,0.0,35999.93,93.2,37.0,Joint App,1.0,0.0,739.0
Current,May-2016,17500.0,17500.0, 36 months,6.12,280.37,C,F2,1 year,MORTGAGE,229417.55,Not Verified,home_improvement,TX,36.53,3.0,Apr-1992,660.0,5.0,70.0,21.0,1.0,59889.18,19.9,13.0,Individual,4.0,0.0,664.0
Fully Paid,Dec-2013,4500.0,16500.0, 60 months,19.89,131.63,E,G5,10+ years,OWN,141191.51,Verified,other,FL,30.13,3.0,Dec-2009,665.0,2.0,79.0,8.0,0.0,59071.49,18.0,4.0,Individual,3.0,0.0,669.0
Fully Paid,Mar-2016,33000.0,22500.0, 60 months,9.25,1099.98,D,D4,3 years,MORTGAGE,49785.71,Not Verified,other,IL,26.31,2.0,Nov-2002,840.0,3.0,17.0,13.0,2.0,30757.14,74.9,15.0,Individual,4.0,1.0,844.0
Charged Off,Jul-2015,34000.0,30000.0, 36 months,29.39,453.45,D,A4,1 year,OWN,49473.06,Not Verified,debt_consolidation,FL,26.04,1.0,Dec-1994,755.0,2.0,106.0,22.0,1.0,34431.81,72.6,5.0,Joint App,1.0,0.0,759.0
Fully Paid,Mar-2018,30000.0,24000.0, 36 months,9.58,1093.91,B,G1,1 year,MORTGAGE,79365.42,Not Verified,credit_card,FL,36.17,3.0,Feb-2007,730.0,1.0,59.0,28.0,1.0,53839.31,69.9,29.0,Joint App,0.0,1.0,734.0
Fully Paid,Sep-2013,25000.0,11000.0, 36 months,21.34,127.61,C,B4,5 years,RENT,36213.54,Not Verified,other,FL,37.13,0.0,Mar-1996,810.0,0.0,71.0,18.0,2.0,59138.14,2.6,53.0,Joint App,0.0,0.0,814.0
Current,Oct-2018,16500.0,13500.0, 60 months,13.65,1297.95,D,A3,< 1 year,RENT,120544.35,Verified,credit_card,NY,23.83,2.0,Dec-2001,770.0,3.0,4.0,9.0,1.0,46716.47,26.0,29.0,Individual,2.0,1.0,774.0
Charged Off,May-2018,22000.0,30500.0, 36 months,21.72,1258.23,D,E5,3 years,OWN,74381.33,Source Verified,home_improvement,NY,16.67,2.0,Jan-1995,780.0,5.0,98.0,21.0,1.0,3911.07,84.0,40.0,Joint App,4.0,1.0,784.0
Current,Mar-2013,21500.0,8500.0, 36 months,15.85,160.73,C,E3,1 year,MORTGAGE,69833.94,Not Verified,other,TX,14.55,3.0,Nov-1991,785.0,3.0,65.0,21.0,0.0,19358.38,60.1,51.0,Individual,3.0,0.0,789.0
Charged Off,Feb-2013,7500.0,20500.0, 36 months,24.75,64.92,E,A4,< 1 year,MORTGAGE,90415.61,Source Verified,other,FL,32.76,1.0,May-1995,695.0,3.0,26.0,20.0,0.0,53793.74,60.2,46.0,Individual,4.0,1.0,699.0
Fully Paid,Aug-2015,4000.0,22000.0, 36 months,11.21,112.74,B,B2,1 year,MORTGAGE,168332.75,Verified,credit_card,FL,25.78,3.0,Jul-1994,675.0,3.0,38.0,3.0,0.0,46101.15,29.6,40.0,Joint App,2.0,0.0,679.0
Current,Apr-2012,11000.0,30500.0, 36 months,28.49,1284.84,D,E1,3 years,MORTGAGE,66341.65,Source Verified,credit_card,CA,3.09,0.0,Feb-2001,790.0,2.0,42.0,21.0,1.0,44533.98,26.0,47.0,Individual,4.0,1.0,794.0
Current,Jan-2014,18500.0,29000.0, 36 months,18.11,375.01,A,B1,5 years,OWN,55947.88,Not Verified,debt_consolidation,FL,5.69,3.0,May-1990,660.0,0.0,3.0,2.0,2.0,40075.39,94.7,19.0,Individual,4.0,0.0,664.0
Current,Dec-2014,7000.0,19000.0, 36 months,24.66,835.96,D,E5,< 1 year,RENT,148039.11,Not Verified,credit_card,NY,36.01,0.0,Oct-1994,790.0,3.0,113.0,27.0,0.0,24915.83,72.8,27.0,Joint App,1.0,1.0,794.0
Current,Aug-2018,5000.0,13000.0, 60 months,27.05,656.58,F,C4,10+ years,MORTGAGE,106994.24,Source Verified,credit_card,IL,35.38,2.0,May-2001,680.0,5.0,96.0,26.0,1.0,24194.48,12.7,26.0,Joint App,4.0,1.0,684.0
Current,Oct-2018,34500.0,15500.0, 36 months,30.87,1199.42,F,E2,10+ years,OWN,49385.5,Verified,credit_card,FL,38.07,0.0,Nov-1997,705.0,1.0,106.0,17.0,0.0,48535.95,93.8,48.0,Individual,0.0,1.0,709.0
Current,Jan-2013,15500.0,17000.0, 60 months,11.03,748.68,E,D4,5 years,RENT,60060.75,Verified,credit_card,IL,17.11,3.0,Oct-2002,790.0,5.0,42.0,20.0,0.0,17626.82,58.2,26.0,Individual,2.0,0.0,794.0
Fully Paid,Feb-2018,24000.0,9500.0, 60 months,12.64,765.97,F,C1,10+ years,RENT,67321.07,Verified,other,FL,31.36,3.0,Mar-2003,775.0,5.0,66.0,3.0,0.0,41089.91,33.3,56.0,Individual,2.0,1.0,779.0
Current,Aug-2012,21500.0,25500.0, 60 months,11.71,1483.97,A,C1,3 years,MORTGAGE,74390.82,Source Verified,other,TX,33.13,0.0,May-2009,800.0,1.0,54.0,26.0,1.0,43572.51,39.7,14.0,Individual,1.0,0.0,804.0
Fully Paid,Feb-2017,30000.0,9000.0, 36 months,12.03,250.69,C,E3,10+ years,RENT,26530.23,Verified,home_improvement,CA,12.63,3.0,Oct-2006,770.0,3.0,57.0,9.0,1.0,50673.36,72.5,13.0,Joint App,4.0,1.0,774.0
Charged Off,Oct-2017,30000.0,26500.0, 36 months,20.21,1251.13,E,D4,5 years,RENT,23730.33,Source Verified,debt_consolidation,NY,5.81,1.0,Aug-1994,665.0,4.0,70.0,9.0,1.0,19193.14,37.6,44.0,Joint App,3.0,1.0,669.0
Charged Off,Feb-2018,12500.0,30500.0, 60 months,30.73,106.07,F,E5,3 years,MORTGAGE,35156.54,Verified,credit_card,IL,39.88,2.0,Nov-2003,815.0,2.0,54.0,21.0,1.0,44513.36,57.9,46.0,Joint App,0.0,0.0,819.0
Current,Jul-2013,34000.0,38500.0, 60 months,30.65,732.14,E,E4,< 1 year,RENT,33562.24,Verified,home_improvement,NY,1.21,0.0,Aug-2002,695.0,4.0,92.0,28.0,1.0,6389.39,71.0,42.0,Joint App,0.0,0.0,699.0
Current,Feb-2018,15500.0,5500.0, 60 months,18.79,1332.91,F,B2,3 years,RENT,40688.7,Verified,debt_consolidation,CA,23.89,0.0,Dec-2001,685.0,5.0,7.0,15.0,0.0,8283.7,19.5,21.0,Individual,0.0,0.0,689.0
Fully Paid,Oct-2012,33500.0,31000.0, 36 months,21.66,1007.86,B,G5,10+ years,MORTGAGE,87625.42,Verified,credit_card,NY,26.01,0.0,Jan-2006,820.0,3.0,23.0,16.0,2.0,25040.16,94.4,4.0,Individual,1.0,1.0,824.0
Current,Jul-2015,16500.0,4000.0, 36 months,27.32,1037.27,B,D3,10+ years,OWN,54102.87,Not Verified,home_improvement,TX,27.27,2.0,Dec-1992,695.0,5.0,107.0,17.0,1.0,3313.55,35.6,22.0,Individual,0.0,1.0,699.0
Current,Mar-2015,5000.0,14000.0, 36 months,29.18,417.08,A,F5,3 years,MORTGAGE,67362.03,Not Verified,other,FL,10.23,2.0,Jul-1997,755.0,4.0,105.0,10.0,0.0,56861.9,41.9,30.0,Joint App,1.0,1.0,759.0
Fully Paid,Feb-2014,31000.0,7500.0, 36 months,10.52,645.3,E,G1,1 year,OWN,28721.98,Not Verified,other,IL,28.86,3.0,May-2006,745.0,4.0,98.0,18.0,1.0,54113.75,69.9,27.0,Individual,3.0,0.0,749.0
Fully Paid,Feb-2012,2000.0,7000.0, 60 months,18.83,568.87,E,G1,5 years,RENT,45388.53,Source Verified,credit_card,IL,8.66,0.0,Dec-2007,800.0,5.0,44.0,28.0,1.0,2936.02,60.9,55.0,Individual,4.0,1.0,804.0
Fully Paid,Apr-2017,31500.0,7500.0, 36 months,26.62,796.52,B,E1,< 1 year,RENT,85165.75,Verified,credit_card,TX,33.16,2.0,Sep-1990,665.0,1.0,54.0,12.0,2.0,50298.7,44.0,52.0,Joint App,3.0,0.0,669.0
Current,Apr-2014,2500.0,2500.0, 36 months,13.06,709.48,F,F5,< 1 year,MORTGAGE,85559.86,Not Verified,credit_card,TX,8.76,0.0,Jun-1999,675.0,0.0,3.0,23.0,0.0,30532.45,65.0,47.0,Joint App,2.0,0.0,679.0
Fully Paid,Jul-2016,9000.0,33500.0, 60 months,16.56,510.54,F,D1,3 years,RENT,38764.33,Source Verified,home_improvement,IL,27.87,1.0,Apr-1995,735.0,0.0,33.0,23.0,2.0,42117.77,90.3,5.0,Individual,3.0,0.0,739.0
Current,Oct-2014,24500.0,3000.0, 60 months,30.53,479.06,C,F5,10+ years,OWN,65972.77,Not Verified,credit_card,CA,31.34,0.0,May-1993,745.0,1.0,87.0,25.0,1.0,53215.87,80.0,11.0,Individual,4.0,0.0,749.0
Fully Paid,Jul-2014,38000.0,16500.0, 36 months,30.52,398.75,B,C4,1 year,OWN,223979.25,Source Verified,credit_card,TX,7.56,0.0,Feb-1991,805.0,4.0,41.0,22.0,0.0,34618.47,82.4,28.0,Individual,0.0,1.0,809.0
Current,Jan-2018,17000.0,28500.0, 36 months,28.5,566.62,F,E1,3 years,OWN,59245.27,Source Verified,debt_consolidation,TX,9.52,2.0,Oct-2000,770.0,3.0,57.0,27.0,1.0,6979.63,25.8,38.0,Individual,4.0,0.0,774.0
Fully Paid,Aug-2012,5500.0,40000.0, 60 months,25.74,250.41,E,A5,1 year,MORTGAGE,39501.26,Source Verified,credit_card,FL,31.16,3.0,May-2003,685.0,2.0,14.0,22.0,2.0,154.72,41.9,42.0,Individual,3.0,0.0,689.0
Current,Jan-2017,10000.0,34500.0, 60 months,12.19,1311.99,B,G1,3 years,OWN,53946.2,Verified,debt_consolidation,IL,3.44,2.0,Sep-2000,840.0,0.0,59.0,29.0,0.0,29815.29,55.4,20.0,Joint App,1.0,0.0,844.0
Fully Paid,Feb-2017,36000.0,6000.0, 60 months,13.51,915.12,B,B1,< 1 year,OWN,63278.84,Source Verified,home_improvement,FL,7.63,3.0,May-1997,745.0,4.0,86.0,22.0,2.0,56953.93,4.4,10.0,Individual,2.0,0.0,749.0
Charged Off,Aug-2014,29500.0,40000.0, 60 months,19.31,226.67,D,E3,3 years,OWN,54682.5,Not Verified,other,FL,18.22,2.0,Jun-2005,835.0,2.0,68.0,25.0,2.0,34357.31,77.0,22.0,Individual,2.0,1.0,839.0
Current,Oct-2013,4500.0,26500.0, 60 months,19.66,1049.97,D,A2,3 years,OWN,58758.27,Verified,other,FL,37.21,0.0,Feb-2003,840.0,4.0,66.0,26.0,2.0,22376.35,32.3,48.0,Individual,0.0,0.0,844.0
Current,Jan-2012,16000.0,8000.0, 36 months,18.24,1276.07,B,B2,1 year,MORTGAGE,25183.19,Verified,credit_card,TX,22.48,1.0,Mar-2008,665.0,0.0,109.0,29.0,0.0,1855.32,28.3,59.0,Individual,1.0,0.0,669.0
Current,May-2018,11000.0,18500.0, 36 months,21.6,379.18,G,G1,1 year,RENT,33604.72,Not Verified,other,NY,15.51,3.0,Dec-1996,750.0,1.0,28.0,18.0,1.0,54898.77,25.9,56.0,Individual,1.0,0.0,754.0
Fully Paid,Jun-2018,8000.0,37000.0, 60 months,15.75,251.38,C,F4,5 years,RENT,54742.68,Source Verified,other,NY,39.13,0.0,Oct-1994,735.0,0.0,35.0,21.0,1.0,19629.4,28.3,37.0,Individual,0.0,1.0,739.0
Fully Paid,Aug-2013,34000.0,16500.0, 36 months,24.48,42.67,C,B1,< 1 year,OWN,54221.85,Not Verified,credit_card,FL,18.55,0.0,Feb-1999,750.0,1.0,74.0,29.0,1.0,42286.64,33.8,9.0,Joint App,2.0,1.0,754.0
Fully Paid,Mar-2012,25000.0,8000.0, 36 months,13.84,99.46,A,A2,< 1 year,OWN,42628.85,Source Verified,other,FL,17.35,3.0,Mar-2000,715.0,5.0,57.0,12.0,2.0,41654.23,60.5,58.0,Individual,2.0,1.0,719.0
Fully Paid,Nov-2012,8000.0,35500.0, 36 months,13.77,1150.51,G,F3,< 1 year,RENT,53841.07,Source Verified,credit_card,NY,16.47,0.0,Mar-1999,760.0,2.0,117.0,5.0,0.0,15232.99,58.4,12.0,Individual,1.0,0.0,764.0
Charged Off,Jun-2012,26500.0,38500.0, 60 months,8.56,1481.16,B,G3,10+ years,MORTGAGE,62106.69,Not Verified,other,IL,12.49,3.0,Sep-2006,750.0,2.0,7.0,26.0,1.0,3826.65,25.6,19.0,Joint App,0.0,0.0,754.0
Current,Sep-2017,17000.0,39500.0, 36 months,10.13,95.97,G,B4,1 year,OWN,102093.88,Source Verified,credit_card,IL,13.03,3.0,Nov-1990,690.0,1.0,14.0,19.0,2.0,23100.02,20.6,58.0,Individual,4.0,0.0,694.0
Current,Feb-2018,3000.0,38500.0, 36 months,27.07,1129.66,D,E2,< 1 year,RENT,56414.02,Verified,credit_card,FL,27.51,2.0,Aug-2000,710.0,1.0,41.0,13.0,2.0,19027.86,82.6,32.0,Individual,3.0,0.0,714.0
Current,Jan-2013,18500.0,35000.0, 36 months,16.72,135.64,G,B4,10+ years,MORTGAGE,76074.01,Source Verified,debt_consolidation,NY,1.63,2.0,Aug-1998,685.0,4.0,55.0,22.0,1.0,42015.38,9.3,15.0,Individual,2.0,0.0,689.0
Current,Feb-2017,8000.0,18500.0, 36 months,11.13,900.44,B,F4,< 1 year,MORTGAGE,43262.43,Verified,other,IL,27.27,0.0,Mar-1994,815.0,5.0,106.0,2.0,2.0,49186.95,51.3,32.0,Individual,3.0,1.0,819.0
Current,Mar-2013,10500.0,8500.0, 60 months,24.74,1141.43,B,C2,1 year,OWN,84394.49,Source Verified,credit_card,NY,8.05,1.0,Nov-2002,785.0,4.0,59.0,15.0,1.0,13346.73,52.1,8.0,Individual,1.0,1.0,789.0
Fully Paid,Jul-2014,35500.0,25000.0, 36 months,19.48,558.03,F,A2,< 1 year,RENT,75014.61,Not Verified,other,TX,15.37,3.0,Feb-2006,730.0,4.0,52.0,9.0,1.0,31693.86,57.4,21.0,Joint App,1.0,1.0,734.0
Fully Paid,Feb-2016,29000.0,9500.0, 60 months,5.84,46.07,F,C3,5 years,RENT,100658.63,Verified,debt_consolidation,IL,5.86,3.0,Dec-2000,730.0,2.0,20.0,10.0,1.0,2436.5,88.6,57.0,Individual,3.0,1.0,734.0
Charged Off,Dec-2016,6000.0,19500.0, 36 months,13.4,904.93,D,D3,5 years,OWN,91865.08,Not Verified,home_improvement,TX,22.11,1.0,Sep-1991,670.0,0.0,52.0,29.0,0.0,12855.35,62.4,20.0,Joint App,3.0,1.0,674.0
Current,Dec-2017,34500.0,26500.0, 60 months,9.83,1487.13,A,F1,5 years,RENT,85241.3,Source Verified,credit_card,NY,29.17,3.0,Jul-1991,710.0,4.0,63.0,17.0,0.0,45705.7,97.4,53.0,Individual,3.0,0.0,714.0
Fully Paid,Apr-2012,23500.0,38000.0, 60 months,22.09,408.7,G,A3,1 year,OWN,56440.91,Verified,credit_card,CA,14.19,3.0,Jun-1998,830.0,4.0,70.0,5.0,2.0,47603.9,87.1,34.0,Joint App,2.0,0.0,834.0
Fully Paid,May-2013,35500.0,12000.0, 60 months,12.34,308.55,C,G1,1 year,RENT,69352.92,Verified,debt_consolidation,NY,6.54,0.0,Jun-2003,665.0,3.0,72.0,12.0,0.0,46584.27,21.5,40.0,Individual,0.0,0.0,669.0
Charged Off,Dec-2013,30500.0,10500.0, 60 months,6.96,212.17,G,E3,10+ years,RENT,113335.23,Not Verified,debt_consolidation,FL,9.06,2.0,Apr-1996,685.0,0.0,51.0,8.0,1.0,8543.28,24.1,43.0,Individual,3.0,0.0,689.0
Fully Paid,Feb-2014,14000.0,30000.0, 36 months,6.71,846.23,G,G5,10+ years,OWN,40487.77,Not Verified,credit_card,FL,32.72,2.0,Mar-1996,815.0,4.0,18.0,27.0,1.0,33062.08,34.5,34.0,Individual,3.0,1.0,819.0
Fully Paid,Oct-2018,22000.0,1000.0, 60 months,20.19,906.77,F,G3,< 1 year,MORTGAGE,41066.8,Not Verified,credit_card,NY,10.71,2.0,Apr-2007,755.0,5.0,18.0,10.0,1.0,25362.5,39.2,5.0,Joint App,2.0,0.0,759.0
Current,Apr-2017,21500.0,23000.0, 60 months,5.86,1194.64,E,B4,5 years,MORTGAGE,66759.96,Source Verified,other,CA,30.99,3.0,Apr-1990,665.0,1.0,18.0,11.0,1.0,59489.18,55.3,55.0,Joint App,1.0,1.0,669.0
Charged Off,Mar-2014,29000.0,30000.0, 60 months,27.03,1137.02,E,A2,10+ years,RENT,76815.97,Source Verified,credit_card,FL,13.25,3.0,Aug-1991,750.0,0.0,74.0,11.0,2.0,39244.19,23.3,30.0,Individual,4.0,1.0,754.0
Fully Paid,Aug-2018,10500.0,22500.0, 60 months,9.28,1342.04,D,F5,3 years,RENT,36517.11,Source Verified,debt_consolidation,CA,7.55,2.0,Feb-1993,795.0,4.0,102.0,6.0,2.0,56112.13,22.2,40.0,Individual,1.0,0.0,799.0
Current,May-2015,14000.0,16000.0, 60 months,20.83,1214.49,A,B5,5 years,OWN,57247.68,Source Verified,credit_card,CA,29.09,1.0,Oct-2009,720.0,1.0,105.0,23.0,2.0,8721.02,38.1,35.0,Individual,1.0,1.0,724.0
Fully Paid,Jun-2015,10500.0,33500.0, 60 months,16.68,393.48,C,B5,< 1 year,OWN,56590.75,Verified,home_improvement,TX,18.74,3.0,Dec-1999,730.0,4.0,37.0,18.0,1.0,27052.4,67.2,40.0,Joint App,3.0,0.0,734.0
Current,Dec-2014,12500.0,15500.0, 60 months,16.64,847.14,F,D4,< 1 year,MORTGAGE,15848.53,Verified,credit_card,TX,1.25,3.0,Mar-1993,775.0,4.0,9.0,14.0,2.0,46296.46,68.8,23.0,Individual,2.0,0.0,779.0
Fully Paid,Dec-2012,7000.0,29000.0, 60 months,7.14,467.2,F,G4,< 1 year,MORTGAGE,52482.95,Not Verified,other,NY,38.4,2.0,Mar-1996,770.0,1.0,75.0,13.0,1.0,22071.46,97.6,51.0,Joint App,2.0,0.0,774.0
Charged Off,May-2018,2000.0,19000.0, 36 months,25.85,514.78,D,F3,< 1 year,OWN,54481.11,Source Verified,credit_card,NY,5.91,2.0,Jun-2009,825.0,0.0,4.0,20.0,1.0,37950.51,20.2,16.0,Individual,3.0,0.0,829.0
Fully Paid,Feb-2012,38000.0,2000.0, 36 months,28.16,1399.96,E,D5,10+ years,RENT,54383.94,Verified,home_improvement,NY,14.14,0.0,Dec-2003,705.0,3.0,75.0,4.0,2.0,30702.13,39.3,40.0,Individual,1.0,0.0,709.0
Fully Paid,Mar-2013,3500.0,21500.0, 36 months,5.58,1032.39,A,B5,5 years,RENT,140021.12,Not Verified,debt_consolidation,NY,15.39,1.0,Jun-1994,710.0,2.0,45.0,28.0,2.0,59515.76,96.5,36.0,Joint App,0.0,1.0,714.0
Current,Jul-2013,36000.0,2500.0, 36 months,9.87,1462.65,D,C3,5 years,RENT,28868.92,Verified,debt_consolidation,CA,19.58,0.0,Oct-1994,685.0,5.0,100.0,17.0,0.0,10432.35,69.0,32.0,Individual,0.0,1.0,689.0
Fully Paid,Nov-2013,1000.0,37500.0, 36 months,28.44,642.86,D,E1,1 year,OWN,36505.8,Source Verified,other,CA,31.42,2.0,Jul-1991,780.0,2.0,75.0,8.0,2.0,56120.92,59.2,5.0,Individual,4.0,1.0,784.0
Fully Paid,Nov-2012,31500.0,24500.0, 36 months,19.37,820.03,G,B1,10+ years,RENT,12489.99,Verified,credit_card,NY,0.24,3.0,Jul-2005,755.0,1.0,88.0,17.0,2.0,24094.26,54.0,25.0,Individual,2.0,1.0,759.0
Fully Paid,Feb-2012,13500.0,15500.0, 36 months,9.14,746.06,C,D2,< 1 year,RENT,44866.65,Source Verified,credit_card,CA,37.3,0.0,Oct-1992,720.0,5.0,48.0,25.0,2.0,28079.58,7.6,6.0,Joint App,2.0,1.0,724.0
Current,Aug-2016,21000.0,20000.0, 36 months,10.49,187.71,B,A1,10+ years,MORTGAGE,47221.94,Source Verified,home_improvement,NY,25.84,3.0,Oct-1995,785.0,4.0,100.0,6.0,2.0,31716.11,89.3,32.0,Individual,1.0,1.0,789.0
Current,Aug-2018,12000.0,25000.0, 60 months,22.2,377.95,C,C2,< 1 year,MORTGAGE,44091.12,Not Verified,debt_consolidation,TX,38.03,0.0,Dec-1996,725.0,3.0,63.0,16.0,2.0,15921.99,62.6,42.0,Individual,3.0,0.0,729.0
Current,Oct-2012,20000.0,11000.0, 60 months,23.86,805.63,B,B1,< 1 year,OWN,116378.89,Not Verified,home_improvement,CA,32.7,0.0,Jun-2002,695.0,5.0,75.0,18.0,0.0,57819.45,57.2,33.0,Joint App,4.0,1.0,699.0
Fully Paid,Jan-2014,18500.0,12000.0, 60 months,20.65,129.04,D,E5,< 1 year,MORTGAGE,100345.1,Not Verified,credit_card,FL,37.11,3.0,Mar-2002,755.0,4.0,43.0,24.0,0.0,54689.23,54.0,46.0,Joint App,3.0,1.0,759.0
Fully Paid,Jun-2015,21500.0,17500.0, 36 months,29.7,1399.25,E,G1,5 years,MORTGAGE,62737.46,Verified,debt_consolidation,FL,24.04,0.0,Jan-2006,740.0,5.0,53.0,17.0,0.0,58374.31,39.2,24.0,Individual,2.0,0.0,744.0
Fully Paid,May-2018,16500.0,11000.0, 36 months,17.95,212.05,F,B4,1 year,MORTGAGE,47936.48,Verified,credit_card,TX,14.29,2.0,Dec-1995,730.0,4.0,100.0,22.0,0.0,59815.17,25.5,21.0,Individual,2.0,0.0,734.0
Charged Off,Sep-2016,22000.0,30500.0, 60 months,12.99,321.03,G,F2,3 years,MORTGAGE,110825.68,Not Verified,credit_card,FL,17.72,3.0,Sep-1997,740.0,2.0,47.0,23.0,0.0,40188.01,75.5,29.0,Joint App,4.0,1.0,744.0
Current,Mar-2017,33500.0,5000.0, 36 months,17.52,1155.02,A,E1,3 years,RENT,59168.54,Not Verified,debt_consolidation,IL,26.32,1.0,Oct-1997,825.0,0.0,2.0,26.0,1.0,27101.13,51.0,16.0,Individual,4.0,1.0,829.0
Current,Dec-2015,18000.0,33500.0, 60 months,14.51,172.49,B,G4,5 years,MORTGAGE,36645.21,Verified,home_improvement,CA,17.08,0.0,Dec-1990,695.0,3.0,45.0,12.0,0.0,51044.03,3.4,48.0,Individual,1.0,0.0,699.0
Charged Off,Nov-2014,15000.0,14500.0, 36 months,11.05,1353.41,C,G5,1 year,MORTGAGE,21380.85,Verified,home_improvement,CA,29.27,1.0,Oct-2004,710.0,4.0,47.0,21.0,0.0,1428.29,39.9,49.0,Joint App,4.0,0.0,714.0
Fully Paid,May-2013,6000.0,23000.0, 36 months,6.48,1096.78,B,A4,< 1 year,MORTGAGE,45945.51,Source Verified,credit_card,NY,3.67,0.0,Oct-2000,760.0,5.0,50.0,8.0,1.0,50064.24,92.9,27.0,Joint App,4.0,0.0,764.0
Current,Nov-2017,15000.0,7000.0, 60 months,14.32,130.87,F,F5,1 year,OWN,94163.34,Verified,other,FL,33.2,2.0,Jul-1999,665.0,4.0,8.0,25.0,2.0,29837.16,37.4,48.0,Individual,4.0,0.0,669.0
Fully Paid,Jun-2017,5500.0,16000.0, 36 months,23.51,1047.02,A,E3,1 year,MORTGAGE,234667.1,Verified,home_improvement,IL,8.17,3.0,Dec-2009,685.0,3.0,15.0,28.0,0.0,40393.2,41.3,5.0,Joint App,0.0,1.0,689.0
Fully Paid,Mar-2012,8000.0,30500.0, 36 months,5.77,958.49,A,A4,5 years,MORTGAGE,62128.88,Not Verified,other,IL,37.76,3.0,Aug-1993,760.0,3.0,38.0,10.0,1.0,22442.76,62.4,12.0,Joint App,0.0,0.0,764.0
Fully Paid,Nov-2016,38500.0,11500.0, 60 months,16.54,1143.3,G,B1,5 years,MORTGAGE,37827.31,Source Verified,debt_consolidation,TX,6.22,3.0,Jun-2009,750.0,0.0,50.0,17.0,1.0,22117.39,80.2,19.0,Joint App,1.0,0.0,754.0
Fully Paid,Jul-2012,4500.0,6000.0, 36 months,21.79,1247.45,G,G5,< 1 year,MORTGAGE,29407.97,Verified,other,TX,5.17,3.0,Aug-2003,780.0,0.0,3.0,25.0,2.0,1903.03,66.8,25.0,Individual,3.0,1.0,784.0
Fully Paid,Jan-2017,20000.0,21500.0, 60 months,20.93,1085.98,B,D4,5 years,MORTGAGE,83380.77,Source Verified,credit_card,TX,32.48,3.0,Jun-1994,680.0,0.0,46.0,2.0,0.0,25427.37,85.0,16.0,Joint App,0.0,1.0,684.0
Fully Paid,Aug-2017,33500.0,7000.0, 36 months,25.18,891.68,C,C2,< 1 year,OWN,20769.28,Source Verified,home_improvement,CA,32.75,3.0,Aug-2003,815.0,5.0,38.0,21.0,2.0,24501.25,11.4,32.0,Joint App,0.0,1.0,819.0
Fully Paid,Nov-2012,38500.0,13000.0, 36 months,26.05,504.02,D,C2,5 years,MORTGAGE,83300.27,Source Verified,other,TX,29.55,2.0,Mar-2005,745.0,4.0,4.0,24.0,0.0,13487.47,92.5,48.0,Joint App,0.0,1.0,749.0
Charged Off,Dec-2014,6500.0,18500.0, 60 months,23.52,1054.99,D,F4,1 year,OWN,97794.83,Not Verified,credit_card,TX,38.42,3.0,Apr-1997,685.0,1.0,30.0,26.0,0.0,14839.4,90.4,29.0,Joint App,0.0,0.0,689.0
Fully Paid,Nov-2012,7000.0,23000.0, 36 months,7.93,1436.75,G,B1,1 year,MORTGAGE,77789.96,Verified,credit_card,NY,10.82,1.0,Dec-1996,715.0,2.0,33.0,7.0,0.0,35048.37,51.9,29.0,Individual,4.0,1.0,719.0
Fully Paid,Nov-2015,15500.0,26000.0, 60 months,17.46,893.66,C,B5,3 years,MORTGAGE,52480.82,Source Verified,debt_consolidation,FL,33.07,1.0,Oct-2006,700.0,2.0,17.0,23.0,2.0,19066.29,62.5,7.0,Individual,3.0,1.0,704.0
Current,May-2018,22500.0,27500.0, 60 months,20.75,1006.59,A,E2,1 year,MORTGAGE,84032.96,Not Verified,home_improvement,IL,14.08,3.0,Mar-1993,740.0,1.0,90.0,24.0,0.0,49815.11,21.3,19.0,Individual,3.0,1.0,744.0
Current,Jul-2012,38500.0,34000.0, 60 months,11.59,672.58,C,G1,5 years,OWN,66340.98,Source Verified,other,NY,21.5,1.0,Apr-1990,745.0,2.0,8.0,2.0,2.0,6683.11,44.8,49.0,Joint App,1.0,0.0,749.0
Fully Paid,Sep-2014,9000.0,3500.0, 36 months,6.39,1141.5,D,B2,10+ years,OWN,37538.63,Not Verified,credit_card,IL,17.82,1.0,May-2003,740.0,2.0,69.0,21.0,2.0,34658.7,20.3,49.0,Individual,3.0,0.0,744.0
Fully Paid,Aug-2018,7000.0,15000.0, 60 months,11.02,1496.57,D,B5,10+ years,RENT,181724.56,Source Verified,debt_consolidation,CA,0.23,0.0,Mar-2008,745.0,4.0,79.0,19.0,2.0,9602.68,2.2,9.0,Individual,3.0,1.0,749.0
Current,Jan-2014,11000.0,1000.0, 60 months,16.95,265.77,D,D2,3 years,OWN,48484.16,Source Verified,credit_card,IL,22.98,1.0,Jan-2000,825.0,4.0,96.0,29.0,0.0,31694.44,98.1,5.0,Individual,2.0,0.0,829.0
Fully Paid,Nov-2012,35500.0,1000.0, 60 months,15.9,327.54,G,B3,3 years,OWN,95363.52,Not Verified,credit_card,FL,29.9,2.0,Sep-1992,835.0,0.0,65.0,3.0,0.0,33152.75,25.9,50.0,Individual,4.0,1.0,839.0
Fully Paid,May-2015,2000.0,9000.0, 36 months,9.82,822.97,F,E5,3 years,OWN,14028.29,Source Verified,other,NY,6.98,3.0,Oct-2000,750.0,2.0,65.0,29.0,0.0,38537.86,59.3,13.0,Joint App,2.0,1.0,754.0
Current,Jun-2015,16000.0,24500.0, 60 months,26.41,737.62,B,B1,5 years,MORTGAGE,128782.8,Not Verified,debt_consolidation,FL,37.27,0.0,Jan-1995,835.0,5.0,91.0,17.0,2.0,25645.5,30.0,36.0,Joint App,1.0,1.0,839.0
Fully Paid,Jul-2016,5500.0,36000.0, 36 months,29.0,870.21,C,A4,3 years,MORTGAGE,144532.29,Not Verified,credit_card,NY,21.22,2.0,Aug-2006,810.0,5.0,102.0,9.0,0.0,30568.48,37.1,50.0,Individual,3.0,1.0,814.0
Current,Feb-2014,7000.0,31500.0, 60 months,10.45,102.14,E,B2,3 years,RENT,60955.56,Not Verified,home_improvement,FL,7.13,3.0,Apr-2002,810.0,4.0,25.0,12.0,1.0,10857.16,39.8,48.0,Joint App,4.0,1.0,814.0
Charged Off,Jul-2018,37000.0,26500.0, 36 months,29.1,624.29,C,G4,3 years,OWN,83722.47,Verified,debt_consolidation,CA,25.84,3.0,Oct-1996,700.0,4.0,95.0,23.0,1.0,27780.92,33.5,34.0,Individual,4.0,1.0,704.0
Charged Off,Jul-2015,1000.0,31500.0, 60 months,5.76,886.98,C,G1,1 year,MORTGAGE,83709.61,Source Verified,other,NY,7.68,3.0,Jul-2002,740.0,0.0,55.0,29.0,2.0,22381.82,63.7,25.0,Joint App,2.0,1.0,744.0
Fully Paid,Dec-2013,13500.0,7500.0, 60 months,28.98,890.23,B,D1,3 years,MORTGAGE,40714.1,Not Verified,other,NY,2.54,0.0,May-2003,725.0,5.0,11.0,10.0,1.0,39967.87,96.1,47.0,Joint App,2.0,0.0,729.0
Fully Paid,Jul-2018,37000.0,34000.0, 36 months,29.67,996.28,B,C4,5 years,MORTGAGE,83139.35,Source Verified,credit_card,CA,27.41,1.0,Aug-2003,675.0,4.0,73.0,29.0,1.0,26089.3,42.9,42.0,Individual,4.0,0.0,679.0
Fully Paid,Apr-2018,25000.0,36000.0, 60 months,5.61,1088.72,F,F5,3 years,MORTGAGE,36857.77,Verified,home_improvement,NY,4.43,3.0,May-1997,670.0,5.0,117.0,19.0,2.0,46760.5,97.3,50.0,Individual,3.0,0.0,674.0
Fully Paid,May-2015,3500.0,4500.0, 60 months,24.83,973.07,F,B5,10+ years,MORTGAGE,41553.87,Verified,other,FL,4.25,3.0,Jun-2001,775.0,5.0,16.0,7.0,2.0,25559.53,66.8,32.0,Joint App,2.0,0.0,779.0
Current,Mar-2012,19000.0,19500.0, 36 months,30.14,1191.66,F,E4,10+ years,MORTGAGE,117731.97,Not Verified,home_improvement,FL,29.6,2.0,Nov-1990,735.0,1.0,1.0,18.0,1.0,14146.27,60.7,56.0,Joint App,1.0,0.0,739.0
Fully Paid,Jan-2016,39000.0,33500.0, 36 months,28.49,948.4,C,E3,3 years,OWN,107451.47,Verified,debt_consolidation,TX,2.21,3.0,Feb-1998,810.0,0.0,109.0,24.0,1.0,16421.32,23.7,47.0,Joint App,4.0,0.0,814.0
Charged Off,Oct-2015,16500.0,19500.0, 60 months,30.15,820.14,A,E1,10+ years,RENT,39189.91,Verified,debt_consolidation,CA,32.39,2.0,Aug-1997,780.0,3.0,71.0,3.0,1.0,2717.11,6.3,7.0,Individual,4.0,1.0,784.0
Current,Jan-2013,21500.0,34000.0, 36 months,19.39,921.11,B,B2,< 1 year,OWN,38555.51,Not Verified,credit_card,NY,31.85,0.0,Sep-2000,675.0,2.0,26.0,4.0,2.0,32395.13,85.2,20.0,Individual,0.0,0.0,679.0
Current,Apr-2016,22000.0,37500.0, 36 months,7.3,178.75,C,F4,10+ years,MORTGAGE,40645.44,Verified,debt_consolidation,IL,5.66,3.0,Jan-2009,815.0,0.0,95.0,2.0,1.0,49852.85,57.4,48.0,Joint App,0.0,1.0,819.0
Fully Paid,Sep-2017,27000.0,19500.0, 60 months,27.05,431.54,D,E2,1 year,RENT,92928.32,Not Verified,credit_card,NY,20.74,0.0,Feb-2009,750.0,1.0,47.0,17.0,1.0,46146.7,41.4,10.0,Joint App,0.0,1.0,754.0
Fully Paid,Sep-2012,8000.0,3000.0, 36 months,21.01,805.28,G,G3,3 years,MORTGAGE,32859.93,Source Verified,home_improvement,CA,3.87,1.0,Sep-1999,760.0,5.0,39.0,3.0,2.0,26267.37,81.2,43.0,Joint App,1.0,1.0,764.0
Current,Dec-2016,34000.0,14000.0, 60 months,21.04,1313.29,G,B1,1 year,OWN,74163.51,Not Verified,home_improvement,TX,25.3,0.0,Dec-2002,835.0,2.0,34.0,28.0,2.0,11767.22,31.1,23.0,Individual,0.0,0.0,839.0
Charged Off,Dec-2012,40000.0,9000.0, 36 months,15.98,1028.21,A,E3,3 years,MORTGAGE,93723.86,Source Verified,debt_consolidation,CA,2.52,2.0,Mar-1992,775.0,1.0,71.0,5.0,1.0,51809.07,78.4,15.0,Individual,4.0,0.0,779.0
Current,Feb-2017,6500.0,19500.0, 60 months,19.94,162.9,E,F2,1 year,RENT,56786.43,Not Verified,debt_consolidation,NY,37.78,0.0,Sep-1999,660.0,3.0,16.0,4.0,0.0,3406.86,32.8,34.0,Joint App,4.0,1.0,664.0
Current,Nov-2014,33000.0,24000.0, 36 months,9.23,900.64,C,B1,5 years,MORTGAGE,109758.55,Not Verified,debt_consolidation,IL,8.31,2.0,Oct-2003,690.0,3.0,43.0,9.0,0.0,23953.36,92.1,56.0,Joint App,0.0,0.0,694.0
Current,Jan-2012,33000.0,19000.0, 60 months,24.24,355.95,B,F1,< 1 year,OWN,49881.92,Verified,credit_card,NY,27.32,3.0,Sep-2003,735.0,1.0,36.0,23.0,1.0,51396.91,26.8,54.0,Joint App,4.0,1.0,739.0
Fully Paid,Aug-2018,30000.0,8500.0, 60 months,7.22,1109.0,D,A3,10+ years,OWN,52663.96,Not Verified,other,FL,5.13,3.0,May-2009,665.0,5.0,7.0,27.0,2.0,23590.6,13.8,26.0,Individual,0.0,0.0,669.0
Charged Off,Feb-2013,15500.0,12500.0, 36 months,23.98,1246.34,A,F2,10+ years,OWN,33311.31,Not Verified,credit_card,TX,8.38,1.0,May-1999,690.0,3.0,91.0,9.0,2.0,7072.53,69.8,4.0,Joint App,3.0,1.0,694.0
Fully Paid,Jan-2016,19500.0,27500.0, 36 months,27.03,902.38,C,E1,3 years,OWN,110228.02,Verified,credit_card,NY,18.04,3.0,Mar-2008,805.0,0.0,1.0,16.0,2.0,15956.97,16.3,53.0,Joint App,1.0,0.0,809.0
Charged Off,Mar-2013,34000.0,2000.0, 60 months,17.4,899.3,D,B3,3 years,MORTGAGE,37800.88,Verified,home_improvement,FL,22.92,1.0,Aug-2009,685.0,1.0,115.0,23.0,0.0,36001.77,94.9,54.0,Joint App,0.0,1.0,689.0
Current,May-2018,7000.0,9000.0, 60 months,18.35,527.73,B,A1,5 years,RENT,73855.3,Verified,debt_consolidation,TX,39.95,2.0,Jun-2001,690.0,5.0,11.0,24.0,1.0,9122.15,65.6,37.0,Joint App,2.0,0.0,694.0
Fully Paid,Jan-2017,33500.0,36000.0, 60 months,13.29,685.99,E,F1,< 1 year,MORTGAGE,57366.19,Verified,debt_consolidation,NY,1.04,2.0,Nov-1991,750.0,0.0,42.0,6.0,2.0,39296.12,23.1,39.0,Joint App,4.0,0.0,754.0
Fully Paid,Jun-2017,37000.0,4500.0, 36 months,30.12,1300.24,D,B1,5 years,MORTGAGE,31835.27,Source Verified,debt_consolidation,NY,0.01,0.0,Jul-1997,675.0,0.0,11.0,25.0,2.0,26289.72,20.9,33.0,Individual,4.0,1.0,679.0
Fully Paid,Dec-2014,27500.0,17000.0, 60 months,24.07,1093.28,F,D3,1 year,RENT,41545.24,Not Verified,home_improvement,IL,14.01,0.0,May-2005,705.0,3.0,44.0,26.0,0.0,20063.37,92.4,4.0,Joint App,0.0,0.0,709.0
Current,Mar-2015,14000.0,9000.0, 60 months,14.75,794.04,B,A5,5 years,RENT,137272.51,Source Verified,credit_card,CA,14.65,0.0,Aug-2001,830.0,2.0,73.0,22.0,2.0,14455.53,60.8,12.0,Joint App,4.0,0.0,834.0
Fully Paid,May-2016,23000.0,5000.0, 36 months,9.78,571.3,A,G2,1 year,OWN,67575.08,Verified,home_improvement,IL,35.35,3.0,Oct-2008,775.0,1.0,10.0,16.0,0.0,49399.8,89.4,12.0,Joint App,1.0,1.0,779.0
Fully Paid,May-2017,2500.0,17500.0, 36 months,10.92,104.06,D,D2,5 years,MORTGAGE,32679.71,Source Verified,home_improvement,TX,36.5,3.0,May-2006,835.0,2.0,63.0,12.0,0.0,23800.44,11.0,55.0,Joint App,2.0,0.0,839.0
Fully Paid,Oct-2017,37500.0,21500.0, 36 months,17.18,240.22,B,G2,5 years,MORTGAGE,71911.9,Verified,credit_card,IL,35.22,1.0,Apr-1991,725.0,1.0,92.0,26.0,2.0,44308.76,92.5,6.0,Individual,0.0,0.0,729.0
Fully Paid,Feb-2012,14500.0,7500.0, 60 months,29.43,313.75,E,B2,1 year,MORTGAGE,54848.58,Not Verified,other,NY,5.73,3.0,Apr-2007,770.0,2.0,54.0,26.0,2.0,26421.31,52.0,35.0,Joint App,4.0,1.0,774.0
Fully Paid,Jul-2016,3000.0,4000.0, 36 months,24.09,578.87,A,B4,5 years,MORTGAGE,475645.37,Verified,other,TX,16.48,0.0,Mar-1997,700.0,1.0,13.0,16.0,2.0,5512.03,66.8,24.0,Joint App,3.0,0.0,704.0
Fully Paid,Sep-2012,32000.0,6000.0, 36 months,10.81,1417.89,E,E2,3 years,OWN,71045.39,Not Verified,debt_consolidation,FL,29.84,3.0,Jun-2006,730.0,3.0,83.0,22.0,1.0,26430.36,37.3,4.0,Joint App,3.0,1.0,734.0
Fully Paid,Dec-2013,26500.0,26500.0, 60 months,27.3,772.58,G,E4,1 year,OWN,47649.39,Source Verified,other,NY,12.5,0.0,Mar-2000,690.0,4.0,22.0,13.0,1.0,30461.27,5.9,55.0,Joint App,3.0,0.0,694.0
Fully Paid,Sep-2017,25500.0,34500.0, 36 months,14.98,375.22,A,F5,3 years,RENT,140367.15,Verified,debt_consolidation,NY,26.53,0.0,Feb-1999,810.0,5.0,2.0,22.0,1.0,27470.53,95.8,5.0,Joint App,4.0,0.0,814.0
Fully Paid,Sep-2013,3000.0,8000.0, 60 months,27.1,185.45,C,G5,10+ years,OWN,19838.47,Not Verified,debt_consolidation,TX,9.49,3.0,Jun-1991,690.0,0.0,52.0,4.0,1.0,48974.5,99.5,51.0,Individual,0.0,0.0,694.0
Fully Paid,Jun-2017,30500.0,13500.0, 60 months,11.49,527.31,F,F3,< 1 year,RENT,63360.26,Source Verified,home_improvement,FL,12.94,1.0,May-1992,695.0,1.0,32.0,27.0,1.0,54651.08,36.5,47.0,Individual,1.0,0.0,699.0
Fully Paid,Feb-2015,26000.0,14500.0, 60 months,21.14,1229.12,D,A4,10+ years,RENT,198125.73,Not Verified,debt_consolidation,NY,34.42,1.0,Dec-2001,745.0,1.0,3.0,16.0,0.0,47206.72,94.4,48.0,Joint App,0.0,1.0,749.0
Charged Off,Aug-2013,32000.0,15000.0, 60 months,29.02,593.51,B,C5,10+ years,MORTGAGE,55841.94,Source Verified,credit_card,FL,10.02,3.0,Jun-2001,735.0,3.0,93.0,18.0,2.0,34966.91,16.8,13.0,Joint App,2.0,1.0,739.0
Fully Paid,Apr-2014,33500.0,10500.0, 60 months,11.9,1165.58,B,G4,3 years,MORTGAGE,21163.21,Not Verified,debt_consolidation,FL,38.57,1.0,Feb-2001,715.0,3.0,71.0,7.0,1.0,32487.0,15.5,53.0,Individual,2.0,1.0,719.0
Fully Paid,Aug-2015,9000.0,3000.0, 60 months,23.04,1209.98,F,D2,5 years,OWN,47214.16,Source Verified,credit_card,CA,12.25,3.0,Feb-1993,725.0,5.0,109.0,16.0,1.0,38676.96,7.3,37.0,Joint App,0.0,1.0,729.0
Fully Paid,Mar-2017,9000.0,21500.0, 60 months,30.58,192.91,G,G1,1 year,RENT,143302.18,Verified,other,IL,0.94,0.0,Mar-2000,710.0,5.0,57.0,2.0,2.0,17269.82,39.1,26.0,Individual,3.0,0.0,714.0
Fully Paid,Feb-2016,37000.0,15000.0, 36 months,9.16,924.73,C,D1,< 1 year,RENT,75029.88,Verified,other,CA,10.2,0.0,Mar-1991,825.0,4.0,52.0,26.0,1.0,48710.81,5.2,42.0,Individual,0.0,1.0,829.0
Fully Paid,May-2018,21500.0,14500.0, 36 months,7.56,1439.87,D,A5,3 years,RENT,36195.36,Source Verified,debt_consolidation,FL,6.85,1.0,Nov-1992,765.0,1.0,101.0,22.0,1.0,51410.89,39.5,23.0,Joint App,3.0,0.0,769.0
Fully Paid,Dec-2017,18000.0,11000.0, 60 months,22.56,621.14,F,D3,10+ years,MORTGAGE,39689.99,Source Verified,home_improvement,TX,20.27,2.0,Jan-2000,830.0,0.0,9.0,14.0,0.0,16033.03,13.8,19.0,Individual,3.0,0.0,834.0
Current,Feb-2017,12000.0,37500.0, 36 months,14.0,104.89,B,F2,1 year,RENT,42795.14,Not Verified,credit_card,FL,4.51,0.0,May-2002,840.0,5.0,43.0,25.0,0.0,54169.09,73.1,20.0,Individual,4.0,0.0,844.0
Fully Paid,Feb-2016,26000.0,25000.0, 60 months,7.12,1387.25,B,E2,5 years,RENT,74363.37,Source Verified,credit_card,FL,25.04,0.0,Feb-2003,780.0,5.0,95.0,24.0,1.0,50923.96,83.3,35.0,Individual,0.0,1.0,784.0
Fully Paid,Dec-2013,30500.0,17500.0, 60 months,17.47,1328.99,F,A2,5 years,MORTGAGE,133641.71,Not Verified,home_improvement,FL,35.0,2.0,Sep-2009,810.0,1.0,35.0,5.0,1.0,25469.21,68.8,37.0,Individual,4.0,0.0,814.0
Fully Paid,Oct-2014,1000.0,9000.0, 60 months,24.6,797.55,B,B5,5 years,MORTGAGE,112583.88,Verified,other,FL,14.5,1.0,Feb-2007,680.0,0.0,106.0,3.0,2.0,54540.01,20.0,17.0,Individual,2.0,1.0,684.0
Fully Paid,Oct-2012,22500.0,32500.0, 36 months,12.6,841.81,F,F4,1 year,MORTGAGE,78716.44,Source Verified,credit_card,IL,6.74,1.0,Aug-1997,835.0,4.0,34.0,9.0,2.0,7226.34,76.7,17.0,Individual,4.0,0.0,839.0
Fully Paid,Jul-2014,40000.0,36000.0, 36 months,13.88,341.26,D,G5,1 year,RENT,26930.46,Not Verified,debt_consolidation,FL,16.0,0.0,Sep-2005,745.0,3.0,49.0,2.0,2.0,1679.19,25.0,56.0,Individual,3.0,0.0,749.0
Current,Apr-2018,12000.0,2000.0, 36 months,26.95,1234.59,G,F2,3 years,OWN,26990.51,Verified,other,IL,31.44,0.0,Dec-1991,790.0,5.0,107.0,18.0,1.0,20872.01,75.9,32.0,Individual,3.0,1.0,794.0
Current,Nov-2014,12000.0,37500.0, 60 months,18.61,762.94,A,A3,10+ years,RENT,82450.32,Verified,other,TX,23.66,0.0,Mar-2007,705.0,3.0,29.0,16.0,0.0,33926.14,56.7,52.0,Individual,0.0,0.0,709.0
