Time,V1,V2,V3,V4,V5,V6,V7,V8,V9,V10,V11,V12,V13,V14,V15,V16,V17,V18,V19,V20,V21,V22,V23,V24,V25,V26,V27,V28,Amount,Class
938.2319,1.4332145,-1.5307152,0.56331307,-0.5604495,-0.88123846,1.5452322,0.88934624,-0.2556397,-0.041919712,0.1958184,-0.53273565,1.4984202,-0.6617236,-0.5594708,-0.12514558,0.2138097,0.09588296,0.19413626,-0.611688,1.2226915,0.30373183,-0.13527006,-1.081722,1.5201228,-1.0827359,-0.3436323,0.58587164,1.279262,9.860775,1
1272.1414,0.091520175,0.22948171,0.11458444,0.0310472,0.21744041,-0.19562232,0.97475183,-0.35753012,0.4310545,-1.7115394,0.016505176,-0.20659927,-0.3415138,-0.44700947,0.11791267,0.007365938,0.19425215,-2.1540298,-0.042633396,-0.9696576,-0.117447875,-0.18083611,0.37022218,-1.2652,0.7800583,1.5466472,0.32044578,0.25862965,8.227558,0
2125.8057,0.5807771,0.73558307,0.32994354,-0.25206283,-0.035824746,0.25928766,1.3100396,-1.3677539,0.22938766,1.9005402,1.4169444,0.7044117,1.7238939,-1.2220044,-3.0163813,-0.85319215,1.139972,0.20713791,0.13005075,0.00033162526,-0.7877989,-0.96411806,-0.7917368,0.10045927,0.31294134,-0.18476371,-1.056857,-1.41831,6.7872066,0
2408.079,-0.056783196,0.37438646,0.7776095,-0.7859766,-0.10029767,-1.321364,0.87434244,-0.8059178,0.059093334,-1.4387752,0.80748725,-2.4787564,0.66214526,-1.087852,-0.3922536,0.35800242,0.084783286,0.3665588,-0.4190697,0.95451486,-0.9685354,-1.0017388,0.44625077,-0.3995451,-1.2021108,0.05872049,1.2941604,2.3676293,54.36066,0
3082.0535,-0.17040758,0.6319815,-0.8094863,-0.28987563,-0.11432217,-0.4470726,1.0813748,-0.62200755,-0.6410159,0.41949728,0.795872,0.56831133,-0.56030077,0.40352234,0.3382722,0.14628954,1.2772596,1.283762,0.5300592,0.91430414,1.7284654,1.8381485,-1.3751874,-0.2608301,-0.22401452,-1.3885034,0.9444123,-1.2538085,6.5839176,0
3654.208,-0.7794824,-1.4042691,0.87805855,0.19838116,0.10710503,0.21053468,0.73290855,-1.1239718,1.6937662,0.38995993,1.9087903,-0.16135271,-0.06834779,-1.1123319,0.46528986,-0.072586946,-0.11765566,-0.6552311,-0.95344746,0.7948482,0.11396108,1.8743464,-1.1077795,0.305531,0.9314409,-0.36069924,-0.90118563,-0.24292459,53.577225,0
3734.3945,0.43030137,0.33104014,-1.373003,-0.76721704,0.84795874,1.5860038,0.26552865,0.43992397,-1.0504199,0.2756368,-0.70387936,-0.48144004,-0.028313335,0.7402843,0.96235573,-0.06857747,-0.3501368,-2.2420688,-0.9583877,0.30286652,1.1252677,-0.0026471312,0.34390756,-1.2928703,-1.2590325,0.1769914,1.2241108,-1.0373861,38.66089,0
3924.4646,-0.85153717,-0.30261976,0.32836798,-0.8062818,1.3777362,0.22198278,0.089509,1.1966279,0.4276362,-0.49457687,-0.98587495,0.18095995,-0.7679554,-0.6629661,-0.21025775,-0.090010256,-0.66918296,-0.99677074,0.37019545,0.7240033,1.3849069,0.28152362,0.9976691,-1.1072176,-1.0709503,-0.37278572,0.32693842,-1.036002,10.44256,0
3940.3264,0.6655852,-0.48279017,0.17874096,-1.3602434,-0.0022502446,1.3837204,-0.23725972,-0.90806246,-0.32024074,0.8272526,-0.72212225,-0.49582526,-0.76913023,-1.2130338,-0.1656558,-0.36769962,-1.817087,-1.0970651,-1.1686418,1.3730881,-0.41084692,-0.980858,0.50264436,-0.30125117,-0.06949695,-0.48562855,-0.15645531,-0.45215112,131.18797,0
4295.521,1.085287,0.8705556,-0.6162931,0.39072502,0.8153161,0.6407291,-1.2123682,0.28344142,1.7595472,-1.5603675,-0.25450104,-2.123875,1.010524,-0.52780914,-1.3321174,0.13983409,0.27578142,0.7367089,0.72901726,0.4250226,0.42350575,0.64257485,0.85411733,-0.1453756,2.1333308,0.32690963,0.35808006,0.6361502,3.4739397,0
5010.8823,0.3665314,1.4792745,-0.022685274,0.54532325,-0.70176697,1.6274014,-0.95531154,-1.0341111,-0.90348256,-0.065828785,-2.3545506,0.92224795,-0.41978437,0.3367072,-0.20452154,-0.6439142,2.0540004,-2.7167366,-0.014280613,-1.8372023,0.045010775,1.7596492,0.37381855,-1.1259551,-0.6725781,1.5148233,-0.025770796,1.2905314,147.14804,0
5325.075,-0.28624874,1.79437,-0.6225402,0.23166044,0.76595545,-0.05904222,-0.2820145,-0.30492216,-0.7352633,-0.56387466,-0.20742823,0.24301755,-1.0946964,-0.27735326,-1.2615751,2.6568096,0.45823547,-0.44835645,-1.8279092,-0.5285332,-1.1572138,-1.5292308,0.1724961,0.7896477,0.495274,0.14496937,0.54507864,-0.38616818,29.449091,0
6230.851,0.45396557,1.3148079,-1.0717013,0.9651705,-0.7619915,2.3902228,0.24145216,-0.69032955,-0.96981806,-0.67729795,-0.54457074,-0.31394246,-0.043140344,0.03421012,-1.8478701,-1.4093332,0.6867474,1.4257954,0.10949913,0.69637007,-0.18547997,0.4638833,-0.5036933,-0.41756096,0.2601354,1.1441863,0.18731552,-1.0101435,1.6683588,0
6248.627,-0.30867305,-0.109734185,-0.35361475,0.08786764,1.09066,-0.4853962,1.4408126,0.60189563,0.32346505,0.42874777,0.7837598,-0.9661854,0.11800975,0.69620746,-1.0851793,-0.58473605,-0.41303134,0.007212463,-1.6851466,-0.62709594,0.5875066,0.53902227,0.8130018,-0.4218176,-0.5895199,0.62160236,-0.33742607,0.4786393,135.67409,0
6464.5903,0.9355471,0.35272017,-1.1039886,0.39201093,2.210641,-0.76646185,-0.04179723,-0.6787882,-1.3730507,1.0774785,0.35241938,-1.4698576,-1.9727042,1.0824214,1.5086849,-0.50574213,-0.24433339,0.8963168,0.693362,1.6201061,-0.49902925,0.5276065,1.0248792,0.2826588,0.16113335,1.0843533,-2.0258267,0.5079636,64.499344,0
6937.823,-1.8314061,0.7668229,0.32279748,0.30383742,-0.12208389,-1.2100528,1.0034763,1.0116605,-0.4785285,-0.34325576,-0.6006966,0.2238927,-0.040746357,-0.3100953,-0.2705612,2.0404935,0.9846415,-1.6417984,-0.24871433,-0.06317983,-0.3248432,1.6428176,-0.06311569,-0.12890828,-0.44783467,-0.60971993,0.5271825,0.24037634,12.014881,0
7190.596,-0.33560738,0.12117795,-1.1500854,-0.091540016,-2.1925435,2.3310246,1.0793157,-0.24572077,-2.152366,0.7806811,0.5899609,1.613441,0.86797994,-1.044222,0.21987736,-1.3201346,2.0086937,-1.6019895,1.8510842,0.08524877,-0.17336686,2.0360181,-0.116926044,0.8374768,-0.35780478,-0.2069275,-0.3736553,0.27573982,6.3112597,0
7317.8364,-1.990812,0.13076419,0.711977,-0.5308218,-0.54807293,0.8194476,-0.2314468,-0.6496037,0.24042135,0.049740665,0.7232631,0.20316647,0.4512294,0.07609448,-0.5134963,0.4259223,1.487948,1.4372425,1.0713128,1.1247442,2.1115294,-0.23348367,1.5914059,-0.93342257,-1.6612719,-0.20277357,0.7779466,-0.11256645,3.0560398,0
7512.143,-1.4950608,0.8237531,-1.1814791,2.2141526,1.2318752,-0.33412072,0.5946902,-1.2533053,-0.5002149,-0.8927322,-0.7685458,-1.3827616,2.2297952,0.4706496,-1.7905511,0.24839407,0.8052446,0.10121536,-1.0606925,-0.1828499,-1.834049,0.67317367,-0.02042178,-1.3973866,-0.024436235,0.5462772,0.48167506,0.09815086,364.50323,0
7568.9404,1.3638623,-0.059282646,-0.5662949,-0.45195097,0.5530768,1.2490227,-0.24352804,0.25320452,-1.4880568,-0.2579521,-0.49302426,0.22511673,1.2511095,-1.4607253,0.9361131,0.3336023,0.03515058,0.10327436,-2.0207398,0.17627704,0.5016433,0.08423371,0.07568587,-0.30978757,0.8990935,0.7924128,-0.3476642,-0.18165113,6.632234,0
7760.196,0.895185,-0.7292869,-0.6246034,-0.6658777,0.2489136,0.68769217,1.3221359,0.89521843,1.0856094,-0.2994859,-2.2253633,-0.05334296,1.4489341,-0.8906083,-2.172198,1.2363431,0.20971891,-1.1181529,-0.75510126,0.8991235,-0.25333908,-0.6321153,0.4842259,0.060236175,0.057425775,0.12505619,1.0229882,1.0702437,4.409202,1
8510.718,-0.7194802,-0.41447306,1.3251467,0.43400982,1.0086683,1.9661275,0.63584334,0.27332127,-1.3076669,-0.6966599,-1.09066,0.86404365,2.800086,-0.7191869,-0.5547927,1.2158294,-0.7535073,0.10078173,-1.2212586,-1.4722706,-0.6406549,0.27081415,-0.09780625,-1.2407559,1.0905077,0.8767066,0.20484166,2.2284596,27.701954,0
8926.075,-1.5025035,0.63391036,0.33028996,0.25185442,0.48445344,-1.5478328,-1.1904838,2.2388318,0.79694366,0.42848292,-0.74246955,0.6067332,0.75815624,-0.20782219,-0.05461488,-0.45095682,-1.4481676,-1.1459376,1.8257381,-0.28529817,-0.27787572,0.67149955,-0.82034034,-1.3877536,0.58032745,-0.5633315,0.16364285,0.17965315,2.8137774,0
8978.595,-2.9645288,0.0029932912,-0.2117338,-1.4047916,1.2177252,-0.26536012,0.16152465,1.4297874,-0.7010408,0.23464619,0.07416618,-2.9858224,0.1630702,-0.7610339,0.23048964,0.19401745,-1.1267984,1.1868705,-0.010314659,0.8291533,0.6673762,0.21692869,0.37796557,0.18229778,-0.059541307,0.8853775,-0.13811068,-0.006572248,6.1850924,0
9223.971,-0.54349554,0.34021,0.49871945,1.1226783,0.9194237,-0.46252137,1.6481122,-0.30752775,1.6015713,-1.5906497,-0.94538265,0.5452422,0.9737403,0.7070407,-0.7264696,-1.864102,0.049800035,2.7278306,0.9334188,0.06560015,0.7245236,-0.8811812,-0.03875501,-0.75778055,-0.6279256,1.0158094,1.6835557,0.25586137,66.28496,0
9417.219,2.420415,0.67007923,-2.1071923,-0.094194576,1.5217005,-1.9736826,-0.18123104,-0.31802744,0.7495505,-1.651526,-0.513452,-1.0034794,-0.5592364,-1.6051332,-1.8379614,0.099093005,-0.29199225,0.48394105,-0.2850309,1.4673338,0.18601713,-0.46356064,1.8422498,-1.4525117,-0.48626372,0.6774964,-0.71326673,-0.6579218,35.059715,0
9571.884,0.43488428,-0.37484145,-0.04313359,-1.110931,0.3587961,1.0603272,0.44771504,0.46969673,-1.0080478,0.42468446,-1.2253307,-1.4217287,0.10768632,-1.5797187,-0.8010933,-0.7939894,-1.4694417,-0.6349464,-0.17966749,-1.5759233,1.0927414,-0.45590743,0.7884486,0.96534127,-1.4705105,0.13416979,-0.32267454,0.76497835,12.633551,0
9889.222,-0.5595723,0.7562482,1.9975141,1.1887841,0.90525943,-0.27039656,0.5458788,-0.8380192,-0.91708255,-0.81528646,0.1711139,-0.1884734,-0.64772767,-0.3338888,-0.74875796,-0.18638243,-0.037323378,-2.5336583,-0.032627024,-1.6900017,1.268833,-0.84244394,-0.5954823,-0.6317947,-0.26707888,0.71332335,-1.2373351,0.4411764,20.531658,0
10074.247,0.4650802,0.3788426,0.13234651,0.62567556,-0.30712706,0.7396312,-1.0366229,1.1662883,0.6055252,0.30204114,0.42571458,0.4109711,0.39798456,-0.1756528,-0.7730935,-1.6853719,-0.31843033,-1.6844641,1.1065394,0.7696865,0.816376,0.3135396,0.72906023,1.1498116,0.14599876,-0.89400446,0.72673106,-0.4204702,11.811048,0
11027.111,-1.5609584,-1.2348131,0.06791317,-1.264542,-0.6014608,2.359772,0.510708,0.36160052,-0.26237813,0.7809316,0.40236536,-1.6407346,-0.6519091,-1.4546438,0.9700586,0.4048723,-1.1728488,1.5548618,0.31162477,0.86580724,-0.54619247,0.4181121,0.30786583,0.028470792,1.7154211,0.19836226,-0.582149,0.9020668,18.645458,0
11500.838,-0.29732338,1.4423048,0.54812837,1.7771828,1.7067677,-0.35324368,-1.3938352,0.2564589,-0.1693425,-1.2709528,0.012361132,0.70457643,-0.6869285,-0.6067488,-1.2136028,-1.6965687,-0.370179,-1.0291919,-1.0573338,-0.19325,0.49444154,0.9795176,1.3094263,0.29475886,0.5283203,0.30051047,-0.47003558,0.018989768,8.051242,0
14295.082,0.09947747,-0.50074476,0.89560527,0.6587974,0.21620467,-0.42115298,-0.6256241,0.68695366,1.2722389,-1.4115373,-1.541073,0.76333886,0.41347328,-0.40104383,0.3009793,0.14828461,-0.320953,-0.3708349,1.6225141,0.4003944,0.49920067,-0.8576223,-0.52445424,-0.21149975,-0.864854,-1.3295157,-0.51693666,-0.97005665,10.011284,0
14591.303,-0.08610065,-1.6550953,-1.9974667,-0.010196116,0.80488056,0.11866417,1.0757229,1.7228299,-0.7486889,1.6744317,-0.6199537,0.046976198,-0.13771144,-0.39329794,0.15829703,-1.2265056,-0.6166371,0.65532595,-0.2928155,0.74520695,-0.81563145,-0.5774787,0.18867615,-2.6551623,-1.4393682,0.47458425,0.062721916,0.35160443,9.652204,0
14599.752,0.7908061,-1.0450437,-1.6823264,1.5902188,0.12374002,0.98724735,0.3567563,0.17095535,0.091293775,0.35157079,-0.40730667,-0.8676236,-1.9275211,0.15188149,0.96045506,-0.849641,0.9266702,1.4822898,-0.45552012,-0.8138632,-1.5694389,1.5545695,-0.099093646,-1.1367865,-0.20655209,-1.2488188,-1.2507596,0.23699251,8.406178,0
15145.205,0.34464523,-1.0210452,0.2102913,0.15929778,-0.58651567,-0.56671304,-0.3044778,-0.11304037,0.9546278,-0.41924065,-0.4032953,-0.979378,-1.4555569,-0.6615789,-0.13313188,1.1547321,-1.9029015,-0.19958693,-2.8295052,-0.7068484,-2.0227757,-0.16449587,0.058479425,-0.12570946,0.8117644,-0.4279183,-2.2432454,0.96041816,70.29447,0
15155.416,0.668326,0.05217332,-0.71487653,-0.028083075,0.0109828925,-0.6309616,0.44646102,1.5087197,0.8091175,-0.9339405,0.07498122,1.0259321,-1.1472665,1.4778363,0.79113096,0.5879179,-1.985799,-0.40466687,0.6343996,0.18972617,0.06985549,0.030131029,-0.88519895,0.36472914,-0.22061634,0.03976096,0.45770404,0.83154696,50.60958,0
15559.55,-0.68837225,-0.2738505,1.3120253,-0.66030014,1.435994,1.0571892,-0.060092248,0.9675504,-0.15961267,-0.5104408,1.4255414,-1.5112227,-0.8829719,0.48820463,-0.17222014,1.1492032,0.0032857845,0.07162103,0.10101264,0.904089,0.2980397,-0.17510372,0.57591164,-1.789674,0.5419842,-0.7307364,-2.1135578,-0.10922633,6.561138,0
15627.435,0.8978154,-0.33683196,-0.3151744,0.5818504,0.5552401,0.3786393,0.012578502,-0.32097983,-0.2889059,-1.1905724,0.81209624,1.0644704,0.41442332,-0.8071135,0.4343925,1.5597272,0.09612719,-0.6276378,0.09992566,-1.165957,-1.1817815,1.1330308,0.41796428,-0.05360171,-0.18112545,0.08255404,0.8541378,-0.47208694,4.790944,0
15848.656,1.628937,0.619702,-1.9345307,0.47660297,-1.7114731,-2.0447283,0.6568185,0.005186449,-1.7388154,0.8834122,-0.9875178,-0.16519916,0.21893884,0.094511494,-1.5029411,-0.7728387,0.40421513,-0.5738192,-0.40282467,-0.19794764,1.0460323,1.1718087,1.2852236,-1.1222641,0.7170004,0.06655699,1.5585277,0.0017437501,16.630993,0
16273.093,-0.9701495,0.33987537,-1.268014,0.01468014,-0.21524446,-1.2253917,-0.72736776,0.19538091,-1.056245,-0.77675116,0.6784029,-0.0958345,1.0652794,0.12401532,-2.638278,1.4989717,-0.5389735,0.4118801,-0.57521784,-0.24423663,0.15221815,1.113208,-0.010025852,0.23462017,-1.597258,-0.82018167,-0.1642238,0.36330888,266.75885,0
16323.085,-0.88769567,0.31604788,-2.749676,-0.7899864,1.7822938,1.5012358,0.040336404,0.36181295,0.31835923,1.0935346,0.64030236,-1.7080877,0.75280184,1.2147214,0.37754685,-1.4655056,-0.9179238,0.18529151,-0.36958042,0.4179591,1.3494526,0.026567612,-0.41183951,-0.019400787,1.6041821,0.56797445,1.299493,0.48375437,5.851826,0
16423.74,1.3357843,0.40982845,-0.23412554,0.12992986,-0.21379687,0.40192828,-0.3122682,-1.3565998,-0.13788219,-0.40062892,-0.80606747,-0.14671662,1.071903,-0.60038245,0.43118313,0.7461003,-0.0073161325,2.1316054,0.46316087,-0.00869837,0.37053588,-0.872436,0.78929436,0.7435016,-1.1124835,-0.7641565,-0.02425642,0.3014122,16.552393,1
16431.785,-0.191344,0.61613464,-0.18838413,-0.06979878,-1.8004787,-0.76219594,-1.5856034,-1.5424846,0.07492708,-1.0433502,0.8488659,0.61358553,0.6083962,0.7673387,0.47550234,-0.49333772,-0.44157815,0.43884882,0.6391178,-0.5458836,-1.0663335,1.9252131,-0.79420435,1.0668229,0.79373235,2.2879744,1.5992411,-0.090761945,22.341915,0
16655.588,1.4038213,-2.1079533,-0.4244627,-1.3334743,1.8930489,-0.17040966,-0.92045575,-0.88739,1.0392536,-0.4263016,-0.16037664,-1.33641,0.2096793,0.041854475,-0.5249325,-0.9303001,1.5510714,1.1511456,-0.23103158,1.2485658,0.45828122,0.856309,1.0849845,0.4589899,-0.27218398,-0.109478824,-0.45621786,0.996817,17.630484,0
17125.957,-0.4425357,-0.36443827,1.078879,-1.4718124,0.68239254,0.013236673,1.5682064,-0.9647384,-1.1873231,-2.6241667,-1.4099535,0.49863586,1.0993518,1.4915665,1.4897223,0.6144699,-0.32422724,-1.0712851,0.9489375,-0.53925747,0.6701107,-0.456659,1.082842,0.8603936,-0.1158279,-1.1712941,-2.3648818,-0.6743019,11.590064,0
17568.092,1.4550456,-2.18021,1.1985198,0.56515336,-0.07001286,0.7357334,0.3847233,-0.64382404,-0.2361803,-0.12076858,0.45520273,0.08901225,0.9194128,1.2908914,-0.45987782,0.94495153,-0.05318515,0.5251573,-0.07897418,-0.29209638,-0.5476236,1.4238188,1.2572789,-0.35034248,-0.2411019,-0.98434174,-0.079911746,2.4794035,80.32621,0
17867.205,0.13148582,0.036059927,-0.17038843,-2.6018884,-0.37141773,-1.3582634,-1.3235883,0.63471067,0.18871096,-0.1701192,0.21696183,-0.6437556,0.37609535,0.1969793,0.420879,0.91526836,2.475418,-0.72298133,-0.50422645,-1.5914977,-1.442093,-0.5356089,0.37662297,2.8231175,0.2556046,1.1475805,1.7079632,0.7630704,34.651825,0
18191.21,0.2582288,-0.004632972,-2.1346936,0.20541053,1.0823519,-0.8409491,-1.5403544,-0.16892916,-0.7041599,0.82474273,-0.22767763,0.8546731,1.2710719,-0.2622826,0.5946362,0.21485989,-0.19476023,0.39545327,0.19841558,-0.71362585,0.100296065,1.4107034,-0.4864964,-1.2188191,0.45752454,-0.40915164,0.5349683,-1.1274854,55.421432,0
18298.225,1.564718,1.0455322,0.61728156,-0.47808304,-0.5419834,0.27295575,-0.1121639,0.1963946,1.4314771,-1.886305,-0.037453085,-2.2022567,-2.3457882,0.5066059,1.7187401,0.13195731,0.5561569,0.6885146,-1.3593864,0.5160761,-1.0008446,1.4782846,0.10918773,-0.5277558,1.0583615,-1.3637638,-0.5153232,0.18522933,40.741856,0
18388.443,-0.36177048,1.1876343,0.55536026,1.3082466,1.1482564,-0.09983458,1.5611866,-1.2243034,0.9085868,1.1618663,-0.71908545,0.34668076,-0.29046318,-0.18045002,-0.31702963,0.5268666,0.64630944,0.049868844,0.2327183,0.32060197,1.1208876,-0.9214828,0.3800689,0.9013586,1.4079489,0.85371274,0.32890117,0.7726835,58.71751,0
18616.773,-0.9411221,0.20277505,0.30939156,-0.4934682,0.54219526,0.5718592,-0.18675813,-0.4616422,0.29013333,0.8205993,0.6101305,1.6194352,-0.30579045,1.6803071,-0.6531929,0.30376408,0.7314016,2.4073257,-1.5421821,0.599517,-0.40717667,0.5817583,-0.5601416,0.7527213,0.33182156,-0.4155739,0.9711248,-0.3493691,134.46272,0
18761.02,-0.4485642,-0.5003611,0.98147976,0.6594842,0.24468192,-1.2295074,1.3069996,0.5872577,1.7942318,1.2520436,-0.043450635,1.4399432,1.1526829,0.07847008,-1.4981453,0.54135585,0.28948727,1.4279798,-1.027727,0.5509823,1.7246011,0.7821907,1.3331163,0.48738903,1.7136742,0.6534195,-0.08561644,-1.495144,99.21138,0
18859.209,0.45233396,0.48516113,-1.1648281,-0.39691383,0.1455148,0.35712868,0.35193077,0.59495246,-1.4988953,-0.052721377,0.16644885,0.38980672,1.571395,-0.40564263,1.552367,0.20399946,0.1938408,1.1772454,-2.0186913,2.087714,-2.1241586,2.6149092,0.58008415,0.67531866,0.09297254,0.935566,2.62639,-1.0390639,326.9361,0
19108.793,-1.5657591,-0.5279176,2.0087554,0.113748156,-0.17496803,1.0915836,0.47125044,-0.72457385,-0.007726281,1.0138968,0.3571419,-0.30168077,-1.4501793,-0.45961508,0.42141092,0.8427838,0.10033429,0.7642862,-0.17511696,-0.7478588,0.1347956,-0.7423011,-0.89222294,-2.0835571,1.0774404,0.27446353,-0.51741797,0.5420929,86.557556,0
19789.88,0.6374709,-0.0013926515,-0.9594278,0.73683655,1.0456401,0.48681855,-1.3357205,0.16166238,0.36633697,-1.471244,-1.1545856,-0.63580257,1.4111671,-1.2130356,0.4530611,-1.6272078,-0.5759939,1.7633609,1.6096337,-1.6194237,1.4293927,1.4325433,1.8828737,1.5892987,0.42871967,2.3959074,1.0025107,-1.7546165,8.994955,0
19955.76,-0.53877133,0.9861363,0.74922293,-0.4625557,-0.86534286,0.13911174,0.93752295,2.1988478,-0.9145551,0.71304756,-0.894283,-0.3029258,-1.1714451,0.55655915,3.1167042,-0.13127348,0.32551882,-1.4369693,-0.11707666,-1.050553,-0.8903043,0.017346019,0.09738927,-0.20389096,-0.54920465,-1.7247425,0.76193726,-1.4493445,55.52173,0
20234.559,1.1478126,-0.5577713,-1.6873477,0.9965549,-1.6219251,-0.0958836,-0.33493203,-0.017597929,0.30071455,-0.77116275,-2.2099445,0.54380727,-1.1412152,-0.8200112,0.32504475,-1.3838465,2.0286458,1.3702831,0.6435854,-0.70365185,-0.15920094,-1.2413642,-1.0941031,1.2458942,0.18123415,-0.81795007,-0.69982743,0.5368348,47.11174,0
20390.477,-2.3942604,0.80567867,-0.9302647,-0.9936979,0.61444014,-0.83485115,0.8630925,-0.69318694,-1.1065825,-1.6514019,0.56474227,-0.8072438,-0.2342857,1.0981482,-1.3023214,0.27670202,1.2106819,-0.9912443,2.352314,-0.9743269,-0.4030357,-0.11998717,-0.83025414,-2.0335267,0.50317186,-0.25595,-0.42444026,-0.22254921,201.21095,0
20472.15,-0.7865658,0.67740136,1.5163686,0.29459286,0.63123834,-0.07199859,-0.81417,-0.1737624,0.6905573,-1.1241405,-1.21221,0.7574238,-0.31820646,-1.292935,-0.19590357,1.6419302,0.30391803,-0.5643391,0.40405583,0.09366085,-0.6837676,0.002464761,1.4877836,0.2565685,-0.03219813,2.2611735,1.0180986,-0.6957804,6.292823,0
20599.834,-1.6864681,-0.95479184,-0.2608998,0.9226397,0.48024115,1.2597059,0.17704935,0.09217711,1.0578347,0.0055311387,0.13256972,2.1331606,-1.5584173,0.12724145,-0.9747824,-0.4740848,0.8558298,0.5613924,-0.76521206,1.2526549,0.24462265,-1.0588902,1.8249849,-0.56350225,0.41285652,1.7980025,0.1447879,-0.49473214,39.233906,0
20689.006,-0.82622945,0.9738941,0.8399226,0.6600375,0.40772837,-0.11902851,0.35200295,-0.15116838,0.2723334,-0.8242992,0.37098822,-0.061883233,0.64987797,1.1502237,-0.3958684,0.12725203,-0.8691759,1.2332202,-0.6275686,1.539659,-1.2954216,0.3121736,1.009485,0.57212013,0.86536294,1.2886909,0.33807173,-1.4708139,8.870362,0
21051.682,0.2476659,0.6985663,0.23695539,1.9164449,-0.32054037,-0.889804,-0.15403332,-0.0313547,-1.8527979,0.37607354,0.60235286,-1.3443948,0.6794024,-2.152247,-0.4025896,0.7564867,-0.26051214,-1.1535766,0.0006582082,0.5043085,-0.11096878,0.95780927,1.3193086,0.31707045,-0.023373142,-0.79412395,-1.6359674,0.48445344,37.15336,0
21067.09,-0.17922662,0.10192589,-0.104958154,-0.7634393,0.7874827,-0.49224707,0.4045452,-1.4434468,-0.96679354,-1.8082376,-1.2040169,-1.3447448,1.0540416,2.0182655,-0.5870244,-2.067723,0.94784987,-0.5125449,-0.63289464,2.1412723,0.51599425,0.23820065,1.2166154,0.3660478,-2.9438877,-0.67751473,0.65599865,-0.8065435,15.522708,1
21211.588,-0.25337756,-0.76232344,1.3638504,-1.3791492,-0.04555813,0.2008503,-0.2663971,-0.96263045,0.56471,-2.1270976,-0.065161616,0.77656555,-0.43345532,-0.4252852,-1.3932825,-0.52211046,1.4871672,0.09753207,-0.558087,-0.35637304,-0.21509372,-0.54184407,0.5569162,-1.0589417,1.6782701,-0.82856005,0.28729683,-0.5357522,35.707565,0
21383.668,-0.15918487,-0.859206,-0.23665883,-0.9943351,-0.48711357,-0.373514,-0.6490598,-0.14933524,0.021198643,1.3723874,1.6702805,-0.05974618,-0.039582714,0.14109538,1.5925016,0.36451566,-0.77086616,-0.186366,0.98525393,-1.632519,-1.0002042,-0.14847207,0.32904178,-0.05696912,-0.29759142,-0.7834269,-0.06391002,0.34678513,3.697268,0
21585.812,0.20338824,-0.53766257,-1.7807381,0.6604426,-0.31189132,0.48530328,1.6054834,-0.16526797,-2.6940026,0.90380013,1.7143147,0.8768309,-0.030427165,0.5714492,0.29884803,-2.8969948,-0.4835883,0.85403204,1.0261563,1.0531781,1.0301853,-0.0045433566,0.53986317,-0.18016705,-0.8232802,1.4927046,0.36089185,-0.25662753,52.03267,0
22137.012,-1.0085361,0.5425945,-0.8032401,0.49792293,2.0206397,0.5228438,1.0489528,-0.5661893,1.2428304,-1.0492969,0.9873231,-0.53363425,1.6879954,0.72612906,-0.22547203,-0.9768085,2.1813757,3.4359276,-1.6468924,-1.8385944,0.730257,0.21732163,0.73601544,0.49531004,-1.1241103,-0.24376713,-0.40921772,-0.7046533,25.720064,0
22449.396,0.70684963,-0.9556252,0.55119175,0.10225666,-1.734976,0.8889832,-0.76086473,-0.17701359,0.13665651,-0.0029996436,0.33749315,0.83062357,-2.8342447,0.27388394,0.75763786,1.100858,0.09626125,0.4193207,-0.81816953,-0.75500304,-1.0411872,1.1098307,-0.741598,0.989297,-0.3364459,-0.11149816,-0.5919025,-1.9894384,24.110115,0
22645.73,0.66266596,0.43751225,0.3955091,-1.122957,0.4997881,1.4235594,0.5684443,0.061014857,-0.8190747,1.019507,-1.0051063,-0.15829918,-0.95694435,0.9973846,0.47106728,1.0029969,1.823362,-0.7351964,-0.4640044,0.5201122,-1.2941076,0.27193975,0.73195875,0.15047592,-0.56274784,0.77438676,-0.24188553,0.36742586,208.56984,0
22777.824,0.38503793,-1.2417555,-1.5670582,0.7668673,-1.6791104,0.9958587,-0.7426789,0.8894135,0.9949556,0.4192006,0.7186216,-0.73250407,0.0055408427,0.5190707,0.27569073,0.37431824,0.20685732,-1.2965083,0.59908897,-0.10238148,-0.95192444,-1.4026966,1.4586169,-1.2761723,-0.73700947,-1.663528,-0.46420318,0.07899297,12.69261,0
22826.312,0.55653346,-0.20406859,-0.7243425,-1.2247047,-0.10823334,-0.9342391,-1.1846846,-0.09921174,-0.67754,0.1482231,-0.15802123,-0.40099847,-1.0855702,1.7608812,0.6849981,0.8821976,0.24618028,-0.3252539,1.1430756,-0.19095276,0.5452732,-0.56232107,-0.20637242,0.10757881,-0.6821263,0.05264582,2.1805296,-0.51738745,30.286999,0
23170.477,0.296418,0.10964775,-0.58172137,1.1589496,-0.4336275,-0.9035345,1.0338094,0.3991032,-0.6884521,1.095154,0.5605283,-1.1970544,-0.25832036,0.52232754,0.13393475,0.21510424,-0.30549088,-0.94024986,2.701968,-1.1807901,0.2755729,0.16602105,-0.3132478,2.611076,0.52974284,-1.0968717,0.9118707,-1.037399,22.653738,0
23249.545,2.0350733,2.44513,-0.3654696,2.8574383,-2.0850284,-0.07577147,-1.7040997,-0.5416003,0.35835266,-0.7307125,-0.63284343,1.9893596,-0.12607554,1.9646355,0.67022145,0.5553949,0.9425551,0.4675498,-0.4656733,-0.010802389,0.7900827,1.1241245,0.47654632,1.6460053,2.0303636,-0.2944149,-0.9684689,0.012762479,25.473711,0
23742.99,-0.08709417,-1.3773156,-1.3759136,0.36645114,0.38903758,-0.45117536,0.9268559,0.57209575,1.7810384,0.031178448,-0.17293312,-0.09638181,-0.6576861,0.9010788,0.7531123,-0.3156537,1.3577776,0.45202163,-0.41572872,1.0036625,-0.3261502,1.2978464,-0.64965755,-2.9743996,0.8205716,-0.5864207,2.036296,0.48047176,288.9243,0
24148.111,-0.30708322,1.4720145,-0.6283711,0.5831081,-0.38003805,-1.1383268,-0.25272232,0.3757303,1.6235871,-0.017848639,0.16414736,0.6445141,0.06446893,-1.8057501,0.16271873,0.11581268,-1.0350022,-0.4631682,0.58857,0.019967917,-0.92473423,1.7746854,-1.3168186,0.06334315,1.1225982,-0.63798076,-0.43285662,0.09775888,21.683867,0
24150.863,-0.7535276,0.14984241,-0.72861046,-0.49285978,-2.0992064,-0.4416918,-0.2115466,0.865817,0.3597115,-0.27276206,0.24627809,-0.5368691,0.6281493,2.6111026,-0.22039449,-0.6323704,-0.35245055,1.9849551,-0.6822167,-0.8302259,0.9188465,0.1306144,1.147719,0.93211955,-0.37741002,0.22558181,0.029455367,1.6380656,10.16819,0
24155.803,-1.0322627,0.4111719,0.77153325,-1.8102133,0.8395681,-0.47451293,0.4097512,0.71346045,0.46238565,-0.38980553,0.4937227,-1.0519278,-0.23626645,-0.5743441,1.5303978,1.2634833,0.9150785,-0.73544735,-0.14096186,-1.2475384,-0.5534485,0.7633092,-0.45095125,-0.18232702,0.10466537,0.2212134,0.8974172,0.7047745,189.63162,0
24233.92,-1.2444718,0.11834791,0.8091213,-0.60271937,1.4350061,-0.67184776,0.5811988,0.58873564,0.79149896,0.072868235,-0.57919496,-0.2338805,-0.45319474,1.495544,-0.47790155,1.5215594,-0.12954864,-0.11943107,-0.4150381,-0.8095946,0.18654805,-1.4544616,0.018448578,-0.4600909,0.4264824,-0.21982059,-1.9699886,-0.10728309,13.884505,0
24249.56,-0.88879734,0.44472682,-0.14581046,-1.0928953,1.4901243,-0.3157895,-0.8263432,-0.09841741,-1.2569836,0.034407496,-1.3432845,1.1011925,-0.16576491,0.026793443,0.3913136,1.3799129,-0.49338546,0.63916266,-2.621654,0.39233375,-1.5499249,0.42988157,-0.61012506,-0.26696423,-0.6595579,0.37068436,-0.23702584,0.73827875,2.9264388,0
24713.035,-0.07068038,-0.15368511,-0.3920398,-1.4470046,0.35895643,1.1784508,0.71772563,0.24493922,0.64414835,-1.0484277,1.6247851,-0.5207318,-0.0074363467,1.0610902,0.41390842,-0.40810877,1.0095421,0.8920549,0.12323323,0.34360227,-0.56981045,-1.0752641,1.2767549,0.55218947,-0.42573008,-0.86861455,-0.57333386,0.04866228,8.256391,0
24859.92,0.33429512,1.4540502,0.13992432,1.7223599,0.046058137,0.19923805,0.11337054,1.063509,-0.73407346,0.8017959,2.4892542,-0.870532,-1.7403196,-0.6884789,-0.60955787,-0.95377403,1.1034532,1.2775766,-0.18236096,-0.8005071,1.0093963,-0.0625392,0.8531762,-1.1484699,0.854552,0.68158585,0.20508008,0.045192756,4.500079,0
24864.338,0.05114206,-0.45647115,-0.8165751,0.27286252,1.3281566,2.4718091,-1.2560548,-0.6520746,0.31847808,-0.97638524,0.44742072,0.15546425,0.46155393,0.6257445,-0.8078224,1.2769736,-0.4496421,0.42849648,1.271231,-2.2107594,-0.71627456,3.0298383,-0.24073954,1.1886886,1.0902928,-0.20619902,0.3700497,1.2963638,2.316463,0
24972.623,-0.7655353,1.1322346,-1.1468321,0.37968758,1.6823835,0.17050819,-0.16987449,-0.6284078,-0.22746763,-0.21823345,-1.3239921,0.4990226,-0.45100123,-0.25319055,-0.35385203,0.5439072,0.21236652,1.0509127,0.0054904073,0.42001277,0.81450385,0.30355424,-1.1798973,-0.05599299,0.06741027,-0.48366356,-0.07725936,-0.8980579,12.992626,0
25077.348,0.9001846,-0.6443671,-0.9402212,-0.30902237,1.1335686,-0.29006577,1.381279,0.1814314,0.5012083,-0.2952805,-0.7731951,1.6428481,1.261535,1.5790031,-0.49221686,0.32858434,-1.2084748,-0.66510814,-1.2547475,-0.8977074,-2.3310196,-0.8638132,-0.34692982,-0.93502426,-1.1951572,-0.7947588,-0.123647295,0.023309648,18.462484,1
25257.566,0.73941267,-0.060251847,-0.6348132,-0.17287108,-0.9415376,0.0041328827,1.6765949,0.4152797,0.11810347,0.3581036,0.50911754,0.35375047,0.5910535,0.43866816,-1.4581306,-0.63363206,-0.89548093,0.91808194,-0.25809887,0.6890625,-0.5593917,0.407789,0.5701527,1.1243502,-0.29559198,-0.24139746,1.0651314,1.18971,82.81701,0
25535.785,-0.15964831,-1.0719626,-1.1634738,0.9645507,0.20134485,0.256492,0.71734846,-0.8241065,-3.0730302,-2.119104,1.3411156,0.64399266,1.1700664,0.93594265,-0.6514951,0.4256638,0.12416523,0.9047291,-2.0910828,-0.75610965,-0.17135465,-0.5170752,0.1886357,-1.5451308,-1.4413311,1.8706392,0.30148593,0.30899057,42.74627,0
25649.07,-0.65291613,0.4550237,0.16205956,-0.032337118,0.43951616,0.43525395,-1.1903435,-0.07476256,0.17889172,0.8909098,-1.2128906,0.71927524,-1.0110039,-2.1640768,0.26622298,-1.085278,0.031406786,1.5128866,-1.2109178,-0.98790044,1.7425404,-0.96074414,0.10909805,-0.5552101,0.07520241,-0.06331377,0.04142501,-0.36905298,40.471626,0
26318.312,0.54842794,1.4451259,0.72971565,0.53069395,-1.8096169,2.0767114,0.4906069,-0.093998775,0.64215297,-0.67699033,-0.12433282,-1.1530154,-0.37138665,-0.08557268,1.2659435,0.63406235,-0.9668761,-1.668436,0.635506,0.15317191,-1.1690629,2.1031396,0.21169876,-0.57167506,0.2554031,-1.1444036,0.14787059,-1.7061597,6.876763,0
26486.303,0.18797359,-0.07735618,-1.5870984,-0.1960043,0.46936065,-0.84532046,0.8508609,-2.21528,0.44592834,1.2199633,0.19593206,-0.96333206,-1.2424585,0.41055164,0.5543913,1.3788867,-0.7159739,-0.9071831,-0.24734044,2.3576992,0.67099327,1.066812,0.7587962,2.1439419,-0.2707104,0.91881907,1.835889,-2.2703469,58.085724,0
26543.166,-1.4481273,-0.1968857,0.025128711,-0.3421529,2.272992,0.85904604,0.725708,-0.21959399,-0.10258595,-0.4781649,0.8645784,-1.0838963,-0.7051912,0.2236149,-2.5995345,1.6310456,-1.0650444,0.823141,0.92250824,0.74903,1.0569317,0.34553662,-0.041859206,-0.68502074,0.24171123,-0.47192845,0.17267397,2.0761812,106.64221,0
26659.99,-0.06798026,-1.114617,-0.21993579,-1.4069141,0.63993615,0.2077506,0.7849543,-0.15731783,1.6421617,-0.048843585,-0.3436011,-1.3321458,1.2521055,0.9611572,0.6413037,0.70852405,0.45505986,-2.6513646,-1.9668922,0.1362193,-0.72148967,-0.3918233,0.45001346,-2.1549652,0.41690123,0.283759,-0.5144485,0.30851182,32.248936,0
26819.562,0.26203582,-0.22929266,0.3415087,-1.9777491,1.4734131,-1.5710977,0.36326307,-0.16029294,0.3113731,1.913786,-1.5638146,0.79545987,1.4874905,-0.36590424,-0.5581518,-1.3820215,-1.9676392,0.49200618,-0.2424614,0.35885152,-0.37352395,-0.3107895,-0.9869192,-0.5818151,0.25686204,-0.60566056,-1.9089991,-0.5840731,33.348774,0
27234.031,-0.8996948,-1.5927943,-0.012938768,-0.2615619,0.18291473,0.7706988,-0.07241234,1.4159143,0.4376733,-0.2773382,0.6211976,0.2900501,-1.1481333,0.048787106,0.4530801,0.19733013,-1.0115772,1.0598044,-0.4755125,-1.7511159,0.14162877,1.5424819,2.553851,0.45555034,-1.2015303,1.2807733,-1.4339374,0.34945688,4.403366,0
27866.473,0.18984339,-0.912878,-1.4535993,0.05649669,-0.07321832,1.2676235,-0.6083675,-1.2157983,1.0444919,1.2388499,1.1247959,0.07949606,-0.45827767,1.1812267,-0.014135259,2.1396818,-1.8629415,-0.57637525,0.9558486,-1.1223403,-1.481485,0.30657753,-0.2838593,0.78408456,-0.25326434,-0.59075975,-0.4670259,-0.94767416,71.187904,0
28442.914,-1.4548225,0.22678605,-1.2623893,-1.2861301,0.3812714,-0.8571764,-1.8979355,-0.8246226,0.362593,0.039045084,-0.08259146,-2.5927165,-0.07619567,-2.278689,-0.19268763,-0.8686116,0.4190206,-0.43019,0.67276275,-2.5109289,-0.45510322,-3.0828052,0.203593,2.2765398,0.40984297,1.397858,-0.108376846,-0.3312013,170.20383,0
28602.557,1.336186,1.3190132,0.029423576,-0.034474865,-0.81582665,-0.008933868,0.33964178,-2.6121957,-0.89801776,0.41541883,0.4052401,2.055477,0.5856056,0.5893505,-0.10223573,-0.059181575,-1.8027335,-1.0741373,0.64225215,1.7298739,1.2761121,2.4209385,0.5664655,1.4068975,1.5787117,-1.0492606,-0.55562145,-0.9409404,29.59315,0
28851.584,1.24795,2.8092108,1.0287809,0.053752564,-0.96377516,-1.7253543,0.18605284,-0.48091668,-2.4383373,0.06995859,-0.47449124,-0.894272,-1.7598102,-0.33388484,-0.022424309,1.4135244,0.0317292,-0.52154714,1.5414101,1.5273861,0.52265483,0.18306236,-0.4107905,0.1879226,-0.27192575,-0.29290637,0.351144,-1.4132736,9.843105,0
29477.1,-0.25251734,-0.5865851,-2.2141874,-2.156008,1.2663046,-1.2588065,0.5575758,-0.39564356,-0.4771209,0.84785163,-0.8457728,2.0518126,-1.603,-0.9123181,1.3444049,0.6171339,1.639524,-0.4925685,-0.3680871,0.39281854,-0.15675129,0.343369,0.007824794,-0.8914155,0.5508402,1.3999958,-0.568508,-2.104985,16.537098,0
29597.768,0.36345434,1.4353001,0.34572658,-0.91512465,1.3723423,1.0480295,-1.3375437,-0.50997716,0.7609455,-0.6855316,1.0264257,-1.4492415,0.48962614,0.33654422,-0.019660188,2.4801564,1.673434,-0.6828413,1.3350809,0.1351151,0.113072366,1.0866948,-0.0043247254,1.6240275,0.8781519,0.16817422,-0.91448927,-1.5976574,12.127737,0
29915.107,-2.409922,0.24375248,1.189622,0.4072639,-0.99110633,-0.4664165,0.6450167,1.1076773,-0.35309634,-0.98404855,0.38749585,-0.8124012,-1.9490386,1.2274513,1.0855361,-0.7328694,-1.8059076,-0.7376782,-1.0442061,-1.55159,0.5809054,0.46540284,-0.9140381,-0.36856356,-0.19662769,2.271466,0.61264384,1.0212878,13.032684,0
30176.648,-1.1563476,-0.15124765,-0.15302588,0.38705873,0.9679988,-1.108803,2.0545452,0.8606175,0.8011784,-0.6385762,0.4903686,-2.2028494,-0.4467974,1.0391438,0.9399059,-0.9897558,0.2984096,-0.2710048,-1.0808778,-0.21929996,0.77241015,0.7469086,0.43858942,-0.6581572,1.1484077,-0.26914045,1.3693945,-0.986882,43.71012,0
30544.922,-0.29377893,0.43259445,0.5502025,-1.153675,-0.08695997,0.22946036,0.07845013,0.07785673,0.14872818,0.099710375,1.5021151,0.36212498,0.1620918,-0.13511303,0.66704553,1.2241254,-0.9889713,-0.28310433,0.7527466,1.7923919,-0.5564141,-0.42372346,-1.6492219,-0.41707382,1.2021738,0.25704286,-1.1071676,0.5348921,28.088408,0
30976.129,-1.0721331,0.061916485,-0.7030691,0.15844806,0.33980858,-0.5224124,-0.06166532,-0.37061307,1.288066,-0.22081879,-1.0548424,-1.1012568,0.41566598,0.87574095,-1.7866188,-1.1958786,-1.193136,1.8741319,-1.5047407,0.131416,1.5347209,-1.2297953,1.7527084,-1.2522882,1.3803847,1.9051492,0.24371587,0.9566474,67.0021,0
31361.473,0.7143965,0.11039572,-0.1193662,1.0224072,0.46021864,-0.47082165,0.30900237,1.0261897,-0.2952167,0.7102749,-0.5520263,-1.0730002,-0.14171809,0.8680679,1.1166327,-0.19676799,-0.11346995,-0.39418516,0.57276565,-0.5646465,1.3163482,0.2802328,0.7929709,-0.4650201,0.45843217,-1.5139232,-1.9050046,0.016579686,31.345886,1
31713.074,1.9972966,-0.40833315,-1.6209135,0.77707297,0.9943505,0.739326,2.032337,-0.01975786,0.46761483,1.3047317,0.15793335,-1.3725142,-0.36575672,-0.08737127,-0.4579013,-0.065646544,1.2282912,0.34415022,0.101313196,-1.7580707,0.67725766,1.4316146,0.63912237,-0.23310833,2.3601372,-1.63775,-1.4745381,-0.2985672,7.1213293,0
32739.135,-1.1766148,-1.3981097,-2.3443434,-0.09528579,0.0827182,-1.1617334,-1.0236478,-0.81827,0.50588506,-0.97583836,-0.56431323,0.7773551,0.8445709,-0.69308054,0.71572727,1.0359895,0.59965885,-0.57688296,1.0718527,1.3803058,-0.8429599,-0.64780253,-1.7366421,0.7306566,-0.61528313,-0.7955082,-0.5887658,0.13302292,11.014027,0
33356.023,-0.8374634,-1.5436252,0.9427658,-0.4679763,1.410162,-0.9053652,0.20320693,-1.7162486,1.5016018,-0.73394877,0.78313655,0.71146363,0.28520593,-0.63523406,-0.9725328,0.61426795,-0.71514094,-0.5895958,-0.059443966,-0.070083804,-1.0202239,-0.728024,-0.7925287,-0.38808835,2.1240776,0.8133727,1.1349105,-0.41662037,10.222495,0
33632.01,0.23544838,0.6532449,-0.98499495,-0.62934446,0.30941284,0.15407999,-0.7996574,-0.4413145,-1.7066373,-1.4362394,-0.18739922,1.8120339,-0.64701664,0.8378534,-1.1850741,0.45706493,0.705034,-1.7043705,0.056048945,-1.7567339,-0.3266038,1.2210193,1.3893452,-1.2674593,0.76829946,-1.6098512,-0.778706,1.2039093,16.058462,0
33942.34,1.6111162,-0.27670008,-0.45552784,0.46781978,0.62418425,0.96940976,-0.5470047,0.7546436,-0.45840827,2.030373,-0.9925328,-0.6857066,0.037722897,-0.042146813,1.9763887,-0.4024309,-2.2437084,-1.5713662,0.509265,-0.9242657,0.0607651,-0.4572452,4.1512413,-1.6037722,1.3403873,0.59704906,-0.8161005,1.8765339,173.06313,0
34248.105,-1.2223743,-0.5960889,-1.3864423,0.19510397,-0.83326256,1.2381603,-0.04959031,2.2765386,0.8485161,0.3046695,0.06577168,0.21881936,0.38316903,-1.0461823,-0.9569831,1.215004,-0.7529458,-1.2069982,-0.6626496,-1.2775381,-1.7684919,-0.41055992,1.1946925,0.20956975,-0.32003775,0.5267067,0.036087282,1.4498118,209.74228,0
34519.633,0.24903612,0.008505627,-1.4099697,0.629404,2.158659,-0.6650617,1.3473233,0.061610345,1.5458965,0.4798023,0.17033876,-1.2893353,1.7182373,-1.6848629,1.1461066,4.025824,-0.8238915,0.18369684,-0.7062063,-0.13174352,0.49469313,-0.37314427,1.0369434,0.07262585,0.8444747,2.0143902,0.03708361,-2.1515632,54.812675,0
34542.54,1.8212988,0.79493225,-0.1738377,0.13187382,0.4698249,0.937377,1.8009906,-0.7653555,0.2400715,-1.3402084,0.9346821,-0.33503902,0.78632367,0.83183146,0.11842032,0.6912821,0.07832069,1.0761737,0.47442943,0.20733897,1.2874622,-0.064980984,0.5249742,-0.5543127,1.4269742,1.0454849,-0.78513145,-0.43702677,23.162083,0
34866.336,-1.6517591,0.18036394,-0.7295772,0.818764,0.71299744,-0.7841423,0.44814214,-1.1849653,-0.29270416,-0.001169989,0.3931409,-0.5188453,1.2145568,-0.54677844,-0.42012006,0.099672206,-0.20282796,-1.7866645,-0.02928781,-0.50321704,0.57647413,-1.5736381,-0.8474972,-0.46745646,-1.0873586,0.36405024,1.9862216,0.004159139,3.9197087,0
34966.77,-1.2810692,-0.6560549,0.377971,0.094592534,-1.6081858,1.8262093,-0.37659472,0.5519549,0.75711834,0.50924796,0.46114638,0.46444997,-0.6106074,0.33038774,-0.044828884,-1.297863,-0.14147109,-0.5490768,-0.4073139,0.7770466,-0.6760528,-0.53934014,0.9951741,0.38848692,-0.16332628,1.3591329,-0.26536337,0.46305797,26.154205,0
34973.895,-0.4236066,1.226293,0.45253843,0.7846887,-0.82270205,-1.1337711,2.492739,-1.764616,0.86870265,-0.2527577,0.3202917,1.0170218,-0.5241829,1.2397069,-1.3010945,-0.63748145,-0.17471953,-1.3668907,-0.0827841,0.07880224,-0.7944034,0.23036802,-1.1012074,1.3905462,-2.1412528,0.53890395,0.11358498,-1.7273146,7.7833843,0
37078.516,-0.5205884,1.5791855,0.32084966,0.8708228,1.2378837,1.3284788,-0.4275545,0.5503451,-0.35966167,1.0757056,-0.18822253,0.9910667,-0.23538,-1.3089244,-0.01375438,-0.21371023,0.022407241,-0.2642771,1.5945596,1.0623124,0.29985234,0.22323793,-1.2105851,-0.7801446,-0.17833297,-0.46007004,-0.40177953,-1.7434436,142.11354,0
37604.47,0.81260127,0.49455667,0.23860079,-0.8045266,0.28689113,-0.6564861,-0.57113594,0.8177116,0.3303073,2.3118312,-0.7162191,-0.8428123,-0.14357264,-0.04513738,-1.0827403,-0.53460026,0.540131,1.0757695,-0.4430184,-0.35719407,-0.15330371,1.1579931,-1.2735293,0.08890284,-0.8160082,-1.1446058,0.43997157,1.3067898,2.9231832,0
38980.645,0.24165972,0.9736635,1.5777682,-1.8081441,-1.9137797,2.0132465,-1.774943,0.43627945,1.1805272,-0.94706285,0.28883836,0.9984679,-1.0080249,-0.17069414,-0.3954438,-0.016077835,0.14933103,-0.4468824,-0.4720196,3.0453255,0.44304118,1.8393922,0.9757227,0.95827043,-0.21776769,-0.5693656,1.2349576,-0.55911934,31.860952,0
39208.12,-1.7749621,1.24196,-1.0675938,1.5434929,1.0382899,0.59132075,1.3960916,-0.21966167,1.890459,-1.0220872,-0.33312476,-0.044085138,1.2659336,0.37974286,0.9252996,1.7780161,-0.28435183,-0.04751697,-1.7074442,-0.5644887,0.60172135,1.5124835,-0.057414055,-0.7761143,2.9236434,-0.040073875,1.6636637,-1.4874064,7.0351057,0
39265.035,0.5154104,1.1300993,-0.054934867,0.25665873,-0.54378283,-1.0160165,0.96824557,0.56494063,0.742605,-0.87775606,1.6898227,-0.32459688,0.8833516,1.23916,0.25419068,1.2471669,0.40174827,1.4552284,-0.042352937,-0.90332997,1.0918906,0.9146524,0.1008581,-0.015632115,1.7178035,0.1750184,-0.7622657,-1.1036408,19.8575,0
39682.727,-0.5775389,0.6140992,1.1326898,-1.7144859,1.411317,-0.5222385,2.4178054,0.17093837,0.044138897,1.6061991,1.3421823,-0.7085115,-0.30567786,-1.3294518,-1.4821705,-0.15883271,0.82612354,0.45790094,0.65688354,-1.0263005,-1.1321235,-0.14873458,-0.015403937,-0.037995603,-1.4394475,-2.1351955,1.1007951,0.39047465,44.669094,0
39779.137,1.2744472,0.59834707,1.2645398,-0.7138195,-0.08783568,0.7811812,-1.3895234,-0.77812386,-0.054075178,1.0423553,0.63283914,-0.5599358,0.64171064,0.56979793,0.8514881,-1.20828,-0.55602586,-0.76009184,0.8361981,-0.21094073,0.22161895,-0.62306905,-1.1257166,-1.3112953,0.55573833,-0.21956034,0.5496808,-0.8225477,68.46772,0
40186.227,-0.62758756,0.5196606,-1.4217637,0.7718743,0.20470668,1.0526444,1.4581708,1.8504124,0.55739653,-0.13552782,0.37846693,1.7423139,0.22289917,1.0315238,-0.007099762,1.3373677,-0.05940273,0.15891528,0.108217604,-1.7195361,-0.363475,0.017878432,-0.6707309,0.1684988,0.79893106,0.02858177,0.9745366,0.24162564,18.67474,0
40198.46,-0.6366153,-1.0973377,-0.31235543,-0.27967682,1.1789546,-0.07071559,0.07013552,-0.35167938,-0.11567284,0.036559664,-0.08795905,0.30741078,0.719828,-0.18637706,-0.54218525,-0.049054272,1.1619066,-0.82754904,0.95583355,0.29456285,-0.09863504,0.5855788,-0.6204262,0.031544678,-0.3378971,0.54753745,-0.09187927,-0.97872734,50.071896,0
40422.87,0.5411316,0.7007232,1.358121,-0.5120614,-0.89749295,0.04465828,0.8061002,0.7757523,0.18964049,-0.81654364,-1.2611238,0.17461185,-1.3443071,-0.137447,0.7466763,-1.7265004,-1.1027607,0.420482,0.7312304,-1.9053037,0.86440885,0.8219378,-1.4052714,0.5550842,0.17830761,1.6268009,-0.18704078,-1.7442001,9.070577,1
40893.363,0.76292646,-1.355814,0.5080791,1.4008819,-0.9928468,0.75835305,-1.6477772,-2.4186144,-1.0578762,0.89002717,-0.21617222,-0.26224685,-0.14566107,0.41844937,-0.16720684,0.7124301,1.8047022,0.51534015,1.1129502,0.16167092,0.9731259,0.62308574,-0.5042101,-1.1868864,0.2759822,0.18565354,0.93571466,1.4243802,26.967867,0
40907.62,0.44809937,-0.7945995,0.19526303,-1.0472871,-0.19649842,0.13179843,1.4680818,1.2764709,1.2970572,-0.37990183,0.10140003,2.4459786,-0.05803853,0.34481707,-1.1656613,1.0256867,-1.339155,-1.3671597,0.98430264,-1.3512517,1.3984437,-0.12117547,-1.0813065,0.009970386,-1.3466114,-0.9095629,0.9546925,0.3981899,66.86321,0
41220.02,-1.6855973,1.303565,-0.21768469,-0.79815334,0.8271728,-1.2935048,0.7865167,1.4687637,-1.1401848,-0.26007655,0.22945647,1.3050104,0.6236421,0.5823526,1.8478097,-2.4259083,-0.3453646,0.17514941,1.5699782,-0.38129342,0.42559025,0.78686225,0.57767564,1.381734,-1.0313294,-1.8180794,1.5657206,-0.33375087,29.919767,0
41613.16,0.53803444,0.84022015,-0.38380092,0.21138647,-1.3308773,-0.81297404,-0.038910035,0.029833788,-0.43211177,0.60878974,0.46953636,-0.7210621,-0.6284376,0.56128055,-0.017287442,-0.8245546,-0.95019,-0.11757326,-0.16969317,0.6045404,-0.11001679,1.2608725,0.66097105,2.0774999,0.17229672,0.68701094,0.19854756,-0.5213617,10.641778,0
41637.79,-1.0343081,1.4873983,0.28821906,0.39045492,-1.6680346,0.23511994,0.6451127,0.558771,0.09759326,-0.18799494,0.9213302,-0.27361506,-2.4999306,-0.9819723,-0.0813852,-0.11045401,2.187927,0.5446774,-1.3270581,2.3040376,-0.25287846,0.8801604,-1.2936391,1.2801293,0.099402525,-0.86908734,-0.106914625,1.4649004,14.370092,0
42824.695,0.23527612,-0.2716744,-0.2523741,0.49634305,0.82372093,1.2154825,-0.7654953,0.5585152,1.9909868,-0.234966,-0.69215405,-0.21424454,-1.0816997,0.9902665,-0.40510517,0.7345109,-0.50335,0.83134705,0.66371876,-1.0780005,-1.734755,-0.032013055,-0.29663175,-1.1770715,-0.70856273,0.86683697,-2.4598536,0.59153,67.95103,0
43092.18,-1.4237344,-1.1522489,-0.042578623,0.9112381,-0.6029783,1.6159824,-0.57944006,-0.6427836,-0.42268297,0.010575205,-0.6830756,0.14587198,-0.061047986,1.1667832,1.1799657,-0.5157466,-0.50084114,0.4774496,0.78055316,-0.15031745,1.339735,-0.8338487,1.8560599,0.4510527,-0.79437613,1.3974202,-1.6112605,1.146813,5.4183235,0
43782.617,0.44632214,-0.2404372,0.07859871,0.19857863,-0.392226,0.7795294,-0.46344462,0.5471223,-0.6660158,0.79535544,1.4508567,-0.701226,0.06388423,0.1860829,-0.5248785,-0.8321419,-0.37074873,-0.30319336,1.5699954,-0.7237587,-0.3218984,-0.8575674,-0.9807629,-0.48314658,-0.08977925,-1.5440748,-0.3942516,-0.58369267,6.467708,0
44228.72,-0.8065989,0.1020313,-0.6780715,0.48938394,-1.8568105,0.28729075,-1.8527279,-0.80863047,-0.5508169,1.6464931,0.7709816,0.43881652,1.6837481,-1.4941553,-1.5449798,0.7271693,0.09560281,0.93333,1.2812904,-0.8698703,0.50589705,-0.6812176,0.42663783,0.2839006,0.88615096,0.55389255,-1.101059,0.05066654,41.34314,0
45351.08,-1.2826346,0.078988716,0.53212935,-0.25920925,-0.67897934,0.74881387,0.8617585,-0.6087569,1.6588972,0.58548623,-0.39077094,1.4520881,0.58274645,-0.11474571,-0.6786777,-0.46832237,-0.32844177,-0.8730628,1.9454725,-0.71497333,0.6789965,0.2570752,0.10552193,-0.7722167,-0.07648577,1.2926224,0.81413054,0.4021989,11.858295,0
45940.203,0.71382016,1.1336805,2.9142447,0.062698305,-0.0075672967,-0.66675085,1.1915936,1.1269431,-2.812347,0.8033142,-0.10721117,-1.3136281,0.08153028,0.19440588,1.3267746,0.54205465,-0.1328868,-1.320522,0.619854,0.82406646,-1.2453156,0.51980376,1.0928875,-1.7134734,1.6227309,1.0190393,-1.3100209,-0.5500691,3.5125074,0
46042.73,0.24164452,-0.36127043,-1.7769866,0.10753418,0.93037784,-0.15323097,-0.70134413,0.9746577,-1.002738,-0.19985406,-0.10271395,-1.1281468,-0.032391276,-1.1446003,0.83213216,-1.1115156,-3.5292099,-3.1952868,0.2288106,-0.48805586,-0.9233464,-1.4145323,0.29546684,-0.34451723,-0.69582057,-2.0963795,-0.5013043,-0.09553211,101.59379,0
46131.258,-0.6139768,0.35203448,0.32401252,0.21509814,-0.77123016,-0.8241307,0.348203,-0.7063755,2.7312887,-0.7077979,0.031574123,-0.48315856,1.1041834,-0.36013806,-0.25501564,-1.3523331,0.057159837,-0.07014095,-1.3849831,2.2493126,1.54702,-0.5039951,-0.43129548,0.7226027,0.1931098,-0.85365206,-0.4620265,-0.58361036,5.36813,0
46746.273,1.4511789,-0.98862714,-0.76019007,0.7725398,1.6573762,-1.2487426,-0.26554048,-0.73357636,0.59088206,0.6539862,0.4726831,-0.43679556,-0.5901105,-1.4093693,1.3732551,0.75526917,0.017806621,-0.82154644,0.30809653,0.41597927,0.29043552,0.24328546,0.066764124,0.28799975,-0.35429543,-1.2801805,1.204743,0.3990592,15.810654,0
46784.945,-0.44065243,0.45031726,0.5774026,0.5551457,-0.684556,0.33354902,0.32827395,-0.6455966,-1.1059849,0.17124082,2.5349927,1.9984659,-0.1402838,0.60729223,0.7479422,0.2525199,1.0385689,0.3977545,-0.55250335,-1.0100107,-0.58058566,-0.8996799,0.081369944,0.40294787,0.58796096,0.5234727,-0.60823876,-1.3213942,9.550325,0
47041.164,0.032107674,0.00310855,0.046557475,0.044217,-0.6830918,0.1855133,-0.62757725,0.73263955,-0.041917983,-1.4226286,0.18975656,1.0017092,-1.0892581,0.16595532,-0.26658937,0.9224557,1.3090609,-1.9712274,0.21151002,-0.36670518,-0.126347,0.43390414,-0.09169518,0.21635032,-0.7815879,0.41332662,0.45241213,0.57197005,14.052212,0
48049.23,0.26891345,-0.7498133,0.76185477,-0.80912596,1.5373576,0.68765247,-0.8834252,-0.9999848,0.06745457,-0.32806963,0.66259813,0.94432235,1.4189061,-1.6457832,-0.16590986,-0.532593,-0.18770806,-0.64717853,0.054513186,-0.801847,1.086237,-0.3074283,-1.3191115,0.4045275,1.9273977,-2.697892,0.19570613,0.3107132,6.9480195,0
48594.95,-0.6196659,-0.23582937,1.1755066,0.06767126,0.21146016,0.5461118,1.0520749,0.35671264,0.84612525,-0.08289702,-1.6864767,-0.2643657,0.39249894,0.35146487,0.32931772,-0.7951053,0.8162291,0.47026992,0.4717336,0.8000687,0.9343145,-0.72342026,1.2430886,0.52951175,-1.6906124,-0.30083162,0.9032885,-0.20330852,47.329563,0
48620.887,0.4711363,-0.18417574,0.19242112,-0.028017785,-0.5520247,0.24264427,-0.06387059,0.7468468,1.839502,-0.5104579,-0.4849,-0.2863134,-0.7075233,-0.056508947,-0.83188695,1.3607188,-1.1015688,-1.0298362,-0.09733071,-1.6387796,-1.4660817,0.053205434,1.0664335,-0.27468142,1.7154802,0.80071986,0.8502151,0.44951713,22.942434,0
49057.105,-0.53345233,-0.27015513,1.1320523,0.19318157,-0.15513313,0.55661666,2.022109,-0.08824545,0.38855168,1.4817356,1.228815,-1.4517055,-0.11445501,0.5164143,0.0045050657,-1.5229588,0.7673423,0.40925676,0.9350202,-1.3409513,1.6342839,0.39228034,-1.044189,0.08289056,0.08998847,0.147976,-0.033440113,-0.36494046,65.390976,0
49197.35,-0.41163832,1.7713412,-2.344298,2.2065253,1.3530736,-0.042683095,0.046309967,1.0100636,-0.5397883,0.47983903,0.40231538,0.78174025,0.50965077,-0.39153242,0.30851337,1.2514607,-0.5724758,-0.5570226,-2.7231543,-0.5915461,0.966148,-0.8485289,-0.30072564,1.7432584,0.5524246,0.14626692,-1.6962945,-0.6701307,9.669708,1
49495.617,1.3626426,-0.098446004,1.5904523,-0.5237728,1.4662029,0.4128914,-0.926078,-0.30431017,0.78708446,1.3731749,-4.3891144,0.4910546,-0.25071892,-0.8014794,-1.6869662,1.3205047,-1.1846975,-0.03280831,0.18999358,0.6829468,-0.15247525,-0.24261238,-0.22508568,0.14203103,1.3345249,-0.3649937,-0.23174089,0.54372615,259.7257,0
49790.984,-1.040586,-0.24389611,0.37506214,0.422289,-0.8167932,-0.7261444,1.2269409,-0.2138556,-0.6982527,0.26342526,0.6740232,1.2859974,-0.5344706,-0.77084464,-0.18932033,0.86008954,-0.18558867,0.595158,1.2024897,1.2330602,-1.1917224,0.46767837,-1.1565188,0.042563498,0.8576615,-1.0589409,-0.019955644,0.587014,2.0430043,0
49820.79,-2.4127803,-2.097451,1.0778433,1.068462,-0.04243381,0.36970592,0.6308002,-0.9772462,-1.0333375,0.08138783,1.9181644,-0.21082972,-0.6542737,-0.5381702,-0.30305618,-0.6878075,1.4004724,0.952797,1.8700485,1.3805422,1.0540086,-0.7620902,-1.8667963,0.10288451,-0.7300269,-0.017055824,0.28600922,-0.5072702,2.9976783,0
50268.273,1.610937,-0.89420736,-1.2198757,0.09800191,0.09015683,0.6684177,0.72687286,1.0171773,-1.7599089,-0.9365978,-1.9959075,-0.14177914,0.3389619,0.018825097,1.0280681,-0.81652385,0.18100554,0.09249241,0.7319613,0.52980155,0.4764275,-1.6577568,-0.67059267,-0.21790852,0.60008955,0.05209345,-0.73755515,-0.59305227,164.63022,0
50730.652,2.5493279,-0.2630734,-0.8307699,2.337845,-0.9862401,-0.66968143,1.1906006,-0.76652044,-1.5651284,0.011929533,1.5193877,0.17004552,-0.35805428,0.14795847,-1.844497,-0.21005577,1.4964881,-0.8140103,1.684883,-0.082889535,-1.4577984,-1.5365739,-0.35640234,-0.43535596,1.867474,0.6152545,1.1409011,-0.18297349,35.475773,0
51035.676,-0.40526927,-0.68585265,0.14593829,-0.3780393,-0.055685055,0.0518321,-0.65279627,0.34977183,-0.89644516,0.013053926,-2.7719557,0.89189756,-0.45375773,-0.19071987,-0.38150603,-1.2950397,-0.7487327,-0.45803887,0.168936,0.7946258,-0.23207808,-0.41805086,-1.4412333,0.20867853,-0.8872917,0.69649994,0.013619418,-0.55200565,30.255056,0
51297.88,-1.936838,1.3817075,-0.017037889,0.32408923,0.0053228606,-0.6236025,-0.12725331,-0.07131606,-1.1777898,-1.3671138,0.93799895,-1.4702157,-1.3360617,-0.42331955,-0.48175466,-0.961694,1.0478511,0.6369554,0.002862576,-1.1445006,3.126173,-1.3184183,0.17697777,-0.5057152,2.1184285,0.08586142,-0.92049736,1.5251191,33.701096,0
52001.527,-0.31048396,-0.16493778,0.2830686,-0.7988058,1.1402094,-0.5265067,-0.17144983,-1.052783,0.31323653,-0.5395275,-0.008648626,0.73605615,0.07764058,-0.35140327,0.96007097,0.64473426,-0.65216005,-1.0212536,0.52941567,-1.8446572,0.016501758,-0.3477219,1.1628563,-0.14551494,0.3857025,1.0949084,-0.45822784,0.31647572,39.863007,0
52069.598,-0.28622296,1.2884443,1.0845152,-0.35152474,1.207425,-1.1249293,-1.2907466,-0.60910314,-1.1994019,-0.3232826,-2.3499713,-0.020495562,-0.18122344,2.5077248,-0.04354657,0.6493491,0.22532867,-0.1780666,-0.003194283,0.43663758,-0.7419706,1.6649429,0.8421161,-0.7905147,-0.43322778,-0.37492466,1.9285426,0.014600233,28.781168,0
52098.875,-0.18992384,0.061704636,-1.7652203,0.24893391,-0.3292094,1.265775,-0.26359016,1.3828722,-3.1436663,0.41347954,0.44613782,-1.0586373,-0.32164836,-0.77072513,1.7960947,-1.0495749,0.21668282,-0.3858841,-0.78235745,-1.0056784,-1.0084966,-1.3785983,-0.12668565,0.108011805,-0.8932894,-1.4440246,0.66437787,-0.93272495,6.3023,0
52170.637,-1.1133881,0.037227836,0.9738191,0.84630406,-0.21395314,1.0656852,1.3363794,0.20165755,-1.0439118,0.4613501,1.1508398,-2.0846057,0.19877067,-0.557972,0.6622134,0.67612195,0.66149175,-0.103361785,-0.51524025,-0.06530673,1.772099,-0.28260484,-1.8404117,0.58419496,-0.22328708,0.47705367,1.0484565,0.7389895,53.61501,0
52520.145,0.5795611,-0.088796444,0.00828191,0.31909484,0.6642923,0.53743386,0.23733811,-1.0091504,-0.47185963,-0.5813185,0.363887,-0.13647372,0.7480023,3.293854,-0.410223,0.4543033,0.25074062,-1.0092825,-1.1121529,0.119627014,0.8477595,2.1323047,0.71570235,-0.21191487,-1.9552783,0.12637955,-1.041587,-0.6116049,44.381107,0
52650.52,0.5245074,0.0037962517,-0.20378186,1.2591149,-0.58518845,1.972196,-1.3460613,0.30532828,-0.6054495,0.4688696,0.58482766,1.447713,0.70156544,0.4210133,0.2396587,1.5098863,-0.73918456,-1.8519443,0.5283771,0.24811956,1.4074391,0.40813008,0.14639217,-2.0083785,-0.41524446,0.49693152,-0.6888297,-0.65274733,111.510345,0
52866.855,-1.4944056,1.7187951,-1.4711152,-0.09496531,0.58864015,-0.1892457,-1.5558394,-0.14611404,1.5195247,-0.18207893,-0.4116761,1.6746846,0.5527285,-1.3799807,-0.35406882,0.56913644,0.88030696,0.5207426,0.011391813,0.9377915,0.24818528,-0.3677233,0.4243511,0.59037155,-0.26292723,-1.2644514,-0.6814223,0.77261466,166.84901,0
53621.45,0.69919676,-2.3196108,0.50304866,-0.33216852,-0.08790649,3.0317624,1.6647761,3.4540465,-0.61354256,-2.86962,-1.8613898,0.3553762,-0.24067028,0.8426872,0.8593961,1.058581,1.7316566,0.9641314,-0.36028612,0.8320752,1.2540193,-0.15688263,1.9361027,0.12018384,-1.0744137,1.790796,0.18439373,0.38732272,29.861538,0
53623.348,2.052685,-2.0015457,-2.4141078,2.7039852,-0.96939856,-0.22752942,-0.09031901,0.28512385,0.88092345,-0.48470202,0.691864,1.9620056,-0.56699836,-0.9100389,-1.3321977,0.4770776,-0.5838034,-1.7921749,-0.56668377,0.19500007,-0.84832036,0.4293625,-0.82481164,-0.9932315,0.7478452,0.7105024,-0.17400183,-2.5034475,4.604072,0
53974.457,0.17196034,-0.5431708,0.648394,0.39423764,-0.9568367,0.25519335,-0.6474102,-0.38062486,-0.0189826,1.0789887,1.749754,-0.042941082,-1.0439156,0.9090615,-0.82369596,0.9799291,-1.835232,0.36892617,0.5050563,-0.4420153,0.16259098,1.6957719,-2.874816,0.77327025,-0.21876629,-0.2879969,-0.4894944,-0.15777077,168.51546,0
54332.715,-0.33732516,0.0145278815,-1.4921058,-0.7194815,1.4470587,-0.39777792,-0.27399176,1.420028,-0.042304724,-1.6818057,1.1295809,0.9533036,-0.5931565,-0.21096228,0.4556899,-1.2871171,0.49931958,1.0831829,0.7804482,0.10776209,0.28705353,-0.5308536,-1.0534545,-1.3984252,-0.6357945,-0.9354531,-0.36406958,0.12551962,5.919311,0
54590.01,-0.14200321,0.6901044,0.053457912,-0.69426376,-0.15642148,0.37232557,-1.4773078,-1.8410362,-0.8353803,0.1126912,-1.9878758,-0.45123088,0.019650094,-0.43979585,1.2257564,-0.121744454,-0.3311804,0.595911,-1.130514,-0.5962104,1.3824469,-0.75761026,0.48604506,1.0454077,-0.32533392,1.0771534,-0.7940352,-0.33959615,30.131075,0
54639.277,0.6152568,0.4730872,-0.11916884,-0.94267994,1.640354,0.8356149,1.4230951,0.094320156,-0.058782652,1.5852612,-1.5148944,-0.51459885,-0.7862861,1.609165,-2.2019687,-0.038982768,-0.13110286,-0.41667017,-1.2876847,-0.19642892,0.31884304,-1.3788087,0.026925901,-0.05736662,0.3551075,-1.1017698,-0.17983928,0.16036366,14.759977,0
54782.133,-1.7306716,-0.3842459,1.1695381,0.93656933,-0.51363623,-0.11391639,-0.39305294,1.9944285,-0.7650961,-0.76061296,-0.84596777,-0.6775091,0.09605714,0.56640136,1.3744712,-0.24374995,0.55617774,-0.94349635,0.95451,2.6181734,-0.62551177,0.10309603,-1.2156361,-2.268865,0.073221214,2.261365,1.1132156,-1.809688,11.980131,1
54799.062,0.1643907,1.0190437,-0.17865516,-0.3643773,0.2912052,1.7767198,1.3674015,-0.116199285,0.17002432,0.0021490804,-1.5929755,-2.060529,-0.96545666,0.97298944,-0.14013512,0.44388664,-0.45639244,0.08097808,-1.3751333,0.1821897,0.06407384,-1.4056873,-1.4197174,0.17832959,-0.70097506,-0.61320496,-1.5131394,-2.8310206,50.25752,0
54946.316,-0.39046395,1.0301954,-0.6941386,0.12736247,2.3926768,0.23914929,0.051651716,-1.733301,-0.23624963,-1.3040162,0.04418992,1.2870922,-1.6609919,0.4349197,-1.883875,0.6343796,-0.26885197,0.24778506,0.54748684,0.45024502,-1.6764132,-0.46378264,-0.354609,-0.40619236,0.12565348,1.7205052,0.34647945,-0.9754682,26.93298,0
56300.016,1.847825,0.18405783,-0.5066027,-0.063508675,-1.0573868,0.27048537,1.4295319,-0.39591795,-0.94462794,1.6272311,0.3934158,-0.64163244,0.8194061,-0.44444454,-3.0017278,0.39225706,-0.100119516,0.09580751,1.6169091,-0.70548064,-2.3209686,-0.9086834,-1.2460947,-0.5568493,-0.05067596,-0.18447378,1.3800927,0.28224713,37.184418,0
56588.613,-0.17417273,0.9626576,1.2728828,0.7314924,-1.8978145,-0.9089977,0.2566945,1.4545181,0.99189436,-0.08333263,-1.4302533,-0.8014388,-0.4744146,0.6113544,-1.529386,-0.17694388,1.469754,-0.18013462,1.6192348,1.0200734,0.8313414,1.0741235,0.5206334,-0.73772573,-1.1394643,1.5807467,-0.1831871,-3.2249563,7.547199,0
56738.188,1.6678876,0.27264526,0.53629696,-0.8467441,1.2865901,0.41849908,0.8532327,0.3760696,0.42684048,0.046626844,0.77712846,-1.1799717,-0.8370336,1.2092154,-0.019704856,-0.73573005,0.030069605,-1.0826517,0.7378726,0.76027244,-0.37474388,-0.5083964,-0.4114269,-0.12721579,-0.2885047,-0.7348685,-0.528876,-0.8435461,16.299103,0
56997.38,-1.1037407,-0.561483,-0.38562998,-1.0755723,-0.8268091,-0.13402723,0.719093,-0.8388561,-0.44806275,1.3543005,0.60110396,-0.20435944,-1.0938472,0.13473804,-0.06589804,1.0971861,-1.2356735,0.4226883,0.7088095,0.7673526,-0.2614173,0.39693034,-0.6271179,-0.4851887,0.57933825,0.018836379,0.92423147,-1.922761,7.976965,0
57292.47,0.5872592,0.69781685,-0.23644643,0.2242973,-0.020706365,-0.6082397,0.6232911,-0.68524283,0.14549305,0.6614784,-0.5481591,1.7634923,0.42303598,1.8016427,0.6332004,0.34973282,-1.1958785,0.4708545,2.2519073,0.21489124,0.8309467,-1.604092,-0.7582764,-1.8566903,0.57213825,0.8047493,-0.9842219,-0.24262418,15.817455,0
57649.934,0.31940025,0.11061312,-1.567177,0.6009593,-0.5859182,-0.7764744,0.34793448,-0.55970025,-0.08382252,-0.8756287,-0.17252198,2.0937788,1.3749077,0.85048723,-0.5494872,-1.0186138,0.13922992,0.20082213,-2.3343956,1.03419,1.3970103,0.13150695,0.26312274,1.2720679,-0.22996433,0.6620771,-0.02269153,1.9578992,17.417671,0
59936.33,-0.8690472,0.0013398468,0.3884742,0.33253232,0.2681628,2.6717634,-0.23285072,0.3611979,-0.86759096,-0.64727795,-1.9498012,-1.6608669,-0.40307385,0.21198255,-1.1080406,-0.19368754,-1.129428,0.110993646,-0.46433568,1.2716852,0.53448796,-1.2031603,0.042609222,-0.24435766,0.6767728,1.1007619,-1.0398442,-0.21717599,183.67447,0
61259.25,0.17739612,1.4729536,-1.7598157,-0.8094537,-0.9505362,-0.26347724,1.9154347,1.3381962,0.07049623,0.4949313,-0.33226216,-0.354448,-0.21556337,0.25148654,-0.41308638,-1.7432997,-1.5623035,1.6792495,0.84849185,0.2830989,1.9280728,-0.4256485,0.20195727,-0.731935,-0.9799555,-0.48747212,-1.870101,-0.10750285,14.713035,0
62318.703,1.2125188,-2.4508722,0.7517965,0.67748487,-0.17994009,-1.4569855,-0.906937,1.052423,-0.62101173,-0.62412107,0.007384974,-1.0343578,1.0716318,0.13723713,0.033610288,0.035370614,0.635536,-0.6243788,-0.337287,-0.114612356,0.5026891,2.2112026,0.18012944,-1.1284237,-0.94898784,0.08480837,-0.15198426,0.83923095,1.5671866,0
62518.324,-0.3237917,-1.4176842,0.1286216,-0.7438609,0.44981533,-0.69822145,0.004307642,0.4560122,-0.94493383,-2.1172433,0.16874759,0.98833776,-1.8104457,-1.2512388,0.2307728,-0.19837995,0.6844984,1.2814351,1.2397783,0.894571,0.30221346,0.9321744,-0.07219554,0.77073205,-0.25125498,1.2483885,-1.2633951,0.021306558,107.13715,0
62929.47,-1.6919626,-1.1870704,2.3869517,-0.5215386,-1.0083089,-0.05156784,0.014885875,-1.3316448,-1.6227673,-0.0532408,0.37887692,0.28659356,1.9668686,-0.09007219,-0.7891647,-0.57446694,-0.36813653,-0.73402447,-0.03935406,-0.90412533,0.24038883,-0.12841259,-1.0331305,-1.298432,1.4975661,-0.7052555,-0.011670513,-0.21499176,34.436302,0
63309.684,-0.017562827,-0.36326066,-1.1001356,-0.9439535,-0.70008403,0.54666704,0.40244076,-1.3279325,-0.35860735,-1.4802127,0.24424174,-0.6365693,2.4441004,0.22118649,0.9014467,1.5846002,0.2936593,1.1089506,0.13174386,-0.7179603,-1.2854955,3.198942,-0.7303801,0.13398731,0.16325162,0.57254106,1.1150296,0.92664593,17.163542,0
63503.1,-0.9024231,-0.25460818,-0.102662094,1.3011583,-0.34738284,0.5547965,-0.42947266,0.533252,0.56697065,1.6162817,-0.2643437,0.07257308,-2.7063375,-0.41608512,-0.6213968,-1.1561542,0.18812165,1.2333676,-0.27467465,-0.053300343,0.9559986,-0.91517466,-0.3946749,-0.583649,-0.2753658,-0.21916024,1.8542554,0.47188714,11.885766,0
64012.473,-0.34234095,-1.5073256,1.7982877,0.63342154,-1.4288155,0.6766145,0.31474632,-1.3454711,-0.69465935,0.17678764,0.28619495,-0.47741863,-0.09750323,0.33767703,-0.86971736,0.70639294,0.6024194,-0.2930512,-0.52251095,-1.7413571,-2.445466,1.1652163,2.0651953,-0.52541965,1.544138,0.2058741,0.093529284,0.28862575,6.4474792,0
64070.934,-0.08158777,-0.985158,1.1913897,0.6049934,-0.422561,-0.6448603,-0.16884258,-0.22556703,2.5207088,-0.90517503,1.002032,1.6142461,-0.71894705,0.02130749,-0.54239154,2.1867082,0.6047499,1.660963,-0.54710996,0.8275953,-0.58625287,-1.5326744,-1.3488363,-1.1035595,-0.28693843,0.08455022,1.0192158,-0.13878015,205.5435,0
64092.402,-1.7056522,-0.8608417,-0.69621205,1.2472115,0.11879654,0.34044045,-1.5819526,0.30415043,0.8856857,-0.6986324,-0.09549807,0.5469595,-0.26477176,0.7736919,1.0748402,1.0772679,-2.6057885,0.4690359,0.2711663,-0.9629139,0.02293035,-0.24392276,-0.41897652,-0.6203194,2.2347333,-0.78828317,0.39896265,-0.34606472,21.374826,0
64557.535,-1.6156583,2.4574242,0.22396743,2.8126493,-0.39954895,-0.8760595,0.009552286,-1.137594,1.3043301,-1.8893976,0.3175949,0.6698234,-0.41838506,0.6631124,-0.13279645,-0.03153878,-0.24049896,-0.8772724,-0.774565,-0.471491,-0.7897623,-1.3477898,0.09826706,0.008812391,-0.5112831,-0.2606932,-0.38311362,0.9171709,2.496023,0
64565.066,0.48206684,1.801742,0.0019993563,-1.7092261,-0.2713765,-0.619643,-1.1005653,-1.0242623,0.795243,-1.0994619,-0.18617107,-2.6669176,0.8117591,0.16715328,-0.6945135,-1.1340686,0.51790416,-0.3741566,0.9532049,-0.21327959,-0.4517559,0.2572759,-0.30333275,0.23531222,-1.0117288,0.14493226,-1.9247763,-0.33646262,29.763655,0
64656.008,-0.52271867,-0.41174942,0.28195587,-0.73837656,-0.01990167,-0.917709,-1.7343857,-0.09412106,1.852865,1.0163232,-0.6467589,-0.06678868,-0.112569906,-1.3672129,0.92610776,-1.3620622,-0.4104566,1.1327623,0.6532259,0.039286822,1.8393756,0.055970255,1.0739695,-0.7855925,-0.16636197,-0.102724,1.6264924,1.2312529,85.40512,1
65031.906,-2.5647442,-0.3635833,-0.69868046,-0.61617506,-0.6557435,-1.1883888,0.13687332,0.5036503,-0.78700197,2.2317863,0.52287966,2.083211,-0.9109072,1.7907227,2.1427486,-0.41155168,0.03620264,0.9230647,1.0994165,-0.34365326,1.1040239,-0.3076648,-0.30849794,-0.0909344,-0.24908426,1.5727359,-1.0491022,-1.0471463,24.233152,0
65568.36,0.78484404,-1.149204,-0.08932041,-0.85081965,0.69106257,1.0642095,0.48788333,1.0615188,-2.5607374,0.7263965,-0.55522597,1.3261291,-0.17218517,-0.141891,0.20968263,-0.68700075,0.7507,-1.0580404,-1.1289244,-0.06737105,-0.6858277,1.092057,-0.2345414,0.88845444,-0.80772,1.0099555,1.3827709,1.433784,6.807928,0
65837.42,0.27236974,-1.9081304,-1.5980524,-1.0775832,1.4359782,0.6886117,0.52669805,0.60705346,-0.4461256,-0.092042536,0.3861469,-1.8470895,0.5147842,-0.08088645,1.2338425,-0.7195469,0.08092523,-0.13925731,-1.6994766,-0.059627634,-0.46956652,-0.567099,0.81462854,-1.6626285,2.601974,0.2899805,0.53680766,0.4720401,6.114793,0
66234.6,-0.7138748,-0.116880186,0.13512345,-0.29965305,-0.46438038,0.9766654,0.5671707,0.073656596,0.5582186,-0.43195936,0.028255371,-0.31342584,-1.1837213,-0.34252086,1.036078,-0.32631347,1.5079194,0.20352298,-0.0041857557,-0.44703096,-1.277004,0.32685176,1.8107116,-0.0062689735,0.31862658,-0.76314616,-0.97601277,-0.96853495,6.6806636,0
66540.38,-1.3168302,-0.99785197,0.45002067,-1.2166038,0.48519823,0.039313067,-1.932589,-0.7461948,0.15151697,-0.9564958,-0.30393466,-1.2015195,-1.6462337,-0.48841166,-0.60563976,-0.1022471,1.1269863,-0.5076046,2.8988006,-0.77319443,0.7049938,0.8205549,1.4074984,-0.95078397,0.46424958,-0.82402307,0.31199837,0.5089786,124.709816,0
66953.164,0.8358079,-0.084850535,-0.2274194,0.33504236,-0.23961715,0.7768077,-1.3610169,-1.070907,0.2754726,2.0597658,-0.32814282,1.7111015,1.9927428,1.5440581,0.02663418,0.48521194,-0.11856415,2.3577998,1.2662088,1.081474,-0.24974245,-1.4832212,-0.13665389,-1.0526842,-0.46187925,1.973811,2.132911,-0.6503029,18.430431,0
68016.195,0.34935063,-1.6002059,-1.6150509,0.05169832,0.36548734,-1.7612894,1.9735215,-0.5108771,1.32091,-0.1887487,-0.508121,0.24427828,-0.64242667,1.3860443,-1.2825446,-1.2377962,-0.19804618,0.23366374,-0.5544463,-2.1044056,-1.9664664,-0.74841434,-0.04951421,0.2610115,-0.5776694,-1.0098854,1.5356526,0.033428054,2.6792333,0
68698.33,2.3826022,-0.76197445,0.9885319,0.48102868,1.5657796,0.86308753,-1.0472088,0.4099356,0.38205758,2.11563,-1.6458012,-0.76779556,-0.13735299,0.4443934,-0.20494227,-0.6822438,-2.8503242,-0.061812192,0.42451215,-0.20571516,0.100783594,0.053860966,0.046719246,-0.5452515,1.0255584,0.113859616,-0.5127131,-0.48662713,31.847559,0
69813.914,0.4201886,0.1486271,0.36452505,0.50772846,0.50865954,0.17711984,0.61084104,0.3366237,0.79891294,1.3935195,0.38289508,0.034157943,-0.3977954,-0.10750015,-0.62619036,-0.15967208,-0.3265022,1.1908511,0.7275869,-0.46889946,0.43897888,0.6301534,0.1469994,-1.2168031,-1.6758418,0.3609487,-0.71198076,-0.13291216,23.789495,0
70220.4,0.38770315,0.3662096,-0.7260151,0.60300684,-1.7734145,0.6271096,-0.68693763,-2.099902,-0.93956274,-1.7407964,0.23154682,-2.6073656,0.5480877,0.619118,-0.40288594,-0.19548519,-1.3532689,-0.36521354,-1.3683883,0.41879147,0.96314096,1.4212377,-0.8473481,1.3242832,-1.1428645,-0.31132364,0.10020804,0.9414308,11.720336,0
70590.484,-0.16692793,0.41747195,-0.28060046,-0.37340894,0.45399565,0.3800233,0.07967274,-0.785677,-1.0953937,-0.6659524,0.84967023,-1.0849613,1.77279,0.07379698,-0.74989504,1.8364238,0.22122954,1.0074276,1.3696259,-1.4542928,-0.073354796,-0.2158798,0.9365938,0.92008954,-0.24730851,-1.0022038,-0.16551372,0.51851165,5.903302,0
70634.45,0.81677586,-1.3204889,-1.5006694,2.1211433,1.2328638,-0.9870552,-0.63325423,1.2045076,1.6141139,-0.66904515,-0.5314569,0.036443725,0.5799338,-0.19022292,-0.2870968,0.2322466,0.15287071,-1.6677324,-0.16742413,-0.49978533,-0.37267116,-0.31647104,0.20660913,-1.9323059,1.3510473,-0.7848966,1.1997374,-1.1253654,5.603134,0
71157.625,0.6250852,0.8546857,-1.0254102,0.23443112,-0.22159617,-1.4980397,0.56154114,0.07921505,0.10090154,-0.07984637,1.8953836,0.84567535,-1.5183651,0.33810592,0.5322327,-1.6135898,0.69585574,-0.45365405,-0.090680845,-0.102359734,1.9862647,-0.872596,-0.044856187,-1.4744282,-0.37451696,-0.546505,0.73958915,-1.0680964,73.99226,0
71289.07,1.251725,-0.80021167,-0.53781134,-1.8624847,0.9956348,-0.7120542,0.13677412,-1.4170089,-0.6232292,-0.060314253,-0.37973595,-1.9413141,-1.3841234,-0.44115776,-0.11949191,0.41818136,1.3966705,1.0490705,0.02378466,1.0700736,0.0065861563,0.3299841,-1.2711453,0.59345704,0.41615155,-0.70949286,-1.6922415,0.27077562,27.03184,0
71848.195,-0.5213229,0.6328579,1.2284209,-1.0023757,-0.6901155,0.56491727,-0.44828978,2.3558211,-0.6213945,2.9962392,-0.8751096,-0.3811553,-0.39896476,0.25226426,-1.8643732,0.5456637,-0.02626943,1.5701977,1.1445402,0.33218497,0.7195618,-0.29711756,0.06228621,-0.28487384,0.027728679,1.3277204,0.45867527,0.34318712,35.672226,0
71926.82,-0.43540746,-0.010638677,-0.6395034,-1.740503,-1.4855392,0.69009143,-1.0501721,-0.028941732,-0.64912313,-1.0772278,-0.99368495,1.0096858,-0.2682332,0.20422092,-0.7461206,-0.12512803,2.2804163,-0.7732957,-0.75518215,-1.1834882,-0.53953964,-0.27403226,-1.8932123,1.5005746,1.2962584,-0.009125994,-0.17909096,-0.674445,26.942652,0
72035.15,-0.47910318,-1.3763875,0.64021367,0.017334629,0.14116901,-1.3679423,0.2677742,0.38433397,-0.70895904,0.22896993,-1.7339224,-1.4514533,-1.7219512,0.602936,-1.5193994,-1.2133967,0.23245144,-0.88982165,-1.70697,-0.4874767,0.68990964,-0.09388851,-0.58164936,0.6163364,-1.584723,-0.5238011,0.037108134,1.5913155,29.761822,0
72296.18,0.7908017,-0.3161977,-0.5383162,-0.12180522,-1.7564768,-0.98109937,-1.2127188,0.39952475,-1.2831478,0.61650777,1.5326279,0.22918284,0.81934094,-0.6191369,0.24406023,1.7580547,-1.3102164,0.5674464,0.32295528,0.88605136,-1.455629,0.55162805,-0.5630977,0.29946554,0.7359632,0.10695805,0.24894302,0.8134949,11.449275,0
72332.164,1.4983745,0.36536375,0.24794756,-0.4684257,-0.23977101,-0.72323567,0.42748106,-0.36759546,-1.5004205,-0.0015720045,1.3710674,0.065974504,-1.0863205,0.71013635,0.50331736,-1.069884,-0.56207186,-0.6230339,-2.043658,-1.2007749,-0.46206754,-0.56373054,0.2869952,-1.0218627,-0.19889893,0.66795594,1.198729,-0.6255764,15.689705,0
72419.6,-0.4588405,0.6129654,-0.14139551,2.010926,1.2868422,-0.35730505,2.6264849,-0.7275737,-0.19500437,0.11018058,0.60074514,1.7143803,1.4933015,-0.9063115,0.25654823,0.6607722,-0.3727467,-0.2685779,-0.3011036,-0.07864427,-1.2082742,-0.7721581,1.87985,0.4914403,0.9248842,-0.3446197,0.977793,-0.7222553,81.279526,1
73589.016,-0.42477372,-0.1409879,0.8730566,0.54898286,-1.9097629,-1.3620508,1.35017,2.121675,-0.59292585,-1.0448089,-0.8960888,-0.23013619,1.8206326,-0.5725666,-0.7874044,0.20005053,0.59212714,0.876405,1.1868743,-0.009120452,-0.6049733,0.4317242,0.57190746,-1.275764,-0.8192821,0.9019813,-0.74974275,-0.22781321,109.673546,0
73938.25,0.31407723,1.5317789,-0.5348113,0.72609836,-1.2794968,-1.4220518,0.7183479,1.0032059,1.1071593,0.106486194,1.8112677,-0.1716006,-0.24825354,-0.52892506,0.24685393,0.6008105,-0.9472499,-0.5441022,0.57909393,-0.38578305,1.25047,-3.025725,1.448402,1.3052446,0.02439307,-1.2711468,-0.058611967,-0.3318544,4.6343207,0
74545.61,-0.2457615,1.0075108,-1.5725282,-0.9310735,-1.0320323,-0.8218353,-0.0856073,0.8219372,0.29307666,0.511399,-0.35171917,0.8549597,0.43897265,-1.0720518,-0.47011426,1.7068579,-0.29797587,-1.9654257,1.042356,2.6957517,-0.6123259,-0.60367817,0.6452122,0.4221386,-0.10250671,1.1713036,-0.4485214,1.2561575,15.644031,0
74662.22,0.95205367,-0.2566541,-1.3819491,-0.9991449,-0.06331986,0.08625384,-1.9387527,0.5762892,0.26531768,0.3276006,-0.26902583,-1.3263487,-1.2319472,1.0156623,-1.1382254,0.5616389,-0.16104028,-1.3010844,0.6203514,-0.41273147,0.7182561,-1.1513095,1.1250535,-0.8248306,-1.0024354,-0.00895234,-1.681846,0.984523,54.98951,0
75181.29,-2.2517772,0.75012183,-0.5318775,0.0368055,-0.3657168,-1.1805943,-1.3222864,-1.0033174,-0.74312043,0.5702009,1.4372591,-0.2208832,0.6236763,-0.9690525,0.74192995,-0.5586642,-0.4481208,0.009955586,2.4103346,0.44976515,1.5172652,1.2032583,1.8571273,0.8046774,-1.280413,-0.048012353,-0.10937051,0.035069514,192.19215,0
75461.27,-0.82670504,1.9337935,-1.2490599,0.17300715,1.3991364,-0.11580351,1.2827928,1.2775302,-0.121028416,1.4126079,0.6589106,-0.455725,-0.49819243,-0.6989163,0.81802773,1.1059923,0.8114154,-1.8634231,-0.5882396,-0.7663011,-0.027577315,-0.44093275,-0.73183686,2.241525,-0.5804114,-0.6930143,1.8447545,0.67790556,170.43457,0
75536.35,-0.78241634,1.9604846,0.410212,-1.8563116,0.9543483,1.0585529,-0.78975606,-0.8431327,0.3610011,0.93696654,2.2011032,-0.13891181,-1.0872353,1.2554077,0.94889545,-0.63109946,0.64132136,-0.29716042,0.39813167,0.527748,0.9937671,-0.5607161,-0.7971044,-0.2176171,0.12993112,-1.2278501,-1.7120434,0.8229752,7.729859,0
75666.31,-2.3203561,-1.2279999,-0.46576816,-0.18030702,0.49527293,-1.3017797,-0.69925207,0.2832868,0.71619576,0.07129461,0.24872226,0.84840643,-0.28933498,-0.5705827,-0.6083486,0.163558,1.1665671,-1.3920965,-0.43812048,0.8707876,0.53108597,-0.048622485,0.6688109,0.5504132,-0.75691223,-1.666672,-0.024061793,0.058260728,92.763695,0
75834.68,-0.9636384,-0.9265331,2.3746066,0.014072083,0.14563031,-0.20644575,-0.16565047,-1.6393899,-0.09389183,-1.1717583,-0.3970308,0.5541615,-0.465748,-0.18814269,1.1793623,-1.2930835,-0.33102518,1.639939,0.9568013,-0.58796406,0.11643693,-0.59537244,-0.003678454,-0.43182933,-0.33007357,-0.7627767,-0.056138147,0.40261868,21.549736,0
75840.39,-0.9151561,1.4849188,-1.7377146,-0.21514916,0.39322978,1.0247568,-1.0620463,-2.0408587,1.0791237,-0.60000527,-0.6118049,-0.7486823,-0.3251594,-1.012029,-0.49358225,-1.0332812,1.2025275,2.1651425,-0.061574876,-0.054701816,0.7503156,-0.40264815,0.22035383,0.08535222,-1.8857974,0.58767325,0.28773546,0.59418756,70.33714,0
76428.34,-0.20110466,-1.0582811,0.20363317,-0.81339043,-0.86198235,-0.41826838,-1.2267687,0.31829122,0.007989309,-0.21963115,-1.8469962,0.1366992,0.9496799,0.8329512,0.65350133,0.05138667,-1.3639971,-1.0581971,1.7188449,-0.89527977,1.839938,0.09711041,-0.2486669,-1.5072346,-0.37064993,-0.96127844,-0.962725,0.48760572,51.724648,0
76618.43,1.112966,-1.3225411,-1.127953,-0.53953516,0.85721034,-0.5736697,-0.050474074,-0.80909926,0.7928471,0.25234583,-0.27859578,1.4904416,-0.7853076,0.84673625,-0.51091266,0.3680867,-1.3883843,0.2567587,-0.53081596,-1.1444038,-0.6372689,-0.42204043,-0.5962587,-0.0005295135,1.0235866,-1.5484482,-1.4251106,-0.7788038,4.4072156,0
77092.234,-0.24506065,-0.48619413,-0.49340135,-0.1768592,-1.1120442,1.1634958,-0.89152944,-1.9891676,-0.48985222,-0.47833276,1.1445934,-0.8313657,1.735023,0.7389459,-0.22398217,-1.7023907,-1.2138017,-0.96040374,1.4071265,1.0367954,-0.9592009,-0.42921746,1.6207646,0.04357733,0.70518035,-0.9090653,-1.3785976,-0.67770976,38.860126,0
77646.07,-1.0308137,0.42022672,0.14141947,0.090800025,0.835377,-0.30620208,-0.7410186,0.5406095,-1.8125883,-0.9357332,0.59883416,0.14516678,-1.3250597,0.5375298,-2.4211779,0.49728736,0.009211693,-0.3093156,0.5931395,-0.554001,-1.0179145,-1.0101577,-1.0998611,1.7989978,-0.08692194,-0.3848333,1.3309338,-0.28859466,67.14375,0
77823.086,-0.05695454,-0.102396704,-2.3253713,0.6047916,1.1861424,1.104495,-0.78119105,2.1200807,0.26835898,-1.1881987,0.020308007,-0.19316068,1.6154302,0.07358911,-0.3019132,-0.819429,1.2023782,1.8034693,-0.03246107,-2.4136124,0.994428,-1.1537838,0.68639225,-1.795003,0.24365273,-0.3455012,-0.982686,-0.70666426,19.60557,0
78429.75,1.0491736,-0.6505636,0.23682612,1.0808562,0.2108646,0.4289654,0.5223602,1.3895602,0.72532403,-1.6511778,-0.99493444,-0.063005015,-1.0165106,-0.5243767,0.091089964,1.279688,-0.6021421,-0.46668854,0.5424423,1.7653562,1.1293676,0.060636897,0.5242283,-0.28088346,-0.8282604,-0.12889291,-0.4995622,-1.4731005,14.94565,0
78502.51,-0.9759588,-0.67421246,1.9029075,-0.29434773,-0.17621306,-0.34284467,-0.23212568,-0.25731787,0.5753473,-0.2349507,0.22687303,-1.6306577,-0.0010132325,-0.8149693,-0.41004962,-0.3519644,-0.4766934,-0.28603747,0.26126438,-0.8020953,-0.53703696,0.3066005,-1.5790133,1.2881172,1.6244386,1.0326064,2.1046326,0.67595196,3.0465302,0
78754.5,-0.9105749,-0.7123371,-0.4534383,-0.4561562,0.40030992,0.47969052,-0.17857197,0.008845307,0.42218667,-1.4696654,1.0128137,1.4107629,-0.4901961,1.2899055,1.756188,-1.1236223,-0.21601796,-0.94252926,0.35595468,-0.24637304,-2.1360135,-1.4281566,-0.8307803,-0.24177149,2.0677626,1.2492545,-0.7342557,0.34640813,45.619762,0
79233.44,0.558549,-0.8795096,0.25980785,0.4376557,-2.8615184,0.3204495,0.5969459,0.8877063,-0.34858698,-1.0005257,0.43071926,-0.7743519,-0.34372866,0.76480424,-1.162466,0.07580456,0.5728281,1.1461893,-0.20687108,1.6409065,-0.67475677,0.7599414,-0.6626906,-0.17134154,0.16482364,2.0054624,0.3423996,-1.3393666,25.803188,0
79235.61,-0.22153611,2.281633,1.0249217,0.6108449,0.30225822,1.0208828,-0.14203961,1.122128,-0.80674624,-0.39390188,0.16673517,1.026072,0.8013572,-0.69330424,-0.5635812,-0.916235,-0.4776253,-3.2632668,-0.7015885,-0.1417421,0.5478542,0.7640476,0.56458414,-0.83325905,2.5906858,-1.6249074,1.0638117,-0.24091671,6.641775,0
79296.98,0.6474847,0.29751107,-0.1639535,-0.43420044,-0.113354,-0.54834557,-0.27825376,-0.34353572,0.55172825,-1.3359174,-0.7969577,-0.62137663,1.4998268,0.03983177,-0.9048726,1.2689451,-0.533417,-0.44279733,-0.33507112,-0.1633366,-0.06672314,0.9746891,-0.36703512,-0.9326054,-0.6801824,-0.8558839,1.0157201,-0.18428582,13.58535,1
79808.69,-0.013646792,0.88675904,-0.5809602,0.7903935,-0.050628114,0.041206066,0.47045034,0.034177717,0.42644742,0.3797522,0.86718184,-0.6255047,1.1905247,-0.30011508,-0.56377697,0.00053020753,-1.3453952,-0.045886096,-1.6831449,-1.228173,0.18034774,0.2998891,-0.085589804,-1.8258538,-1.2510792,0.69848514,-1.3315763,0.18194443,24.177052,0
79968.03,0.7016637,-0.48907748,-2.2757363,0.97958535,0.70653254,-0.06151568,0.6681979,0.3006148,-0.5608991,0.74022305,-3.1319048,1.2131232,-0.40485632,-1.1282107,1.0314131,-0.15167663,-0.57172114,-0.6610773,0.84194833,-1.6348337,-0.5233444,0.6370821,-1.4576473,-0.62921524,-0.70962375,-0.45403123,-0.71335244,-1.0819224,10.274212,0
80518.51,-1.0350782,-0.18595667,0.64099073,1.2916864,-0.07476892,0.7041481,-0.14707349,0.55387634,1.1094242,-0.54942703,0.3828457,0.9938846,0.18425523,0.17765138,1.4780318,0.59180105,1.1774617,0.86354554,-1.2351639,-0.16638626,1.0140891,2.185026,2.3259118,-0.989355,-0.21949026,0.8607865,0.30236396,-1.3539943,20.150167,0
80645.66,-0.012084651,-0.71355397,-0.11316841,1.7783209,-1.1402068,-1.0251791,0.08060778,-0.13307644,-0.8828655,-0.4370273,2.570322,0.20866589,-0.78207785,-0.41549265,-0.7007926,-1.0049474,0.09092601,1.2020273,-0.21764706,0.36280978,0.3431918,-0.3015216,0.07119562,0.11803883,2.3120666,0.20711343,1.9290174,0.5197245,2.459802,0
80759.805,-0.21069002,-2.6517084,-1.0126839,-0.86641616,-0.14140268,1.0169771,-0.78179026,-0.12008525,-0.5835234,0.53742975,-1.5083734,0.76115054,-0.9915503,-0.95253664,-0.72300756,-1.2891537,-0.7398545,-1.4120395,0.64804506,0.30552542,0.58646345,-1.0456915,0.4990009,-0.7876682,-0.28115913,1.5792042,-0.76151067,-1.533962,101.42362,0
81135.484,-1.2158909,-1.3780093,0.1265967,0.01389821,0.06755549,0.46632877,-0.860683,1.3798324,1.6364253,-0.7139951,-0.24136946,-0.2885528,-1.1463009,-1.4791325,-1.1571287,0.40835157,1.236144,2.0934865,0.8393967,-0.48126107,0.15906568,-1.5340599,-0.5406255,-0.47959098,-0.8596558,1.0427161,-0.49361297,-0.2326635,20.472677,0
81401.66,-1.563478,-1.8106186,-0.58368033,0.011277697,0.11493391,-1.316925,0.7691475,1.2095207,0.86858195,-0.7827339,-0.00791099,-0.008367628,-0.4375733,-1.5638036,1.3062854,-1.0996706,-0.5852135,-1.4232588,-1.7746519,0.020257799,0.52436817,1.7556739,-0.65262735,-0.4522054,-0.89845884,1.0610167,0.4195744,-0.3260772,5.36972,0
81815.18,0.68574905,-2.2497838,-0.5284261,-0.09807357,0.16191937,1.2082628,0.44494206,0.47741058,-0.3580093,1.1964985,-0.46258283,-0.6616244,0.24960563,-0.37142614,1.1210045,-1.1000102,1.4199556,1.2886307,-0.091848075,-1.8372099,0.4585717,1.7687873,1.9126847,-0.048165184,1.1400222,-0.4118716,0.61965823,-0.12328432,1.0495373,0
81926.336,-0.3509524,-1.195359,0.6062912,-0.6492629,1.039369,2.2340932,0.45529842,1.719109,0.2873807,0.88418776,1.0363742,0.90406495,-1.9118152,-0.08509497,-0.1059818,0.83675605,1.403607,0.1498277,0.4597447,0.46016702,-0.92807466,-0.92459977,-1.9167216,-0.52852225,0.99730176,-0.09746084,0.680254,0.2527176,69.05905,0
81932.56,-1.0222803,1.3249557,-1.3383824,-1.485562,-1.0860345,1.0018339,0.28085434,-0.38644576,0.15479225,0.60155,0.472451,-0.6934133,-0.0463537,-0.8753008,-1.3960992,0.5250641,0.056011625,-0.5037011,0.05201611,0.16140585,0.3730631,-0.7273208,0.27864707,-1.061786,-0.4854782,-0.30525345,-0.84635586,1.5985706,39.24052,0
82198.01,-0.096178934,-0.044436168,1.0473152,0.09267945,0.17570046,1.4269848,0.046203274,1.6229734,-2.7456138,0.92564464,0.15230037,1.4851563,1.5160251,0.65073943,-1.3066626,-1.2538296,-1.4985496,-0.40936694,1.344075,1.973661,0.7915082,-0.32399103,-1.2115039,0.08576644,-1.8757842,-1.5058922,-0.53204817,-1.5994922,25.863245,0
82573.37,1.1280189,1.2905638,-1.3976861,-0.76835567,1.2899297,0.08537138,0.6964119,0.54251546,-0.90647393,-1.9772787,0.79727256,-0.31583416,1.121911,-0.06554654,0.17062946,-0.61913604,2.2895007,-0.03351279,-0.8218069,0.0074796462,1.1551415,1.2242569,-0.40500116,1.0674832,-1.1285936,1.4717692,0.2155012,0.8765816,56.62087,0
82831.23,-2.2807379,0.41098258,-0.6627014,0.08599348,-1.7346115,-1.6615049,0.9351088,3.2710261,-0.050846618,1.3538356,0.016750708,0.020508563,-0.5851841,0.5768853,0.5493379,-0.9037316,0.38727605,0.20841786,-2.049041,-0.94266933,0.41610715,-1.2873023,-0.6380945,0.12846619,1.7212439,0.7453873,1.2623113,-2.512158,56.434353,0
83097.48,-1.4966387,0.7825588,1.9229462,-0.79404354,0.17964669,-1.8441205,0.911228,-1.1924819,-0.3566115,0.39206213,3.1798644,0.758728,-1.3968729,-0.18291079,-2.0661447,1.7763193,-0.32388702,-0.92015433,0.81032604,-0.050723135,-0.9652505,-1.9666195,-0.9859777,-0.6098204,0.6888079,-0.34502712,-0.23848408,1.3937111,25.363869,0
83338.17,-0.92288643,-0.90089697,1.1273547,-1.0996584,-0.5853785,0.25508204,-0.10077792,-0.68934524,0.24710256,1.0107814,0.15134694,0.023864422,0.4598303,-0.78711766,-0.32130992,0.90601045,0.95612794,-0.23393996,-0.5370861,-0.3277998,-0.8113173,2.1675146,0.03544173,-0.12314641,0.065461375,1.3045925,-0.0223019,-2.0428693,14.804674,0
84090.664,1.4611789,0.52395093,0.09760399,0.23429836,-0.37071037,-0.5919788,1.3869927,0.41879782,1.1294823,0.3871618,0.1952821,-0.2979083,-2.3174284,0.11411757,1.6182959,-0.42084485,0.7023028,-0.7706728,-1.7585406,0.43470788,-0.4351481,0.31237328,-2.5680292,-2.0506327,1.8688332,-0.63036764,-1.0259284,2.4363947,12.175553,0
84423.414,0.282587,0.7287142,-0.94053024,0.15092152,-0.9048075,-0.9145763,0.22846068,0.39723405,-0.3215358,0.048924826,-1.710468,-0.030023448,1.1101542,-1.2626746,-0.21750921,0.5761947,1.3109384,-1.2150495,-0.15851238,0.026892062,0.18946391,0.4544133,-0.3154885,-0.13940275,1.9583262,-1.8381345,1.8632269,-0.38976783,33.285786,0
84790.24,0.76731724,-0.5766473,-0.5292723,0.579282,-0.16955072,-0.06274668,0.6323762,1.9501389,-1.0576547,-0.2753092,-0.54345036,0.8938184,-0.21358746,0.53943855,1.4896381,-1.3561862,-0.6623478,-0.8173117,1.2305579,-1.2599467,-0.1222361,-0.205106,-0.09028997,-0.40035436,-0.0359396,1.0073698,0.15426295,1.2903831,107.38684,0
85040.14,-1.1401609,0.5595404,0.07327531,2.1858637,1.8412557,0.61558527,0.2820879,-0.66837466,0.32485166,0.36714438,1.1473777,-0.6628522,1.8313004,-0.9371492,0.6490461,-0.67264616,0.3184734,-1.1499746,-1.2632526,-1.6357433,-1.1237321,0.46578494,-1.3592765,-0.93346035,-0.01757176,-1.2785603,1.0777547,1.084156,17.75232,0
85357.664,-1.1195359,0.56618774,0.037523232,0.27728954,-1.2644304,-1.4527576,0.24700671,0.9049185,-0.32662332,-0.3117479,-1.3354568,-0.126237,-1.7269654,0.9182325,-1.0842797,0.10486326,-1.1858703,-0.4201549,2.335996,0.2629082,-1.1297201,-1.5142059,1.5132188,-0.7520984,-0.5820467,-0.19577546,0.029897207,-0.4364891,118.12849,0
86524.07,0.44781372,-0.5495526,-0.09087093,0.48508176,-1.16961,-0.44887763,-0.735752,1.162463,-0.1560635,0.8678761,-2.1575572,0.010286727,0.91814625,-0.33845574,-0.2926713,0.45223075,0.6663344,0.4324749,-0.83788157,1.3831146,-2.0985217,-0.84092057,-0.5944584,-0.4102345,-0.2846033,0.20612304,0.08526707,-0.35974923,31.430632,1
86576.53,0.058274332,-1.1227684,-0.030832514,-1.0775614,-1.3019346,1.5098706,0.70135087,0.70464784,-0.2917737,-1.5864567,0.03231547,0.8645852,-0.10050884,1.0625335,-0.12869424,-0.09745912,-0.02294537,0.12071035,0.08701085,0.079347886,-3.119475,0.10515788,-0.23748425,0.9924583,-1.486325,0.38546535,-1.5003089,-0.837159,31.71625,0
87178.09,0.54873884,-1.1841283,-0.21437511,-1.2869074,1.7274183,-1.0752884,2.8452945,-0.9609963,2.2418377,-0.54157585,1.3707445,-0.09984537,-0.33105054,-1.1226232,-0.95251155,0.24801351,0.28100926,1.9743447,-1.2191324,0.81329733,-0.13178182,-2.270891,-0.5922192,1.0920604,-1.4903864,0.84840107,-2.1507618,0.78737015,360.00983,0
87178.92,-0.18767099,0.08650554,-1.4419787,1.5828295,-0.4623397,0.86976117,-0.37479508,1.4077588,-2.2407043,2.0448232,0.042381227,1.8082991,-1.3698435,-0.6777697,-0.969868,0.07833646,-0.14634973,-2.210453,0.04161035,1.0128092,2.3202305,-0.30251762,-0.08156612,-0.92812514,-1.7226589,0.58085144,1.2519052,-0.4234681,145.94267,0
87489.76,0.27814373,0.32700986,-0.5165107,-0.9234798,-0.02563906,-0.48473075,0.07099471,1.2293249,-0.38833392,-0.62608045,-0.3361246,-0.15653858,0.5957479,0.38093495,1.5067686,-0.16357741,-0.2509888,0.46934098,-0.13374782,0.26679185,1.7967795,-0.36416438,1.3081441,-0.5180774,1.084337,0.54989254,0.07805821,-0.81898355,150.55539,0
87839.29,0.15811908,-0.7925258,0.91462404,-1.0439441,-0.40278295,0.5457938,-0.44620526,0.5995845,-0.0036890258,-0.23868373,-1.858488,-0.23768364,0.6761374,1.1704971,-0.9773606,-0.2961456,-0.8682312,0.0064202384,-1.4894938,-0.8144915,-0.97823143,-0.30269024,2.4730158,-0.49258995,-1.5614022,-0.79075176,0.20642813,0.537276,7.7126637,0
88597.24,0.77776736,0.02658534,-1.3683343,-0.039098922,-0.9444229,1.0973275,-0.4880199,0.20434768,-0.7811425,-0.88258094,0.45225412,-0.17103212,1.7851278,1.6666089,1.078436,-0.42626488,0.7904302,0.8156704,2.825827,0.19530809,0.1499033,-0.55108184,0.7456392,0.8095455,1.9499623,0.29424354,-1.2490537,-0.89717644,278.83466,0
88853.6,0.80700827,0.57053703,-0.18955551,-0.090192415,-0.23515065,0.74128175,1.5444494,0.22610801,0.8998258,0.33584568,0.6612751,-1.3166414,1.0080502,0.041366164,-0.4364845,0.23193751,1.489704,0.7164652,-0.49533716,1.2070729,-1.4645795,-0.9958919,1.0879937,0.14550655,-0.7303779,-1.50555,-0.9030642,-0.3289823,18.198513,0
88997.75,-1.619872,0.6181907,-0.81975394,-0.90250653,2.4582436,0.9091596,-0.672971,-0.07873579,0.8132577,-0.7362649,-1.7817324,-1.0367268,-0.5938953,1.8377457,-0.02563933,0.4108156,-0.55666834,-0.16499175,-0.49446255,0.52989054,-1.3121096,-1.8220319,1.7164274,0.092789866,1.7373499,1.5621377,1.062302,0.107105866,15.287119,0
89654.57,-2.2472684,1.5518801,0.11135043,-0.3049732,1.3920709,-1.1515936,-0.47408047,0.64078516,-0.04775462,-0.18561094,1.1345325,-0.5306669,-1.0038626,-0.28966454,0.5618444,0.19835916,0.5535405,0.17265129,0.96903586,0.74824536,-1.1974726,0.14474705,0.24887107,0.53626263,-0.36505434,-1.4025649,1.7401438,-0.6424295,1.505164,0
89968.02,1.0017453,1.2769809,-0.3886332,1.2293757,-0.8529378,1.1136597,-1.5874928,0.031134853,-0.27067375,0.8488665,0.7656955,1.1358298,-1.3684914,1.0987676,-0.59855866,-1.1785971,0.43218362,-0.7440692,1.8142549,-0.46254623,-0.22549869,-0.300124,1.5702509,-0.59641343,-1.5661868,-0.34643984,-0.621274,-0.4915487,29.71194,0
90306.586,1.1877251,-1.0012914,1.4773936,-0.8059936,0.6475741,-0.85269314,-0.75761175,-0.848525,-0.111956835,-0.69876343,1.132316,-0.03312606,1.4732244,-0.942181,0.5679043,-0.99892783,0.008097812,0.61368,1.1264368,-0.20235376,-0.18245961,-1.3752816,0.79240113,1.3638866,1.2837789,-1.3188742,0.6714833,1.5349832,5.473812,0
90500.32,-1.020623,1.6835862,0.50658315,-1.3936725,-0.83152276,0.25954178,-1.7083999,-1.0485916,-0.10478666,0.7886111,0.5835251,-0.4846442,-0.7781743,0.4202005,-2.0464296,0.3988818,-1.5265957,-1.8788761,-1.2011801,-0.11872731,0.25270197,0.062533416,0.14398736,-0.0017446574,1.4018656,-0.73016626,0.19002493,-0.2042352,32.78282,0
91712.74,-1.8598354,-0.53097653,-1.3118032,0.94259363,-1.7763677,0.25824618,0.6318047,-0.7520363,-0.07837303,0.8222293,0.6536827,1.2265347,1.4802299,-2.341693,0.4397074,1.4716733,-1.3015974,0.77682644,0.21390902,-0.051338002,0.6632164,-0.2949502,0.35034102,-0.85591245,-0.906051,0.013428415,-0.12052894,-0.35962695,4.983447,0
92050.15,0.09903482,1.0448728,0.671228,0.4922969,1.0195109,0.48512256,2.7996972,0.22213224,-0.1879991,1.0549561,0.5207209,1.5511771,0.52507204,-1.121591,-2.4685302,0.15241545,-0.78098196,-0.023173444,-1.8813725,1.1679583,-0.33688092,-0.46102396,-1.821417,-0.22964025,-0.33165225,-0.5287581,1.851959,-0.17512514,173.68439,0
92518.85,0.9308382,0.06798662,-0.7746519,-0.6205186,1.1600928,0.33695668,-0.3666788,-0.026955836,0.2524493,0.140541,0.86847234,1.2553824,0.3299029,0.4666768,-0.22684672,-0.41166842,-2.1390047,-0.48706204,0.9017051,-2.3471737,0.036201973,-2.156895,0.29211926,1.2319283,-0.90579593,1.1442462,-0.45320165,0.454455,38.93481,0
92628.266,1.7975945,-0.41214937,-0.5769964,-1.582167,1.0460522,-0.84380996,-1.666758,0.21534379,0.7532121,3.241259,-1.8187578,-0.85309,-0.3068683,-1.3124388,0.854243,0.22434045,1.4080307,-0.2325332,-1.6351881,0.030538304,-1.0938125,0.6827675,-1.5437475,-0.42514214,-0.120526694,0.22690101,1.2407126,-1.0338637,309.7749,0
94887.76,0.5162976,-1.8076968,0.31381902,-0.74462336,-0.46986526,-1.3498675,0.8999997,0.5008131,-1.2302601,1.0545337,-1.5010594,-0.49524862,0.6606729,0.42694962,0.6222953,-1.1368214,0.36770323,-0.15919623,-0.8032013,-0.079496376,-1.344497,-1.2330511,-1.6252692,0.9495578,0.107829146,-0.46290973,0.38142332,0.4272154,5.8847904,0
95552.78,-0.3717167,-0.1715645,-0.4917474,-0.054704435,-0.16677573,0.87234867,-0.72692496,-0.62732095,-1.050664,0.32487762,-0.7360079,1.8137361,-0.015470763,0.90645814,-1.2984105,1.3089432,-0.029961048,1.2973038,-0.003201504,-1.3715011,-1.4989723,0.063270256,0.1928787,-0.62534577,-0.35138306,-0.13358194,-0.016889323,0.25582018,128.89719,0
95654.09,-0.8931306,-1.5593833,0.8928558,1.1656721,0.7497656,0.18583457,1.2993469,1.4656602,-1.748518,-0.8759244,-0.12982017,0.2411397,-0.36921328,-0.5013202,-1.1696644,0.18659414,-2.1902359,3.2334936,0.44500655,0.67176723,0.6492478,-0.8082684,-1.1140786,-0.7656637,-1.8188914,1.2197005,1.3720171,-1.7886554,2.3088398,0
95733.016,0.011451292,0.9672992,-0.7745101,-1.036582,0.39149603,1.1493769,-0.28202906,-0.26771083,0.8663974,-0.09705912,0.38813692,-0.26762706,0.6960048,-0.96895295,-0.68867207,-0.6694572,-1.8238709,1.2198708,-0.26093462,-0.7245002,-0.33790785,-0.3887265,-0.0071137515,0.6595974,-0.58087933,0.9088709,0.2901345,1.7942556,25.78236,0
95827.81,-0.2992647,1.5167927,-0.61894655,-0.08451988,-0.39363748,-0.044732936,-0.6318157,-0.43342698,0.2503233,1.426327,0.32468164,0.71834797,-0.14397211,-0.47418663,0.18621586,-0.16679546,-0.0023413883,-0.5653258,1.5190836,-0.35703266,-1.8711202,1.1522925,0.13843451,-0.87397254,0.70351875,-1.1387709,-0.09642753,1.4608135,9.412628,1
95874.07,-1.0150679,-0.796911,-0.6563709,0.6751447,-1.6190718,-1.4051644,-0.17795755,0.48238623,0.5052675,1.7095346,1.1171058,1.0072991,-0.7983348,-0.9658123,-2.0319333,-0.52703625,1.97049,0.62978184,0.7232396,1.848782,-0.06308895,0.5316182,0.1830496,0.8225402,-0.20889954,-0.6806517,1.3794422,-0.8005629,11.733549,0
95933.78,2.0487556,0.30197075,-0.5656387,-2.3812673,0.113875195,0.96612966,0.75777674,-1.8365102,-1.4294982,1.4783291,1.1484953,-0.5714496,0.59982675,-0.10121356,-0.013223575,1.31167,-0.6986442,0.6733292,0.6447247,1.0099736,-1.2488214,1.1300399,-0.9041214,0.351626,-0.32744062,0.47478983,1.2492622,-1.1224265,10.807111,0
96250.7,1.7851684,-0.7253915,1.0991915,1.0337862,1.0790097,-0.3703706,-0.22742063,-0.79053444,1.7849481,0.7851923,-0.8723851,0.21943995,-0.06398565,0.10209063,0.31142938,-0.2022401,0.863798,-0.9251607,-1.2294009,0.5744869,1.6603788,0.3303855,0.89868236,-0.8735939,-0.93077654,0.35336658,1.2019633,0.2280515,6.7015615,0
96626.52,1.1360487,-0.6284847,0.6287963,-1.1824505,-1.1975883,0.34200346,-0.4967247,0.9810728,-0.6088509,-1.2556602,0.23857611,0.92656004,0.48891002,-0.30601013,-0.2830372,0.15536575,-0.47990242,-1.2607993,1.6993679,0.38077694,-0.5788217,0.3961436,-0.08923524,-0.071442746,-0.6100514,-1.0503815,-3.8878043,-1.4258633,4.429887,0
97618.945,-0.9208504,0.7744947,1.709944,0.3319955,0.6387594,-0.64745945,-0.1988316,-1.7374219,0.16820581,0.48716182,-0.84783155,-1.1602871,-0.45385987,1.6743592,0.52532095,0.5737265,0.05523926,-0.06328093,-0.8030651,-0.16468002,0.681506,-1.781139,0.44107568,-0.5487743,1.4089481,0.7491266,0.44017664,1.364283,11.811667,0
97668.27,0.85501933,-0.038538262,2.2676442,0.24668315,0.3315417,1.6443017,-1.2718552,1.1175742,0.85438466,-1.2414024,-0.18824704,0.012345457,-1.2091213,-0.7194038,0.22372416,-0.7407666,1.2146839,0.8077076,1.7375424,1.9993773,1.088963,-0.317525,-1.1964396,0.34897655,-1.1397773,-0.89087415,0.2121172,-0.46845374,23.086178,0
97760.86,0.6396264,1.739648,-1.030717,1.0845864,0.75014824,-0.8765648,0.3970316,1.5111365,-0.9869798,-1.4874712,0.32179138,-1.1143897,1.7350739,1.3914331,-0.5416543,0.19370946,-0.34595162,-1.6118083,2.022195,0.80216765,-0.95492846,-0.22490893,-0.17832756,1.8877982,0.7208231,1.3038268,-0.034863256,1.621807,81.160866,0
98273.93,0.44254562,-0.48223248,0.070419125,0.55092436,0.8719755,-0.33742976,-1.7867266,-0.36945534,-0.5463244,0.23915869,-3.4087121,-0.98358047,1.5466114,-1.0412393,-1.9361894,0.27443558,-0.6901049,-0.72089785,0.5126565,-0.7495499,0.076047115,1.2236649,1.0972944,-0.3707046,0.047055222,0.52944916,0.60977966,-0.82440335,28.629007,0
98704.43,1.2496653,0.99933636,-1.1762003,-2.3772905,-0.6944652,0.107448705,-0.44412145,0.29181278,0.17917177,0.52319944,2.4112442,-0.5631001,0.88378495,0.07277757,0.13341308,-1.5540788,1.4180706,0.5726517,1.032013,-1.4001023,0.5534679,-0.50622934,0.97017765,0.5337763,0.24481066,-1.1319245,0.26055688,-0.112202086,81.43851,0
98790.03,0.63537115,0.09741341,-0.77760595,-0.78477925,-1.6169595,-1.0921823,0.7593852,1.1190871,2.8574731,0.9033771,0.5664087,0.47711954,-0.38781068,1.1831053,-0.95307535,0.25269648,0.04555782,0.041723613,-3.0829198,0.566838,0.115546174,0.2648595,-0.7972927,0.024440642,-0.7323563,-0.5290767,0.6778074,1.2672126,3.4082117,0
98908.414,0.74001426,0.79577804,-0.6300825,0.13820513,-0.5335195,0.33051953,0.30304828,-0.4667892,0.30112475,0.49713624,-0.5957033,-0.32202262,-0.30031797,1.1313572,-0.5783426,-0.045762066,1.0912051,1.4162736,-0.19500242,-0.05586913,0.36110076,0.22575735,-0.5455582,0.024057703,-0.35177737,-0.5464606,-0.2679618,-0.32323948,11.946481,0
98911.414,0.63690627,-0.44715765,-1.0571549,-0.19497989,0.8891273,1.6119105,0.5903206,0.8677755,1.6063612,0.531586,1.9273697,-0.6484181,1.3823274,-0.4202579,0.47912422,0.12996629,-0.6852489,-1.4113674,1.1021657,-1.4289382,-1.3296294,1.1576751,-0.98868674,-0.16520512,-0.00572018,0.15987672,1.4981806,0.27209175,47.14396,0
98916.15,0.3407914,-0.049558837,-1.0518873,0.47761074,-0.5420039,-0.49046215,-0.06504567,-0.6711488,1.2056731,-0.9846526,-0.34743118,0.051554564,-0.35383004,0.55506974,1.4173334,0.035629712,1.4066743,2.352165,0.92451024,0.42858616,0.5540362,-0.13374408,-0.6564129,-0.85741746,-0.52066696,-0.2039769,0.7789442,1.0926588,30.320646,0
99876.75,-1.7836112,-0.11549888,-0.14428438,0.78936654,-0.69404334,0.39514282,1.1697462,-0.4776023,0.36801004,-0.104976684,0.13251938,-1.1469628,-0.632556,0.4211791,-0.038060125,0.25916988,0.27362728,-1.5379925,-1.2197233,-0.26902717,-0.48616418,0.8277869,-1.3990675,0.33513996,0.3314321,-1.1454889,0.5425266,-0.55604744,7.146265,0
100084.51,0.08362108,-0.8360571,-1.2167184,0.6084517,-1.8213503,-2.7494354,0.9246992,-0.7993365,-0.98919576,-1.5071168,-0.4871158,0.4288032,1.8722347,-0.53993917,0.5540648,1.3373432,0.43478763,-2.0291638,-0.29372203,0.5306649,0.3494512,-1.7048651,-0.13817587,-0.28874174,0.457439,-1.3942591,0.49370524,-1.2617391,61.6136,0
100402.72,-0.556192,0.66208154,0.84212697,-0.21427494,1.7526475,-0.0389292,0.446141,0.3426472,1.0597537,-2.003369,1.6519918,1.1313868,-0.04767768,0.6159499,-1.4444793,-1.1795074,0.13162932,-0.05891278,-2.5363655,0.4417402,0.9199889,-1.6140194,0.6331384,-0.90480006,2.1727066,0.54902333,1.1572813,-1.4587106,10.6171665,0
100412.305,-1.279841,0.650249,-0.9177535,-1.846337,0.82571363,-0.31304228,0.9275458,1.157969,-1.4981103,0.7406427,-0.10498471,-0.07920404,1.7684253,1.8624922,0.24552359,-0.34215233,-0.505475,-1.1344589,0.41299284,-0.608264,0.6688085,-2.2833443,-0.78505284,1.0141733,0.27819002,0.28623685,1.0216877,0.58343273,7.902378,0
100927.45,1.6818166,0.5935547,2.809569,-0.45548126,0.769896,-0.8184976,0.75042355,-0.18411294,1.6008751,-0.7531244,0.1494841,-0.202649,-1.398392,0.47170067,-0.05990594,0.66661865,-0.0016828105,-0.038755663,-1.8833284,0.63284475,0.34871972,0.785985,-0.09060628,0.099009626,-1.9122427,0.105537556,-0.112772055,0.3887784,36.029472,0
101540.28,1.7289953,1.5369656,-0.45138445,0.41636816,0.9677254,1.0814505,-0.43946353,-1.2712492,0.20000531,0.8724985,1.2037822,0.37344036,0.5181849,0.56635636,1.2292275,0.48092586,-0.44259024,-0.07372688,1.1304778,-0.49790508,0.6421283,0.67366695,-0.22049841,-0.22809896,1.1630191,0.27073187,0.9903104,1.0616632,20.234787,0
101646.27,1.3592206,1.4493448,0.07201764,-1.0904473,0.5767084,-0.32624367,-1.3438989,-1.0827068,-2.6502235,1.1083475,0.58513945,-2.0284693,2.0710826,0.67215496,-0.5404585,0.45940554,0.9595461,-0.19577421,1.1827248,-0.43288186,0.68841106,0.8968276,1.0551187,1.3400567,-0.20387064,-0.61891913,0.17405224,-0.27404472,10.724225,0
101654.61,0.2552134,-0.3749447,-1.2953411,0.63127476,-0.24432886,-0.1774775,0.42036211,0.3945994,-0.3405061,-0.61931735,-0.054348066,0.53681743,0.029750744,-1.4609766,-0.24163762,2.7535772,-0.20305717,-0.84241104,-0.4743668,-0.5322714,1.4955012,-0.67736185,-0.6115918,-1.8360815,2.0119255,0.18399236,1.9169267,-1.4307373,10.296023,1
101960.39,1.3506252,0.37305233,1.7060918,0.9083933,-0.1637641,-0.37719288,0.54608923,1.8441164,0.65394783,0.5903111,1.110391,3.1018858,-0.2640045,0.4602247,1.0588145,0.6141355,-1.4965073,0.43265614,0.52127594,1.1309744,-0.0340507,-0.5635477,-0.5752161,1.2728208,1.4709245,2.5385056,1.0977278,-2.3527522,5.5635915,0
102105.47,0.0120531805,-0.62360066,1.1195006,0.12686698,-0.42756435,-1.9168159,1.090472,0.393725,-0.23702388,-0.6611567,2.5384831,-0.12267622,-1.1677519,-1.0167596,-0.092033796,1.1309378,-1.6794237,-0.31733713,-0.21709873,-0.28057238,0.163957,-0.121047646,-0.8460211,-0.8801879,-0.5052674,1.1745671,-0.62560934,2.8679626,12.49217,0
102144.92,0.20279728,0.023355316,0.29691586,-3.0637798,2.6347408,-1.1319865,-0.93632126,-0.38689655,0.7150058,-1.8458788,0.31741044,-0.11912503,1.0823431,-0.58988696,-1.1088414,-0.30707207,-1.7267182,1.1036649,0.2419084,1.3724432,0.9320668,1.4436994,-1.1375095,0.21153253,0.7219028,-0.28840846,2.3307106,0.526923,75.189476,0
102583.5,-1.0934714,-0.59974945,-1.3468026,-1.2780883,0.555912,0.9610935,-0.9064311,0.766184,-0.85002416,0.1233094,0.11676009,0.743607,-0.7701281,2.1619418,2.5516334,-0.99291235,0.61797076,-0.18037225,-1.1472595,1.7834848,-0.49038762,1.6938281,0.529185,-0.5880638,-0.59395516,-0.52337176,-2.1020398,0.13679175,26.935915,0
102713.38,0.3969913,1.6200703,0.21066688,1.8861891,-0.46380043,-2.1099505,0.45990026,-0.23949863,-1.3059824,-0.4708739,0.17062709,1.6453327,-0.094808556,-0.2532616,-1.0785928,-0.31431744,-1.1515043,-0.9646474,0.6224926,-0.73871917,-1.3352674,0.79380846,-0.1351108,-0.92300105,0.0026908263,-2.8604393,0.63735473,0.27863976,63.453854,0
102991.38,0.060385928,0.36369815,-1.121431,-0.5465378,0.46549678,-0.76631534,-0.07116699,-0.37828523,-0.071445405,-0.44008902,1.3104295,0.97496784,-1.2345023,-0.7401741,-0.06470008,0.7119602,0.30008578,-1.6877105,-1.6411853,-2.9209952,0.49323016,0.33101973,0.05480986,1.3138865,0.6759848,1.0686941,-0.69624734,-1.4313389,37.31078,0
103568.555,-1.3026521,-0.21802913,1.4623553,-1.9841433,-1.0108689,-0.39972004,-1.8857616,-0.9584591,0.031565666,1.9753431,-0.59919775,-2.155607,1.5568945,1.1525825,0.34668815,0.40682787,0.13657452,-0.17210943,-1.8299302,1.0445095,-0.20602368,1.3353827,1.2746412,1.8562165,1.1130002,0.78660536,1.8821803,-0.794872,9.634058,0
103604.95,-0.05119711,1.1936185,0.80919474,1.2352474,1.5045067,1.7436218,0.37510815,1.4084488,-0.34838435,-1.525857,-0.27831757,0.56339884,1.1548853,-0.947677,0.26761752,0.40325138,-0.0647086,-1.2692046,-0.12192832,-0.3419719,-1.2075274,-0.25584245,1.3320807,-0.22122565,0.89520586,-0.54382795,0.25280607,1.7433301,2.776054,0
104212.09,-0.079729564,-2.1706154,0.09543904,0.013355591,-0.6610691,0.76860374,-1.852423,-2.539208,1.2272911,0.38287112,-1.5374429,2.5719302,-0.03158475,-0.44741914,-0.1897437,-0.21434438,0.43840522,-1.3499619,-0.21124329,-0.86618644,0.5005419,-0.39094153,-1.6462343,0.3354747,0.07498963,-1.4317077,-0.79379547,0.6583473,6.6046553,0
104699.02,1.7975612,-2.0141027,-2.4363756,1.1049405,0.50108546,-0.5571705,-0.94525653,0.7978592,-0.8502074,-0.99480724,-1.1838678,0.62244105,-1.1541489,1.2490522,-0.18476038,-0.37380263,0.15830354,0.5274573,0.27230173,-0.5887181,1.431133,-0.12902212,0.64783466,0.056991253,2.483424,-1.1552675,-0.26649472,-0.76359767,8.975665,0
104714.69,0.8942133,0.79583865,-0.98341596,0.27695867,1.0659776,1.3045137,1.3516814,-0.46374494,0.3131656,0.9082614,-0.5178,-1.1546019,1.535907,0.042767566,-0.23493187,-0.17985724,-2.7097297,-1.77767,-0.64950746,-0.41481382,-1.6297425,-0.97871435,0.22564693,1.7305068,-0.3650204,0.44439787,-0.71393144,-1.2268153,8.180069,0
105573.76,0.011445439,0.060468446,0.6877611,0.45855913,0.38476855,-0.7405158,1.824879,-0.41034073,0.06796997,0.29843125,-0.055936996,0.28182963,-0.36593172,-1.561597,-1.1159339,0.72447544,-0.32362524,1.4121934,1.8856916,1.297193,1.022325,-0.17500937,-0.461591,-2.1131504,-1.6072006,-0.08934073,-0.30577698,-0.5156941,65.18465,0
105669.84,0.24878731,0.2504463,1.2128837,0.36300924,0.094469994,1.0090998,-1.2156564,1.6923151,-1.556716,0.37934434,1.7690834,-1.2806872,-1.1052048,0.5439896,2.1502192,0.84072745,0.42510313,0.15971638,0.16060498,0.15991125,-2.5370674,-1.117408,0.3276837,0.37712345,-1.4146993,0.69159204,-0.3286476,-0.31543064,64.373764,0
106159.91,0.04421238,-1.3263961,1.1091698,0.6974883,0.010802085,-1.3588773,-0.32939154,-0.7141311,-1.3190302,-0.9448896,0.5359928,1.2328037,-1.762118,-0.39646587,-0.21999092,-1.0062417,1.6402829,-0.043842632,0.23288178,1.2835987,-0.40028664,1.0250078,-1.7263832,-0.7271263,1.4740077,0.08644314,-0.75115585,2.049146,285.50388,0
106468.5,-0.20291398,-0.023233712,-1.592013,2.2774305,-0.0564411,1.0732578,0.04262252,-0.68006915,0.011911016,-0.7655879,-0.9120785,-0.9558826,-0.64596516,1.5398514,0.596931,0.7623426,1.6864576,-1.034766,0.19723387,0.4942201,1.840516,0.5436874,1.4626423,-2.355964,-0.07665292,0.96675885,0.27006382,-0.18826738,8.032811,0
106493.26,-1.0824271,2.0035095,0.3015523,0.97100633,-0.5766985,-0.40613365,1.7812269,-0.13039424,1.9812,0.9272505,-0.7279805,0.074243635,-1.4546381,-0.6061869,-0.33465287,-0.65072125,-1.3631505,0.7643723,1.0029099,-0.30923072,-0.32832405,1.4295624,0.5149441,-0.3605301,0.1590575,0.36957514,0.39122418,-1.1895518,136.58376,0
108169.945,-0.15105188,0.8241996,1.0155152,-1.5803393,-0.44948342,-1.0285043,-0.49286896,0.4138474,0.5792698,1.7707977,1.3747487,-0.85778,-0.62282085,1.051226,-0.3547637,0.46892166,-0.3497253,-0.0029049336,0.57601744,-0.3903572,0.089938395,-1.6292828,-0.8651977,1.8480488,-0.54252386,0.8287954,-0.9963064,-0.058602363,135.57442,0
108393.945,-0.7460983,0.16970654,-1.6583356,0.4466615,1.4795904,-0.21714361,-0.47688404,-0.4418558,-1.7256348,0.48030782,1.1266104,-0.54644805,0.7444087,1.7756981,-0.45544365,-0.19196574,-1.5661148,-0.68609667,0.4420179,0.56160873,0.7628662,1.9016969,-0.58541024,-0.6560492,-0.4527025,-2.0896833,-1.6582688,0.26433846,15.199819,0
108861.01,-1.2503155,-0.43905392,-0.007904516,1.1414808,-0.10853663,0.27734417,1.5487256,-1.573859,-3.1104882,-0.8974207,0.02814991,1.4861506,-0.37540016,-0.8509432,-1.5498458,1.5657885,1.5198851,0.19982469,0.7359841,0.8204256,-1.7164735,-1.5724754,-1.7031465,0.7907655,-0.78709584,-1.2343456,0.31095645,-1.2805465,35.45508,0
108907.79,0.5112218,-0.39457285,0.2738424,1.2027009,-0.7857963,-0.49474844,-0.37478915,-0.86569816,0.73305357,0.33893853,-0.44252646,0.10345717,0.35569337,-0.19321302,-0.16062114,-0.41807464,1.0128562,-1.6827855,-1.8246146,0.9967927,0.0720948,-1.1983081,-0.31395724,1.1986722,0.47115082,-0.36435166,0.53192055,0.40216553,89.021675,1
109146.555,0.39126465,-2.1291978,-0.3007646,-0.426605,-0.5162976,0.5539535,0.7222017,1.2813338,-0.09621348,2.427472,1.1249329,-0.5592025,-0.72333467,0.38862526,-0.40700766,0.17861184,0.35058787,-1.6353271,-1.7868476,-0.2615385,0.064213075,-0.62082154,-0.48273197,-0.012696803,-0.097379915,1.0795687,0.73021674,1.208916,18.714348,0
109363.1,-1.7867075,0.25764042,-1.8521619,1.1649444,1.1003706,-0.58299387,-1.4771429,0.07477679,1.141266,0.10242281,-0.99332714,-1.145228,0.065169066,-0.85734576,1.1715245,0.60659313,0.16609485,-1.1201861,-0.076058745,0.17520586,1.862321,1.3077207,-1.3251104,0.120455615,0.43500537,1.8805298,0.5511744,0.13867128,17.053064,0
109545.83,-0.122684635,0.8454831,-0.3256981,0.9277424,0.6756066,0.6203724,-0.17123275,0.4510873,-0.88071793,1.4618409,0.3920304,-1.8717015,1.9209008,0.27029493,-1.1967001,-0.8739588,1.3806311,0.34952727,-0.19767389,0.5840404,-1.2357408,0.2255735,0.7767022,-1.7162979,0.33943838,-0.16423579,1.5727168,-0.79706514,9.461161,0
109658.836,0.9957014,-1.5756193,-0.32730544,2.5725174,0.5603292,0.44222206,-1.6595968,-0.2614212,0.35021248,-0.7403294,2.272659,-1.2512807,-0.34848607,-0.22492029,-0.5771472,-0.07285705,1.2113252,-0.003258322,0.57980984,-0.38396502,-0.38153931,-0.24382925,1.2767972,-0.7161639,-0.42587873,-0.6115801,0.99706787,-0.52887046,1.182882,0
109674.25,1.0592238,-0.6614169,-0.1480724,-0.7500017,-0.2575212,-0.060923055,-1.0554338,-0.6594977,0.84617347,-0.04208605,0.20535569,0.11195924,0.38442943,-0.24506757,-0.8984405,-0.26658487,1.1580447,1.0489793,0.020016903,-1.13494,-0.9283558,-0.79262745,-0.02736049,0.90700763,-1.4587306,-1.9549686,2.6798282,-1.658836,21.857977,0
109966.27,1.0258368,-1.1574646,-0.56347144,-0.5074006,0.57336247,-0.44138232,0.83920133,1.6775695,-0.44746363,0.6195652,-0.7756095,0.9802338,-1.5655272,0.048938394,1.4425304,-0.5138135,0.45667985,-0.9199898,0.58186495,-0.8062711,-1.0344118,-1.3759352,-0.3056469,0.060679097,-1.5457996,0.8635638,3.1006472,-0.13383524,8.56905,0
110081.27,0.038913205,-0.9653512,-0.44301215,-0.30611905,-0.6435611,0.1515408,-0.04990539,-0.18819186,-0.42608556,0.39732832,0.4103687,-0.5603515,1.5201061,0.071264714,-0.8694084,-0.439723,-0.3492283,0.5746678,-1.2455952,-0.24103545,1.1274028,1.1326274,0.4349846,0.36734143,3.0266516,-0.55019057,-1.7581025,0.31077996,5.526649,0
110511.414,-0.8450453,0.053481627,-0.039706282,-0.49022216,-0.25961402,0.55025375,-0.31910574,-0.44336987,0.02526283,-0.76638865,-0.47000873,1.5705436,-0.47720662,0.16388077,0.56229985,1.1120147,0.76712483,-0.11387055,-0.010744571,0.6622071,0.026651502,0.79863924,-0.019638963,0.13315758,1.4781735,2.9583347,-2.1971385,-0.8966326,33.335735,0
111015.97,-1.0836989,-2.084402,0.4424546,-0.8900207,0.96980447,2.061799,-0.7487496,1.0961424,0.5426763,-0.80951744,-1.3941158,-0.71750045,1.0505337,-0.59882635,0.9701615,-0.59855074,0.8160419,-0.9430452,-1.3410567,1.2589775,-0.5555672,1.3524504,-1.0821792,2.192004,1.3401825,-0.7394039,-0.0073912977,1.9397001,3.5198743,0
111254.74,0.3446049,0.61427045,-0.30442676,-2.7626755,0.87427765,0.9394204,-0.22065607,-0.7223604,-0.014334004,0.9882844,0.70103604,-0.23801172,-0.12318029,-0.5551717,-0.14612292,0.56640786,-0.19063747,0.38530767,0.38685793,-1.3560472,-0.5178459,0.39681813,-0.652678,-0.43051982,-0.6746068,2.1052752,0.5042324,0.7922795,52.841446,0
111960.31,0.37928003,0.75385505,-0.40964893,-0.43469948,-0.9819099,0.97598994,0.30111316,-0.59472734,0.97399634,1.1915509,1.1178344,-1.0795767,0.61157936,-0.11858759,-1.376811,0.314595,-0.35124892,-0.06601186,-1.878285,-0.597345,-0.56322706,-2.6421025,-0.296436,1.6054101,0.009509734,0.74836737,-0.075885005,-1.7927773,35.884995,0
112182.3,1.2873311,-0.2511026,0.09235404,0.36935806,-0.85552645,3.0885122,0.98291624,0.010246684,-0.4619352,1.5121436,-0.31090668,0.99076176,0.6710124,-0.04475764,-1.3641539,-1.3969802,1.1333133,-0.6291192,0.3483101,-0.3578625,-0.47380316,-1.2445829,0.24818659,0.13350323,-0.8153628,-1.0282644,0.70358044,-1.7722626,12.425715,0
112288.3,1.0999796,-2.4807086,-1.920916,-0.49322185,0.10870215,0.5159585,-2.6251466,0.0002701041,-1.3283952,1.8039305,-0.37723568,2.0975106,-0.45244035,-0.43884933,0.85976404,0.51916945,1.6641161,0.041999087,-1.4689994,0.794717,-1.2644453,0.46487132,0.009336717,1.694199,-1.312082,0.23214379,-0.27024207,-0.9840238,18.616117,0
112336.4,-0.13222866,-0.99641865,0.47703514,1.9353812,1.7261324,0.48464352,-0.8317612,0.25961134,1.9769753,0.13461943,-0.9615654,-1.761817,1.0919064,0.32393965,-1.260594,-1.4135132,-0.7493958,-0.12953039,-0.3835278,-0.52811056,-0.25872955,-0.36971703,0.21036938,-1.2249781,-0.58877355,0.77138054,-0.6939508,1.5731854,4.8149934,0
112648.47,-1.2442058,1.2329019,-0.0005630971,0.013375813,-1.9155651,0.7040151,0.15909624,2.091669,-0.60463375,-0.31119925,-0.1499356,-0.34616208,-0.75898486,-1.8147618,0.3920266,0.6280918,-0.26337668,-0.15368807,0.8949277,-0.42973232,-0.3592067,-0.55884194,-1.524828,0.18465221,1.326185,-0.2252522,-0.54289085,0.8909217,49.422527,0
112735.21,-0.3191066,-2.7779944,0.039693527,1.2910291,0.27833295,-1.008966,-0.09886312,0.33624825,-0.5684421,1.3509909,-0.5623684,1.2647798,0.7779342,-0.73046625,0.11434911,-0.50719166,0.35093307,-0.41259316,0.22738,-1.4119925,-0.7577967,-1.1032268,0.66521776,-0.39368677,0.8407454,0.8379827,-0.20016837,1.6237122,25.149477,0
112761.875,0.2172312,-0.34752342,0.9607343,0.2614204,-1.3760433,-0.44390163,0.40337625,-2.378054,-0.06580332,0.71306926,-1.0110327,-1.4469455,-0.3902053,-0.27992782,0.37713248,0.0083672535,0.486599,-1.3049486,-1.6456603,0.48340732,0.15504625,0.9475896,0.003415884,0.13947234,-0.970048,0.8159572,0.84351236,0.010209287,27.500933,0
113398.04,-0.20208324,-1.1800008,-1.9528155,0.8264073,-0.634331,-0.50616926,0.26754028,0.32629895,0.06718111,-0.98245525,1.8921689,0.5666839,0.34955794,-0.85611516,0.4715848,-1.2942799,-0.52236634,0.074765414,-0.67239386,-0.16139908,0.23988947,0.45619264,2.552709,1.2223762,-0.31481606,0.5963385,-0.4867407,-0.20948933,36.68135,0
113673.516,-0.5778941,0.8045703,-1.9738339,0.27924156,-0.36442843,0.647614,-0.30486786,0.037879996,-0.38668364,-1.0336356,0.4664928,1.2214721,-0.461993,1.6291981,-0.93367076,0.12238232,1.8835206,-0.80271435,-1.5013785,-0.65404505,-0.55664724,0.5011912,-0.38763437,0.3788096,0.74912316,-0.016473368,-0.2889687,-1.2475095,9.291514,0
113942.95,0.2528848,-0.675114,0.27380386,1.3687847,-0.42050835,-0.17417456,-0.5268532,0.043450024,-0.017433897,0.4919302,0.5723951,0.07822882,0.049975976,0.018861847,-0.9755282,0.9269504,0.42209527,-1.0203289,-1.6947585,-0.25951323,-0.14413415,-0.63360226,0.3234585,1.2203827,-0.57097137,-1.1749401,0.57021683,0.3496839,3.2450478,0
114329.77,-0.50395775,0.40395403,-0.007116855,0.05593935,-0.53379595,0.13822342,-0.24550149,0.24594732,-0.039762232,-0.17727466,0.88339955,0.55026305,-1.0746937,0.17676967,0.71492714,-0.8069654,0.5313834,-0.24069984,0.117663175,1.1269954,2.1586237,0.17628776,2.829219,-0.6702211,0.079586245,-0.07678538,-0.19879639,-0.19616817,63.35679,1
114373.875,-0.62806606,0.56546044,0.17017694,0.49612072,0.00720706,1.0874547,1.1487423,-0.028678287,0.17481932,-0.026429955,0.7710362,1.7609024,0.24755698,-0.4832307,-0.6293446,-0.60716707,1.7588841,0.73402655,0.5602983,-1.0048869,2.1204333,-1.337765,0.19409163,-0.82283443,0.40184745,0.17606467,1.1167105,-0.23467219,45.89986,0
114537.63,0.31145284,1.8362259,-0.4621271,0.36633295,-0.53525555,0.8631507,-0.7320079,-0.052612092,-2.3574874,1.0725334,-0.41310996,1.9484266,0.044187836,-0.01577892,-2.7501485,0.45462102,-0.44906163,0.18561351,0.4406059,-0.8416596,-1.0540901,-0.12982798,-0.06763054,0.016105073,0.39093056,-1.8760508,-0.91950625,1.6180508,10.565241,0
114788.06,-0.4019926,-0.20294194,0.66435367,-0.28828546,-1.4624574,-0.161721,-0.062806726,0.6130442,1.8808763,0.75903714,0.2725526,-0.061967213,-0.54015356,-1.2152535,0.6487553,0.4796183,-0.08843188,-0.53114223,0.6026268,1.2522525,-0.91444755,-2.5279295,-0.9869219,-0.038652178,0.2541454,0.16923532,-1.1363637,-0.1263456,32.816525,0
114880.91,0.24410439,0.37604436,0.9326388,0.40498233,0.7798696,-0.66999507,0.18334222,-0.5420808,-0.14728831,1.3298732,-0.26903048,-0.53237784,-0.055027965,-0.16981703,-1.0362613,-2.4341793,-1.2533222,-0.57134604,-0.011910851,0.075774826,-1.0594033,-1.5681162,1.5282663,-0.18585937,-0.6536972,-0.096801266,0.30462903,1.3309815,90.88256,0
115025.0,0.27320403,-1.4850554,0.4839823,2.2343862,0.75287217,1.1352748,1.5603509,-0.9476863,0.5806226,-1.9315361,0.43846363,-0.9199801,0.13400447,-0.93700844,0.46713588,2.0154064,-0.17235047,0.63581324,-0.27339023,0.6697541,1.0570539,-0.32231185,-1.1591016,-0.95863175,-0.5509746,-1.2966261,0.40428847,-1.5880747,78.76281,0
115494.69,-1.139429,1.1904136,-0.26082847,-0.27039695,0.84317434,0.7738912,-0.30030826,3.0237815,-1.3781013,0.2533979,0.3416909,0.9769642,-0.616357,-0.2774036,1.3928219,0.5285535,-1.4889275,-2.3967357,-1.0730693,0.4017519,-0.3985293,2.3751183,0.42712092,1.1986516,-1.1336498,-0.33300638,-0.8649595,2.6881123,10.201446,0
115738.5,-0.48124114,-0.76050884,-2.1076894,0.4194649,-1.5407345,-1.6062568,0.95880663,-0.71585745,-0.47100025,0.6946885,-0.38266027,-1.3717755,-0.12875858,-2.5599165,0.016762458,0.69691867,0.74784935,0.797365,-0.44007966,-0.035334554,0.23967424,-1.8007431,-0.47355533,-0.3628372,-1.5613366,-0.31184635,1.3435954,-0.37327045,3.365198,0
115983.42,1.4377769,-0.5607542,0.7692362,1.257779,0.29891816,-0.31315395,1.2319794,0.10014291,-0.6723159,-1.5265858,-1.3292987,-0.25257403,-1.0055519,-1.1280032,0.9957658,-0.14354044,0.41999674,-1.8740158,-1.3213484,-0.34829912,1.9969673,-1.2435806,-0.18933626,1.4260781,-0.11474874,1.9300945,1.9249368,0.707184,4.1343985,0
116157.71,-1.1620795,-0.022247795,1.2217287,1.1402533,0.67597884,0.16551547,-0.06375427,-1.4956603,1.4697238,-0.65489566,0.14623706,0.10268977,2.345733,1.4639264,0.15379769,-1.8553535,-0.2770693,-1.4154079,-0.84516555,0.83155805,-0.010464794,0.21677479,-1.4239323,0.012743365,0.8162596,0.22011834,-0.6278542,0.8662729,13.817402,0
117094.0,-2.1166544,-1.5628843,0.6445584,0.011716418,-1.0312021,0.7788297,-0.21071897,0.116468415,-0.5858136,-0.84048516,-0.20426948,-0.5030025,1.0591186,0.8303977,1.5874293,0.6747221,-0.10042371,-0.51426584,0.088926874,1.1623366,0.7062487,1.7694229,1.3431273,0.6484289,-1.3802824,1.0360452,1.4873006,-0.49735674,116.13817,0
117622.02,-1.8618451,0.22877003,-0.8796424,-2.3833888,0.009173248,0.9101015,-0.32905367,-0.9332256,0.75808,0.021698171,-1.8903723,0.27982026,0.27309412,1.3190393,-1.0621071,-0.56518805,0.76146644,2.170124,-0.117806084,1.0841883,0.52042073,0.2021725,-0.2777973,0.55770963,0.27297324,-0.1178153,-2.382132,0.8190301,8.380147,0
117929.766,0.029109947,0.9674663,0.6737944,0.51670283,-0.116266645,0.283906,-0.25582314,-0.44247293,-0.6504204,1.627854,0.50766176,2.5645132,1.172113,1.3877213,-0.00821498,0.5439317,-1.1357961,1.6774193,3.064728,-1.1854717,-0.5882174,0.7021419,-1.2150897,-0.8242747,0.7846312,-1.8739165,1.0761123,0.87100315,9.819858,0
118025.4,0.030917278,0.29293382,0.8605297,-2.2194743,1.8421507,0.5852475,0.8542399,1.0450647,-0.45261893,2.0225894,0.9653421,-0.121598594,-1.9792525,0.6729874,0.6731616,-0.21880107,0.20416787,0.7064878,-1.3457956,1.304911,1.0591618,-0.33760375,1.2526906,0.3672029,-1.8367338,0.6723418,-0.85776275,-0.7131445,9.580278,0
118490.96,-0.11761086,-1.5888976,1.5588162,1.4699372,1.924496,0.0641368,0.23100998,0.47200957,-0.24555017,-0.81428754,2.5283566,-0.43540564,-2.5576797,-0.4528687,-0.19041176,0.23803937,0.6995098,0.35654238,-0.12509872,-0.35793525,-0.8497008,-0.5106216,-0.5041368,1.9283329,-0.2705811,-0.65818673,0.97607267,-0.7013002,10.611338,0
118551.96,1.2141899,-0.12380929,-0.8761099,0.16947387,-1.6643564,-0.67385167,0.23528971,0.5684095,1.2838452,0.52655727,-0.3911975,1.0153319,-0.39929107,-1.037251,1.1522189,-0.7749964,-1.7822741,-1.8622769,-1.4237322,-0.75502956,1.3398798,0.08218435,0.3346073,0.25161225,1.6462102,-0.33560014,-0.961276,0.045306824,19.816755,0
119962.99,-2.6728344,0.7420289,-0.22645459,0.999674,2.493927,-0.26126438,-1.1252235,-1.7712048,-1.8898526,0.55879784,-0.5387119,0.23958364,-1.3785641,1.1467446,-0.43203953,0.86438894,0.684938,0.15675816,-0.38778588,-0.16932769,-0.587451,-0.6582894,0.84141636,0.90127677,0.55194104,-1.0529712,-0.06848753,-0.115493946,4.3229575,0
120055.555,0.39593387,-1.8779888,0.7472721,-0.9021111,-0.91522574,0.018991187,-0.9674901,1.8368952,-1.3156636,0.38762578,-1.109421,1.4393358,-0.23660553,0.064567976,2.0693712,-1.188379,-1.6740625,-0.5492215,-0.3470932,0.8311284,-0.4779677,0.72426933,0.47403434,0.6932718,-1.8704572,0.07276786,-0.8101156,1.3931301,73.79064,0
120318.59,1.5614382,-1.074766,0.057410073,-1.5525075,0.9806733,-0.03467925,2.143447,-1.1918813,-1.9473052,0.39897963,0.2086419,0.16468762,0.20565665,2.4940228,2.1221974,2.2455695,-0.11759448,-0.81666934,0.84488004,0.54046416,-1.0884879,-1.6062719,-2.1966355,0.30704966,0.65833944,1.0651784,-0.2138807,0.7026682,16.88144,0
120499.62,-1.1277808,0.8765436,-1.1173276,0.26075438,0.97049797,-1.8855729,-0.17782572,1.5285608,-1.0875021,0.3037425,0.20231818,-0.2484232,0.9204145,-0.36509797,0.282072,2.2379487,-1.1633911,0.1548031,-0.44966653,-0.2553864,-0.9242594,0.88998705,0.6953567,0.18647872,-0.7477368,0.9327381,1.829924,-0.070423566,393.45294,0
120629.69,-0.37980652,0.27009544,0.4146163,-0.03360344,-0.9956902,-0.39748335,-0.774772,1.0215439,-0.8116,1.6875701,-0.81129634,-1.7837249,-1.138264,1.9728959,0.55260116,1.6326996,1.4312466,-0.47111002,-0.1913196,0.83766586,-0.4267643,0.03931301,-0.100613765,0.54731554,0.69130695,1.5861895,-0.1079378,0.60607797,4.912165,0
120903.8,-0.7528919,0.41197157,0.5786616,-0.49154082,0.4932678,0.056205653,1.4310992,0.57733274,-1.6144812,1.1024665,-0.17492989,-1.6197346,0.3996307,-0.15679179,1.1916715,1.275479,-1.1571211,0.86929953,-0.43031797,0.13986059,-2.4313486,-0.21472088,-0.3290287,0.76328254,-0.6900818,1.7279595,2.1103017,-2.046653,135.34666,1
120915.69,-0.89434606,1.8594948,0.087962896,0.08466128,-0.107533745,-0.28136998,0.28180856,-0.85498476,-0.7341477,-1.0601538,-1.9786657,-1.8356987,0.014389693,1.3360486,-1.1871974,-0.08454836,-1.6501899,-1.9359548,-1.4010518,-0.57297146,-0.23333234,-1.6429845,-0.10907495,-1.352164,-0.053032443,-2.045874,-0.38581255,-0.61531097,106.65662,0
121000.21,-0.326262,0.46855277,0.21958493,2.7674358,0.55433,-0.2468238,0.5781549,0.15158984,-2.0147145,0.79572105,0.92637676,0.37933916,0.34750932,1.6966918,-1.312,1.1665467,0.13335215,0.075011425,-0.65210235,-0.7080353,-0.50797427,-0.97978866,-1.6100328,0.24730289,-0.53754276,-1.1936206,1.4917647,0.287821,12.255553,0
121300.36,1.4274852,0.657888,-0.2587059,0.8345255,0.2306723,0.48799136,-0.13804707,-0.4709214,-1.0179887,0.8923734,-0.77067924,-1.3622495,-0.51977193,-1.0229499,1.256419,-0.0961765,-0.413703,-0.8790972,-0.38193673,0.41023484,0.7900111,1.1986514,0.19217092,-0.18407787,0.0031577228,-1.8081915,-1.6256926,1.1153655,12.502483,0
121846.94,1.8373867,2.7107456,1.478279,1.0494986,1.1963395,-1.0789572,-0.3186731,0.029039571,1.2004204,0.31496727,-0.03465635,1.2555773,1.3831351,-0.48499808,0.2739885,-1.5535176,-1.5046052,-0.40963584,0.07382588,-0.082517736,0.42298073,-0.208599,-1.3643913,-0.39152685,-0.5672802,0.6319304,-0.28650907,0.19976933,6.6488414,0
122609.45,-0.33593923,-0.21380456,-0.90069216,0.8439369,0.07539954,-1.6280422,-0.16958638,-0.24987225,0.40358806,1.1314244,-1.4266934,0.030246565,-0.10350865,-1.0329792,-0.22650525,1.5032014,0.5258152,0.3046264,0.55894727,-1.3755052,-0.7076374,0.27839845,-0.2858397,1.2959644,-0.22353823,-0.6930818,-0.53611,1.458239,6.7410407,0
122665.85,1.9050602,-0.79788274,-0.58732074,1.4794621,-0.16787407,-0.3481698,-1.3827381,-2.0386105,0.18746768,0.18807404,-0.5823536,-0.24418692,1.7741822,-1.2299445,0.011123303,1.1288245,-1.9914991,-1.1173079,-0.2345965,0.8471615,-0.45855075,-0.87953204,0.15626442,-0.73314625,-1.175605,-0.48918033,1.5377057,0.86793983,20.070938,0
123616.625,0.035576478,0.4277964,0.010985513,-0.19007167,1.0960642,0.7641144,-0.08792741,1.1217842,-1.0027785,0.20046772,-0.27959114,-0.8438551,-0.79038864,0.6670669,-2.3860414,-0.03133911,-1.0362409,0.16423213,-0.25217625,-0.48027503,-0.23461804,-0.029054636,1.0740371,-1.3947691,0.4906596,-0.21659744,0.18524879,-0.4883294,20.59061,0
123872.89,1.7536911,0.43899104,0.87895405,-2.0547614,0.58039594,1.687553,0.29603308,-0.081107154,-1.536085,0.12124054,-0.011290847,0.6222587,0.74282736,-0.19662838,-0.19056231,-1.2251842,-0.57521826,-0.21233821,-1.7208132,1.5921197,1.4859565,-1.3721521,-0.81961316,0.7957162,0.1752852,0.38257068,-2.0880833,-0.14003065,2.9363687,0
124023.23,-0.09329865,-0.5267154,-1.4973732,-0.18858613,0.7318134,0.7821282,1.8504633,-0.4848004,-1.1391561,-2.018244,0.4797325,-0.80449784,-0.05966848,0.052366324,-0.75304675,-0.58620065,0.8022224,-0.6605869,0.53973454,-1.40299,-0.82230467,0.09988225,1.4515873,-1.4203938,-1.6165322,-1.485321,-1.3101296,0.4084217,314.88464,0
124317.445,0.13105783,-1.032397,-1.3102968,0.8117357,-0.66458666,-1.4682637,0.085999064,-0.56032723,-0.04320983,-0.080398396,1.4390751,-0.985378,-0.32774243,0.5562391,0.9180716,-1.8211455,1.2954683,-0.47057247,-0.6958979,-0.1807086,-0.71976066,0.3706409,0.9468533,-1.9279431,0.99291664,-1.2588634,-1.0126623,-0.44863555,14.710769,0
124817.914,0.36547446,2.3098445,-2.0377285,-0.9698004,-1.0452628,-0.23236723,-2.334177,0.35845956,0.86817676,-0.66825056,0.73271096,1.18835,0.63231534,-1.8573868,0.99503076,0.9450809,1.1027822,-0.1545519,0.74712324,-0.6999777,-1.1285841,0.32061473,-0.42940974,0.9082677,-0.17628796,0.0012962065,0.9340503,1.5312902,21.73089,0
125397.85,3.1788538,0.32684347,0.032695226,-0.17636596,-0.56772214,0.25663438,-0.09398543,-0.89375633,0.9023674,-1.186448,0.9621645,0.35462117,-0.29917347,1.286766,0.57668024,-1.6033089,-0.15327379,-0.7678365,1.31644,-0.9754225,-1.4820395,-0.90358484,-1.1087493,0.15872225,0.1617624,1.198746,0.80500746,-1.1087261,9.473658,0
125618.85,0.8512856,-0.7322854,-1.1183058,-0.6917697,-0.62082136,0.17759112,2.739504,-2.2551756,0.6306124,1.4340183,1.4461042,-0.23492943,-2.6619654,-0.34909415,0.39545864,0.28683087,-2.4273083,0.0070944754,-0.18791503,-0.48679072,0.30700362,-0.34205097,-1.4438162,0.47271964,0.76456165,-0.025397403,-0.30039942,0.31610644,14.579094,0
126083.85,-0.70726454,0.91593033,-0.38455012,1.5020293,0.7861993,0.53930455,0.8663662,0.4071298,-0.7375569,0.5042075,0.5697079,0.641433,-3.062868,0.5324013,-1.4973468,-0.8436934,0.39085302,-0.27817664,-1.0233113,1.7705677,0.20290333,0.53719413,0.27175385,-0.44242758,0.32824224,-0.7916597,-0.5485098,0.7354468,13.072964,0
126936.65,0.9689979,-0.10914515,0.6613782,0.749457,0.97598404,-0.91704893,-0.81088895,0.519103,0.024549833,-0.029831082,-0.036707196,0.008931873,1.2724222,0.6207128,0.5906431,-1.4267035,1.4705738,-0.6112825,-0.016698614,0.14337017,1.2827618,-0.2114376,-0.7372841,-1.3844061,1.1652032,-2.1482086,0.7163882,-0.313447,20.01503,0
126983.66,-0.36183253,-0.25288144,-0.64154273,0.65154064,-0.1551303,0.06494309,0.59110653,-0.19963183,-0.32134253,-0.56480336,1.0091119,0.38301316,1.2302585,1.3707966,0.6293979,0.2383551,1.2337904,1.5898422,0.34870198,-0.79170805,1.041409,-0.28730538,1.1993568,-1.1857872,-0.29329553,0.9526756,-1.129523,-0.53879935,19.736942,0
127690.52,-0.48975018,0.56227285,0.23128203,0.6216013,1.430919,0.42032284,-0.74201345,-1.1479028,-0.20118976,0.29616958,1.0730093,-0.8168479,1.8873409,-0.104857385,1.2451926,-0.3337994,0.462949,0.41523993,-0.31552,-1.8286284,2.3971167,1.9034677,-0.6795238,-0.2721889,1.0344294,-0.73593163,0.457669,-0.0760813,52.764553,0
128688.945,0.90860134,-1.2918823,-0.2993379,-0.037249252,1.3684694,0.82567096,-1.3538076,0.08893554,2.037128,0.99143606,0.6485658,2.0703986,-0.017528249,-2.1236374,2.1182098,0.8381891,-1.1895027,-0.38271224,-0.5640384,-1.7213626,-0.07387277,-0.9509891,-0.900671,-1.2724029,0.12292462,-1.1474369,0.372518,0.8119985,26.381525,0
128762.55,0.031085588,0.35262722,0.6721143,0.19755629,0.24339892,-0.8057182,-0.34836936,-1.4645324,-1.7620002,-0.82696587,-1.4546276,-0.57961994,-1.2926348,0.057127614,-1.6925607,-1.2676053,-0.525307,0.14586043,0.56353223,-0.53646314,-0.26052958,1.0804185,0.23362635,0.3070529,0.50763345,-1.7153252,-0.2745896,-0.499848,46.765213,0
128905.3,0.27857593,1.9129548,0.47512805,-1.1851846,-0.8218918,-0.34515688,0.09152644,-1.0272306,-0.23467682,-0.0048283725,-0.84146017,1.5560163,-0.41958386,0.20070685,-0.38847682,-0.7573146,1.9338144,-1.0268202,0.49757826,-0.633688,-1.3002263,-1.1546806,-0.68604684,-0.46245793,0.40362918,-1.4391009,0.39767796,-1.0689212,19.850456,0
129039.27,0.013985222,0.46617767,-0.6919337,-2.186442,1.5753766,-2.7038176,-1.8721555,-0.7506979,1.211749,0.8680665,-0.2748541,-0.18886885,0.011424515,-1.0342609,-0.74226665,-2.3876421,-1.4167296,-0.4367716,-0.34628963,-0.2240507,0.69657815,0.6547811,0.008549993,0.18503605,1.2407303,-0.96121424,0.10209435,1.1505848,26.509497,1
129353.48,0.33658314,-0.3762121,-0.16865176,0.15008113,-0.06101735,-0.621462,-1.1491593,0.84393907,-1.4658915,-1.9360012,0.779621,0.80709714,-1.0070382,0.14749065,0.17250718,-2.1843467,-1.1478412,-0.32007745,-1.6540662,-2.272184,0.118534245,0.70815253,0.98598933,0.15514813,0.72141236,-0.23884873,0.4974195,0.39929646,15.035788,0
130991.5,0.4249659,-0.5071053,1.0437434,0.32399026,0.1261652,-0.5244149,0.010335563,-0.36261094,-0.64374745,-0.05756976,-0.021346418,0.7342235,1.6485747,-0.36101845,0.0134018585,1.7981924,0.94255155,-1.2467939,0.4563782,-0.09168159,0.6512663,-0.5103651,0.117229335,0.38679954,-0.44294548,-1.2087417,-1.3341023,1.0078574,66.93581,0
131066.11,-1.9369669,-0.41033998,0.39337686,1.2092645,-0.33960503,-1.0195845,-0.40817317,-0.4478664,-0.5290385,-0.42929137,1.1368686,1.1468518,2.239503,-1.342754,-0.23408207,2.0835981,-0.43115926,0.38735405,-0.7673272,1.0277297,-1.1391243,-1.2174768,0.12096446,0.4994825,-0.64126706,0.18570803,0.61450195,0.7593317,29.581434,0
131518.84,0.6665727,-0.25396267,-1.396962,1.5713358,-0.8897903,0.16561215,0.39481127,1.9546925,-0.22328973,-0.13382986,1.3152367,-0.84062374,0.4782807,0.6714849,1.0276043,0.09272621,-1.1817551,-0.50561273,0.21434107,1.6228412,0.3516042,-1.9704332,0.20514672,-0.3439006,-0.049754146,-0.24644774,1.0266013,2.1798892,16.61507,0
131759.45,-0.9820194,-0.37780654,0.6556181,1.5699985,-1.4686394,-0.055945434,-1.2146683,0.3524625,-1.5959572,-0.5016286,1.1991705,1.0756354,-0.0108637465,-0.5637252,-1.1014142,-0.82382876,1.5279711,-0.35546666,0.15115723,-1.8944461,0.20519961,-0.6151135,-1.693099,0.18396926,-0.76010144,2.2219923,0.32095143,1.114972,16.030735,0
131999.84,-1.4422991,0.91631144,-1.0846106,-0.99802357,0.63286835,-2.259214,0.7141138,0.3389945,0.5952861,0.1376246,1.2055405,1.8464398,-1.2949669,-0.40637922,-1.0411215,-0.29844892,0.46105596,-0.56871986,-1.8889474,-0.80139273,0.13903505,0.52621865,0.39183775,0.23600812,-1.0521922,-1.7044431,0.60121584,-0.72407955,17.617853,0
132185.69,-0.058411244,-1.7332091,1.412513,-0.35226503,-0.7834011,0.21550797,-1.1837591,-0.36970076,0.6662873,1.9236273,-1.0369939,-0.25869298,1.5464339,-0.46257883,-1.0242252,0.8735742,-0.38180116,2.9590907,0.08108168,-0.85423386,-0.6832659,-1.0776281,0.15993157,-2.4288902,-2.1280525,0.16147943,-0.10991932,0.47026798,20.832884,0
132816.14,0.083981,0.86200005,1.0240989,0.48033428,3.0595312,-0.9283241,1.6427343,-0.59637165,0.50837535,-0.3239225,0.4826355,0.034706067,0.07630681,1.2354786,-0.3603276,-0.51438904,-1.1457748,-0.6626151,0.5145325,0.14572142,1.1893246,0.09694858,0.8928973,0.64652574,-1.5492628,0.17400499,0.89133257,-0.55748874,18.772005,0
133397.58,-0.6935062,-0.37968653,0.28988546,2.5319047,-1.0860736,0.48568895,-1.7157583,-2.1864064,-0.87037367,0.291711,-0.60752904,-0.5234466,-0.2891644,-0.040916163,-1.2285903,0.23763387,2.0474067,-2.068677,0.63715243,-1.2197725,2.0503075,-1.4764298,0.6058108,0.14994219,1.9854064,-1.0305574,0.065247126,-0.45412615,10.271674,0
133414.16,0.83103186,0.3769478,0.15723285,1.4800992,-1.2573825,-1.2818513,-1.0925542,0.9687405,0.08651079,1.9947464,-1.6490663,-0.34643626,0.48117408,0.07909982,-0.04857149,-0.012756051,-0.024451818,-1.599932,0.11736575,1.6822633,-1.110344,-0.2338882,-0.20194863,0.5640489,-0.6565002,0.095252395,-1.1479412,-1.4125004,50.293743,0
133733.4,-1.3421751,-1.1269879,-0.20903225,1.1193972,0.5101387,0.03000654,0.4173708,0.44830972,-0.8994402,-0.55001557,-0.28747115,1.7114228,-0.58571154,-0.44063616,-0.1654902,-0.56881267,1.397328,0.7593026,-1.9771861,0.043522473,0.72044396,-1.147044,1.0323929,-1.2868435,1.9034603,0.7695944,0.8202162,-0.28611317,54.254784,0
133796.55,-0.40694374,1.328631,0.67852396,-0.38778797,1.5293134,-0.28316334,1.6642332,-0.17916599,-0.33259666,1.8146753,1.324737,-1.0042346,0.14687517,0.4628668,-0.7865151,-0.5261927,0.89363354,1.3364527,1.277081,-0.12314629,-2.87785,-0.0779805,-0.2926307,-0.3157732,0.4031546,0.096491486,-1.6341462,0.5450343,170.82304,0
134219.28,-0.58487415,1.2456349,-0.37077817,-0.88319963,0.06458966,0.3031019,0.31504303,-0.1372267,2.153468,0.005323007,0.460742,-0.9421188,-1.4424669,1.349318,0.87376624,0.29332086,-0.52090156,-0.6817972,0.41102266,1.5927137,0.66861,-0.50107944,0.2471571,-1.0915295,-0.04975802,1.3844628,0.28277975,-0.0660217,9.734189,0
134329.34,-0.04658727,0.95959055,0.23556986,0.7889079,0.57224244,0.124697275,0.5628579,0.73614424,0.09569538,1.7818962,2.0178094,1.6109009,1.0870872,0.6478608,-0.059500527,-0.9768881,-0.5129411,1.2789496,-1.2033193,-0.016047625,-1.8701546,-1.1903661,-0.31114942,0.74460137,-1.5006051,-2.1776876,-0.38422284,-1.0993685,44.688957,0
134498.44,0.2788643,-1.5147548,0.87193435,-1.1006613,-1.8435475,-0.25516418,0.017536901,-1.55471,-1.1875266,0.7502011,0.17723015,0.62454844,-0.10441104,0.68686694,1.0626473,0.45172936,1.4463149,0.74159,-0.78776306,0.4003034,-0.5249674,-0.6588735,0.4617578,-1.4051166,0.0046688956,-0.8422334,-0.44812575,-1.5230193,2.0320299,0
134561.92,-1.007893,0.82912105,-0.56180656,-0.23843636,-0.6775116,-1.5362723,-1.0263984,-0.58988136,0.18033534,0.30710837,2.4478028,2.1203701,1.1588008,0.6062302,-0.19504985,-0.47157896,1.4625174,-0.18948013,0.23122421,-0.7507983,-1.3130246,-0.93415684,-0.3764898,-0.9286548,1.8921838,1.475056,0.17198876,2.111846,54.317783,0
134604.34,0.7242827,0.4048551,-0.61619276,-0.11477795,-1.0736157,-1.477208,-0.49013835,-1.1363028,-1.3517959,-0.06563068,0.17752123,-0.45043865,-0.20113617,-1.3802426,-0.024194889,0.1273673,-1.8769159,-0.26044628,0.6797842,-1.3705021,-0.21561149,-1.3139247,1.6475517,0.53431416,1.5576367,0.91202635,-0.7092882,0.32516074,3.4976854,0
134687.48,0.06300237,-1.6052712,-1.1943655,1.5929121,-1.8950459,-0.5838869,-1.2119098,1.7715093,-1.1990104,-0.62404144,0.022480296,0.12628114,-0.13619971,-0.87611884,-0.5627824,1.3839625,0.54978025,0.18087022,-0.48796284,-0.61036164,0.8387937,1.0827458,2.0173628,-0.6293745,0.27423865,0.5405117,0.512206,-0.82406914,6.164473,0
134829.86,-1.8919462,-0.024297385,-1.0644728,-0.35469732,0.11698023,-0.008279884,-1.27871,0.87565553,-1.0411232,0.07579155,-1.2793901,-0.66067696,-1.2123175,-0.20498739,-0.0070465407,-0.16819204,-0.12121481,0.87745583,0.8255254,2.186976,-1.8573133,-0.36017486,0.87393826,-0.9283907,-1.1486684,1.2332155,0.056796633,0.46178347,29.924286,0
134903.73,-1.9585915,0.3645345,-1.8283954,-2.4392498,-2.2428277,-0.60824794,0.40174893,-2.2026927,-0.44430944,0.89736146,1.1105627,0.14330117,0.759757,-0.72586405,0.7122313,0.91980433,-1.0333232,0.39729455,-1.7927668,0.63302094,-0.3594797,-2.2022254,1.5412966,0.90671945,-0.95716536,-1.9165579,-0.61729395,2.189186,9.527679,0
135001.36,-0.012319293,0.5560753,0.7298288,0.50444466,-1.322196,0.62521195,-1.123178,-1.5137616,0.936969,-0.013111431,-0.50212514,-1.7740967,-0.87583995,-1.064537,-0.41133425,-1.7920328,0.2617461,-0.6768083,-1.042459,0.27453485,-0.5133688,-0.6232808,-1.5392145,0.94771177,-0.8525919,0.79561067,1.3381796,0.62046236,8.08472,1
135231.19,-0.22096732,0.17726137,1.8089145,-0.6990219,-0.5371938,-0.2792209,0.319554,-0.13234568,0.5783982,-0.3166228,-0.64704764,0.6849546,-0.48642236,-1.8721757,0.51841193,-0.47036302,-1.3495967,-0.17420705,-2.064364,-0.9763734,1.5810487,0.9147117,-1.4213778,0.7220712,1.278155,1.0643702,0.2047826,-2.787068,11.225868,0
135250.39,-0.103420116,0.29123142,1.425329,0.042631023,-0.83128583,-0.9650127,-1.3018228,-0.4724402,0.52299535,-0.25078252,1.2812306,0.32347408,0.0010471861,-1.3465292,-0.81274694,0.02768862,-0.46645534,1.9812634,-0.89740515,0.9112508,0.431761,-0.7613586,-0.32156056,0.8487097,1.6317204,-0.65870017,0.63080096,2.6522918,48.209263,0
135451.34,-0.027982457,1.4736114,-1.6260844,-0.0867047,0.3964085,-0.2780963,0.29638302,-1.3243822,-1.0989245,0.99247664,1.1582227,-0.057554662,0.12122419,-0.25652555,0.75905055,1.9233307,-0.7984737,0.2512138,1.5080771,-1.3576933,-1.1772171,1.4977438,0.041230965,-0.23157927,0.19589284,2.6292372,1.4165888,-1.8492465,6.556989,0
135482.92,0.22555985,1.2260339,0.72485465,-0.273704,0.3055802,0.22585984,-0.48868257,1.9447622,-0.54131436,1.2251614,1.1320513,-0.39036432,-1.7060969,-0.069426365,-0.5799058,-1.9599521,-0.49979126,0.8693254,2.0578022,-1.5670564,-0.47129437,-0.85666203,-0.19820742,-0.20459297,-0.30308044,0.19634897,1.4001786,-0.20601195,18.82177,0
135600.84,0.9476496,-2.867055,1.4221064,0.7903406,0.89379877,0.3248847,1.4066155,0.3125399,0.27200112,-0.6671505,-0.36219114,-0.894754,-0.23080586,-0.7930538,0.85167986,-0.09620986,-0.07147849,0.539885,0.23459047,-0.5588871,1.5561042,0.5034081,-1.6421353,-0.6480813,1.5487105,-2.192769,0.57978547,-1.1334043,12.751035,0
135825.62,-1.1111048,-0.31743854,-0.45680997,-1.5328649,0.7523837,1.8783791,0.3237189,0.47481632,-0.62832,-0.66858786,-0.050975867,0.7277129,0.7952302,0.078925215,0.060976543,1.4566889,-1.0155667,0.27335775,-0.6384292,1.9544909,0.7143653,1.0366386,1.1515917,0.16772917,-0.97857356,0.381272,-0.3026582,-0.7400021,53.724487,0
135974.23,-1.1719716,-0.16465102,0.10144743,-0.5170142,1.1408128,-0.6689093,1.2357829,-0.69201493,-0.27836645,0.37935892,-0.0598544,-1.17109,-0.37833804,-0.43383363,1.5209538,-0.7850204,1.573179,0.1086989,-0.2216399,1.8978943,-0.91823345,0.45019397,2.1541982,-0.5278983,0.05182333,-0.71986,-1.4297038,0.28440967,55.562366,0
136061.98,-1.0933238,-1.7520986,-2.007893,0.6840379,-0.0019184,-0.07347866,-0.7556467,0.7222741,0.4413587,1.5275321,0.7825182,0.5118959,-0.22473176,1.0905735,-1.1540678,-0.21283881,0.49328324,0.8973906,0.4733399,-0.45123693,-0.26707053,-1.374494,1.2809876,-0.43306622,0.462966,1.1649953,0.2066907,-2.0710235,2.2203434,0
137389.48,0.28891668,0.09418306,0.26673618,-0.6140848,0.3034669,0.42612395,0.05614334,-0.38043275,-0.34877267,1.1459903,1.5535647,2.0744514,0.16240606,-0.16162576,-1.4761767,0.33173898,1.794563,0.71864223,-1.5629809,-0.67419904,-0.23510915,-0.9424686,1.0855232,0.5999004,-0.8628006,0.547944,1.0945843,-0.09024558,70.39564,0
137683.62,1.2449474,1.2487577,-1.0635598,-1.6088067,0.5115137,-0.023422958,-0.98108715,-0.28334317,0.22605959,-1.2518522,0.36814657,1.4855214,-0.12596044,0.6963309,-0.61621726,0.18450855,-0.16007997,0.26389349,-0.57249916,-1.640362,-0.5379819,1.170071,0.22611961,1.1845392,-0.6359142,-0.5979221,0.35431483,1.1473424,9.651302,0
138103.1,-0.43133944,-1.0865679,0.19963501,0.6685553,0.1416567,-0.50061816,-0.41360524,0.61100197,1.5927285,-0.26407596,1.9748911,-1.5051279,-1.0305156,0.20321377,-1.3846109,1.5657705,-0.54879,-0.69376254,1.4348931,0.07803073,-1.7102121,-0.80461144,-0.8429974,0.39826027,-0.7137376,1.5024519,-3.4445841,-0.8432403,26.670301,0
138386.38,-2.5017,0.33640093,-1.5612029,1.1230947,-0.3971943,-1.5492572,-0.2621042,-1.6289976,-0.1718588,-0.93060356,0.89719445,-0.53673804,-0.036346123,-1.402071,-1.3827349,0.4484738,1.7584156,0.3855588,-1.0457101,0.16201276,-0.6776217,0.97567654,0.07252805,1.7943158,1.4167268,0.9394513,0.8700622,-1.390285,6.509805,0
138400.14,-1.7039928,-0.91582346,0.54285824,-0.044995207,-0.33244252,-0.5108346,-0.7258582,1.5970279,1.1793379,-0.26751253,-0.2347994,0.42145073,0.99407315,-0.09065817,0.62155074,1.3277729,-0.57805973,-0.06700794,-0.7490249,0.78955626,1.3891993,-0.4302847,2.105588,-0.70551556,1.9143673,-0.82791996,0.9314992,-0.1393051,31.354616,0
138489.64,-0.8330367,-0.671912,1.0245126,-1.9608456,-0.8175584,-1.0737025,-1.2155029,0.18238921,0.55937004,1.60441,0.8287114,-0.07028192,-1.051176,-1.2356241,-0.0041787936,-0.36000836,-0.17829202,-0.3082559,0.013193656,0.91070753,-0.3811445,0.14143732,-0.3519881,-1.8379747,0.11479253,-0.15204509,-0.3012222,-0.3383415,429.06943,0
138583.66,-0.5577289,1.4773936,-0.7831799,0.70596975,0.42161682,-1.7266067,-1.4135174,1.2809442,-1.467242,-1.4226006,1.7059402,-1.3994057,-0.3744819,-0.10812084,-0.479681,-0.7405254,0.7200474,2.678776,0.28314227,-0.19742192,-0.10325363,-1.3861073,-0.45495725,0.71462786,-0.26821858,0.5169168,0.98836166,-0.59522766,23.396786,0
138946.28,-0.4083886,-0.54255784,-1.1369226,-1.6598879,-0.09401517,-0.79567885,-2.3397481,-1.0754198,-1.1021371,-1.6188653,1.998289,0.38531595,-1.3816314,-0.74513084,-0.3869626,-0.22572319,-1.2377259,-1.5390513,-0.62500405,0.5560279,0.14052565,-0.60826755,1.1073036,-0.77183354,-0.59984106,-0.36426327,0.6279654,-1.188346,11.5673065,0
138987.12,0.03858112,0.4622125,-2.156023,0.30879927,-0.66317374,-1.0470917,-1.0563464,-0.92316514,-0.8335959,-0.82855415,1.1868913,-0.010016895,0.94138193,0.38196304,-0.59723765,-1.159103,0.7112947,0.95851284,0.076964386,-0.7006389,2.2181413,-0.87530637,1.173686,-0.27369225,0.0017463134,-0.3343994,-0.6855068,0.5191846,15.201689,0
138992.47,-0.31174633,-1.8712181,-0.26641354,-0.8874638,-0.6622448,0.58378655,0.6274939,-1.1619002,-0.8548349,0.2873106,0.025674453,1.9143254,-0.09235821,-1.3423543,1.6503692,0.4835117,0.5833471,-0.86267096,0.60793954,0.53704256,0.008874771,0.22559965,-0.8479018,-1.7697965,-0.55022174,0.03672503,1.2713012,0.59526354,3.4458275,0
139056.84,1.0493397,1.8623176,-0.58159393,-1.1598393,-1.2103987,0.60109186,-1.5984986,0.25029767,-0.09028975,0.62075484,-0.21669325,-0.2532287,-0.85019964,0.014701826,-0.7355057,-0.38587812,1.2693254,0.13119549,1.9614518,-0.50723207,1.0939454,0.09319758,-0.26148462,-0.8992103,-0.097030245,-1.0657986,-1.2674769,-1.0656468,114.29193,0
139659.39,-0.6760173,0.60265243,-1.5510194,-0.44191003,0.97884136,-0.9038793,-1.3681228,0.0659833,0.61464405,0.43744844,0.5760695,1.1680034,0.0922656,0.5724156,-1.3221339,-0.6717889,0.8900445,2.5685875,-0.12624438,0.45945853,-0.5981802,0.46264988,-0.5019055,-1.5022274,0.41323283,-2.2327654,-0.05724467,-0.92725366,29.237722,1
140656.2,-0.862318,-0.18249984,0.45301875,-0.18329756,0.07861767,-0.26022863,1.7908986,-0.46441182,1.2551584,1.1756854,1.6739745,-1.2670884,-1.2036002,0.9075956,0.7960506,0.49865842,1.2999784,-0.96236897,-0.041297317,0.37850133,-0.25939927,-0.4905225,0.06968938,-0.43430325,-0.40531296,0.23913486,-0.15700231,0.136492,5.704883,0
141096.55,0.47887555,0.5755465,-0.4499704,-0.64420825,-0.8628,-1.8582426,-0.63649607,-1.0140692,0.3081751,-1.7630856,0.43376914,-1.0280093,-1.0334955,-0.7641678,-0.21575563,-1.1437157,-0.1104219,-0.72387266,1.5274523,0.06880362,0.012552723,-0.9302301,1.1036867,-0.3945515,-0.18958807,-1.9889,-0.82543814,-0.96497166,5.932336,0
142166.62,-1.535642,-1.4098195,-1.0757359,0.5887033,0.80854774,-0.49433994,0.321046,-1.2665963,-0.44567955,1.1883365,0.45453188,0.721662,-1.4601336,0.017750973,2.0387738,0.7705022,-0.8626703,-0.017513737,-0.54916584,0.7945397,-0.77413297,0.18272908,-0.8040275,0.08996041,-0.18545449,-0.9930387,0.30379388,0.17866199,20.457281,0
142495.38,0.3896917,1.1825308,-0.5545724,-0.4460694,-0.5604488,0.3989819,0.6423172,-0.0484839,-2.0822413,-0.3120953,0.051397853,1.0837308,-1.0667793,0.18414697,-0.52620566,-0.47833738,2.1099854,-0.84721696,-1.324353,-1.570399,-0.20371778,-1.0295889,1.0896648,1.239723,-0.31756344,-1.7715824,1.3103689,1.4680465,61.460487,0
142622.44,0.10255318,-0.32398477,1.0713046,0.9801909,-1.4065006,0.8249379,0.66252613,-0.46558678,0.07058957,0.7314943,-0.32789105,-0.95739275,1.3573376,1.5471263,0.84598416,1.1590965,-1.5266956,0.8840563,0.25024897,-1.0649163,0.8880509,1.0784225,0.10165125,0.6769063,-0.44144788,-1.6484444,1.2477418,-0.059822682,5.0470915,0
142776.64,-0.14744249,-0.20406951,0.6029369,0.28117317,1.0212222,-0.7130471,-1.5223142,-0.685607,0.025770193,-1.3234254,-0.16213451,0.024077406,-0.73311836,-1.48133,1.0821973,-0.39273757,-1.4265131,-0.53452945,1.076175,-0.27005967,-0.80036455,-0.11452239,2.3261921,-1.6221696,0.7621966,0.42635518,0.7236642,-1.2136164,76.408295,0
143008.05,1.5882761,-0.49165562,-0.13002606,-0.6975572,-0.537097,1.0518548,-0.23105969,1.5470895,0.18292876,0.004956697,0.13542598,-1.3815792,0.46622512,-0.91110253,-0.52133584,0.63190967,0.565128,0.65400964,0.36104715,-1.4432634,8.903096e-05,-0.3261351,0.31883088,0.6080154,-1.770736,-0.22230816,-1.6959225,0.3921035,17.994024,0
143318.62,-0.62220746,-0.5806514,0.61910504,-0.86593986,-0.4088991,-1.5156919,-1.6182272,-0.082325675,2.1062403,0.23627077,1.7181,-0.18121983,-0.83630145,2.8044624,-0.74292076,0.17956237,1.624986,-1.3291892,-0.09701566,-0.40686452,0.70873356,0.46217564,-0.09691857,0.1117547,1.5742799,-0.25840047,-1.3359523,-0.17765473,6.57785,0
143381.03,2.0602982,0.6946706,-1.1609119,-1.6474963,0.041180022,-1.2476279,2.446318,1.2700429,1.2405965,1.155751,-0.23971377,0.83692276,0.75953376,-0.27309728,0.7413665,0.74390185,0.18955085,-1.8068315,-1.4483933,-0.3746303,-0.82446605,-0.0763645,0.5747147,-0.09782643,0.13552946,-1.3159018,0.16616912,-0.15015703,11.458955,0
143609.62,-0.22543144,0.25590685,0.0323701,0.2907332,1.1425892,0.70966184,-1.5948752,-0.5332522,0.78506094,-1.5852547,0.052612077,-0.4349585,-1.026082,-1.8909938,0.5748919,0.10994689,0.9993037,-0.22898498,-0.058369245,1.3096838,1.0954138,-1.6580517,-0.33714625,-0.02269953,0.6100176,-0.6558491,-0.03423504,0.47532287,163.73752,0
143807.83,-1.2770164,0.6517481,0.14732233,-0.35458755,0.020037292,1.6711212,-1.0478402,0.24477628,-0.96207714,0.030752549,-0.86537766,-0.2490347,0.03922793,-0.58255017,-1.4106101,-1.6633974,-1.9958028,-1.5685078,1.2331549,0.1425337,0.07288348,-1.0614299,-1.7952731,0.20455243,0.7250778,0.37645516,-0.49807984,0.6910374,3.7967446,0
143880.12,0.06991958,-0.00879469,-0.4698365,-2.3721955,-1.1991172,0.493432,-1.0406009,-0.055476017,-0.51299477,-1.0852352,0.71663105,-1.1297954,0.052851308,-2.7688732,-1.1284356,1.0087936,-0.49954495,1.518269,-1.234117,1.0294296,-0.16512257,1.0577087,-0.24052118,-0.6918868,-0.70805913,-0.052087266,1.9053231,0.035502166,8.34555,0
144014.97,-1.0762452,0.5131998,0.43545833,-0.53571486,0.543877,-0.040342387,-1.4966605,-1.6976223,-0.09484461,0.505496,1.3666792,-0.6483584,2.3278053,0.24092071,-2.5364301,-0.087682925,-1.8739479,-1.5298035,-0.24474718,0.30167472,-2.0081477,0.08388435,-0.2562936,-0.18235086,-0.91435856,0.82267404,0.10586015,-0.060680315,62.99783,0
144609.03,-0.75175583,-0.41884875,-0.7804335,-0.90103406,-0.48498973,-2.1951838,1.3525939,1.4283383,-0.77540714,0.77721655,1.6244979,1.7581109,0.6304253,0.80978477,0.59538686,0.7895161,0.78041095,-1.0376867,-0.38748473,-0.5356673,-0.37361243,-1.6815678,-1.5923175,1.1839391,-1.0322692,0.965092,0.54241276,2.0635414,26.042986,0
144796.28,0.3970333,2.2297318,0.5098207,1.5756776,1.887924,-2.022447,2.422448,-0.1351536,0.5004645,1.2871703,0.20336452,0.07292489,-0.59290403,-0.9116624,-0.2618272,0.69024646,-1.5472313,0.41361988,-0.69770455,0.1337168,0.3715924,0.35211205,-0.07303519,-0.70390576,-0.24706803,-0.25221986,0.9878939,1.200554,7.7718716,0
145763.0,0.5555821,-1.5679305,0.5518588,-1.7027786,-0.001119722,0.12940954,-0.4757491,0.74641824,0.35690886,-0.5350295,0.5743543,-1.0023078,0.68504894,-0.47072393,-0.16215043,-0.7732965,-1.2778188,-0.586364,0.247923,0.7294263,1.745345,-0.5592588,-2.0671103,-1.029888,0.6992047,-1.8522493,0.054958448,0.8335461,63.927643,0
146624.47,-0.6221677,1.2609373,-2.9171598,-1.4413508,-2.2350354,-0.35806265,-1.3204231,-0.7520287,-1.0883077,0.9272265,-0.15355033,-0.31477195,2.1381745,0.92365414,-1.691444,-0.9147954,0.5140252,-1.5183879,0.44330525,1.1934013,0.56788915,-0.8745,-0.34768683,-0.061707348,-0.58376205,-0.7566449,2.591062,0.13120595,67.677574,0
146771.05,0.9874051,1.3679074,1.1903057,1.1099696,0.35736498,-1.1058352,-2.2369256,-0.16484438,1.1968167,1.3609016,0.52801865,-1.5974276,-1.629636,-1.7502154,-1.0981023,0.6553551,1.0618243,2.0399642,0.4328269,-0.13231006,1.1262162,-1.1448728,0.24359599,-1.1305665,0.6079316,-0.09768928,-0.9403723,-1.0057433,29.89433,0
146965.42,1.1575078,-0.8521588,-3.0476325,1.3567631,1.9445978,0.06553258,-0.24410872,-0.86685234,0.10231034,-1.643247,0.31396514,-1.0141597,-0.84248203,-1.3215712,-0.47795892,-0.30324903,-0.1589681,-1.0016338,-0.97680974,-1.6475106,-1.2091045,0.9999295,0.09699618,-1.7227831,-2.367921,-0.77648705,-0.6060716,1.1273863,9.632319,0
147068.64,1.4363017,2.2292736,-0.61604905,-0.74498296,1.5759203,0.11513137,-0.31636542,1.2359985,-1.7290711,0.6123449,0.058264386,1.3603398,-0.23689756,-0.22811519,-0.6723256,0.93642926,0.5701725,-0.19625781,-1.6459837,-1.7178023,-0.1268225,-1.9654983,-0.41106948,-0.34446716,-0.3855672,-1.0546242,-0.94282573,0.14429414,11.588746,0
147068.73,0.5294134,0.9954903,1.0253481,-0.6320858,1.8309543,0.94441587,-0.65129614,0.31140935,-0.05134286,0.95851123,0.1377537,-0.14248243,-0.41708824,-0.75233483,0.11783607,-0.17820095,0.53778815,-0.20919251,0.26238844,-0.32641262,1.2207464,-0.8375321,-0.0855304,1.4486219,1.1671374,0.06975228,1.5626583,-0.577169,28.264631,1
147461.22,1.3634287,0.971139,-0.31728673,0.6162354,-1.0197601,0.13660228,0.22137526,0.36705354,0.28120646,-0.2587264,0.4519223,1.8907301,-0.3327567,-0.2938669,0.58346814,1.0234097,-0.21542686,0.71030915,-0.50591904,-2.3379016,-0.8877336,0.12012677,-0.7840644,-0.038604096,-0.17097129,2.430303,0.8020859,-0.24314046,4.1607075,0
148016.1,-1.8807985,0.028022187,-1.4661859,-2.3270998,0.9121524,1.2283944,0.39517313,1.3581841,0.9727924,-1.2107736,-0.29415244,-0.09534784,-1.3042322,-1.2637503,2.2696126,0.4233045,-1.0947055,0.46235245,1.8383124,1.7951045,0.96522266,1.5783631,0.010816519,0.1785771,-0.82914364,-0.48818806,-0.5441519,-0.9661826,98.824135,0
148181.61,-0.31790656,-0.21722616,-1.093737,-1.8611937,-0.7219945,0.00799403,0.32308325,1.1563413,-0.3374764,0.94295573,-0.24249679,-0.035978697,1.403956,0.21431349,-0.02001703,0.28797498,0.5648914,-0.82680106,1.8845097,0.59693325,0.73331785,0.5538582,0.058086406,-2.1301484,-0.65684325,-0.0028058526,-0.8638764,1.057329,154.50877,0
148358.86,-0.8670052,-0.20940882,1.0269058,-0.2807334,0.2242894,-0.115334995,-0.3161249,0.76534253,0.82793826,-1.1995088,1.707362,0.6408942,-1.4226086,-0.14923309,1.1154027,-0.3740112,0.6130957,-0.3258272,1.9906898,-0.635667,0.27472365,-0.84602463,-0.90024996,0.4381255,-3.0280225,-1.3120359,1.3848906,0.6830371,15.132643,0
148725.38,0.11922586,0.3905306,-1.9215045,1.5498905,-1.2729524,1.0643122,-1.1016219,-1.4217273,0.18714198,-0.17835143,2.7105467,-2.6725876,-0.2002128,0.5491905,-0.8299728,0.23242761,0.89402443,-0.22692244,-0.9401109,-1.1096476,-0.32870263,1.5293535,0.2676992,0.09336586,-1.011802,1.243401,0.36168772,0.18163246,30.79417,0
149895.44,-0.5714492,1.4011862,1.1289911,-0.4357301,-0.6444558,-0.9784409,0.6658331,-0.6956791,-1.3150547,-0.04012406,-1.2043669,0.20493932,1.0458306,0.2003995,-1.6749463,1.1928527,0.31206644,0.7489595,0.5693691,1.0281191,-0.98629516,-1.3551234,0.26145265,-0.66491485,1.0572413,0.87474304,1.4104179,-0.042785574,83.34282,0
149938.34,-0.16615784,0.18131422,-0.0551021,0.10093679,-0.6762467,2.8144474,0.01251376,-1.0038881,-1.4151667,0.715538,-1.2594712,-0.048986487,-0.030184858,0.20669007,-0.35230166,-0.054215457,-1.1685,-1.168322,0.87095255,-1.1136372,1.7753793,0.26533616,-0.1662099,0.18005048,-0.58260274,0.80573416,-0.06014935,-0.6806689,209.90877,0
151117.33,1.8821748,-0.91144365,-1.1923953,1.1337893,0.8985553,0.3752575,0.8883575,0.7275337,1.1225599,-0.62663156,-0.95715284,1.4860389,-0.97939414,-1.4463073,-1.5977217,0.5311744,0.69034016,2.0181105,0.75835425,-1.0182267,0.6318625,0.48778465,2.421047,0.17012161,-0.46454436,1.3597958,0.51153535,-2.1300726,130.10965,0
151193.86,-0.1697198,0.82442707,-0.5831151,2.1068847,0.80071914,0.38082924,0.79007554,0.17065194,1.1959841,-0.68458366,-0.10328841,0.9646794,-1.3486756,0.49259156,0.014673167,0.046360075,-0.0013810802,-0.7591834,-0.35439795,-0.7659459,0.34061614,-0.88111556,-0.14070238,-1.0594879,-2.3318121,-0.42734134,0.30022764,-1.4129269,2.502662,0
151918.73,0.4137923,0.92115074,-1.0172243,-0.57684845,0.27681974,0.525096,-1.4217621,-1.3905125,0.32290924,0.09891548,0.8957805,-1.1336917,-0.2299992,-0.3308664,-0.7804541,0.12460405,-0.48273745,-0.008749397,1.2791649,0.11408742,-0.41284975,0.69759303,-0.27923423,0.33185372,-1.6308378,-0.3024178,-0.62411135,-0.7426453,13.754081,0
152773.31,-0.23226933,0.6546595,0.8662252,-0.016836723,-1.3504214,1.8771365,-1.4342222,-0.18874422,1.4957067,1.0063905,0.5912529,1.2421386,-0.7570296,-0.1665983,-1.9542714,1.7234107,-0.29463583,-1.1599895,0.00047498636,0.62079746,0.03787163,-0.51389015,-0.4223931,1.1971354,1.1900492,1.7098786,-0.14414416,-0.8929664,36.628475,0
153921.81,0.075713284,0.7454989,0.73242784,1.8220552,-0.31163943,0.7925074,-0.7555407,-1.4941124,1.0566099,2.28745,0.17203113,-0.26231453,0.20523109,1.0482644,1.7360251,1.20173,-0.6902572,-1.298159,0.12810613,1.1926723,0.16471727,0.69514245,-0.9709392,-0.22794147,0.6172941,0.6327281,-1.1843034,0.2893606,11.099935,0
154074.7,0.0060166805,-0.27092814,-1.7191612,-1.5221993,-0.74611646,-1.6050559,-1.0562654,-0.053156488,0.68362874,-1.5074812,0.52893555,-0.9044532,-1.4014511,-0.7194356,-0.5375617,0.07940382,0.8888438,-0.8744284,-1.5378335,1.0449713,0.39987567,-1.8395954,0.68589735,-0.8675942,-1.297439,-2.2192218,0.49410683,0.81149375,170.59973,0
154324.19,0.44832405,-0.9289892,-0.4035921,1.0275811,0.86967576,1.4034704,0.75525177,-1.6553725,-0.9113115,0.315342,-0.69208616,0.19710325,0.8130357,1.3511844,-1.6376193,0.21445408,-1.4181148,-0.97052324,0.64476496,0.0007737092,0.7343403,0.33497608,-0.686247,-0.17758007,-0.6305724,0.45482096,0.76124877,-0.12843922,141.9181,0
154380.44,1.1653075,-0.86819345,-0.86318564,-1.0183156,1.1781849,-0.34089658,0.3513097,0.5288275,1.7314287,-1.086535,-0.24412277,-0.20276935,0.11554952,1.4444753,0.8981718,-0.7018705,-0.9934859,-0.41425702,-0.2604117,1.020522,-0.78247154,-0.41210666,-0.56794816,0.8546132,-0.029172342,-0.58169806,0.9901612,1.408917,7.5449905,0
154849.4,1.647394,-1.6354632,1.29351,0.102472365,1.0563856,0.10715507,1.099184,0.37796262,0.53630143,1.0188112,-0.02009455,1.5384653,0.1898364,0.75278443,-0.7286144,-0.17297155,-0.32877287,-0.97896504,0.46477887,-0.6709996,-1.466597,1.1497037,-0.53824157,-1.2263188,-1.1961278,0.89817184,0.6665449,-0.7828977,16.529058,0
155000.19,0.30962008,0.23694861,-1.3500991,-0.24261905,-0.7552194,-1.279254,0.39648682,1.9079485,-0.38583878,-0.9385446,-1.5842164,0.34062204,1.4410768,-0.9806208,1.0901661,0.3093978,1.6137508,0.6955524,0.2351137,-1.820866,0.08428085,-0.04398073,-0.9849435,0.57855827,-2.004144,0.40819046,-0.12821014,-0.13553713,8.17054,0
155230.55,0.58954686,-0.08344878,1.6042291,-0.9580116,-2.7395332,0.526202,0.20864958,0.8478733,-0.66827,-0.6746482,-1.1613102,0.20565893,-0.4377955,-2.1862934,-0.7333943,0.8506136,1.0542805,-0.7829839,0.18093657,-0.6711311,-1.7472173,1.2492296,-1.7510834,-0.67801446,-0.15921038,-1.7405428,1.5519706,-0.05098718,15.892477,0
155962.47,-1.1508645,-0.43998772,-0.03329474,-0.9831019,-1.7669619,-0.6513743,1.1997298,-0.42291427,0.25678378,-0.58927083,-1.121566,0.9006471,-0.72581667,1.0788349,-0.54089767,0.7492209,-1.6408408,-0.8938155,-0.045713574,-0.8062605,-0.323661,0.50761276,-0.46293986,0.24206308,0.5726086,0.26883018,0.8923085,1.0921863,15.324934,0
155971.23,-0.087876745,-2.9556189,-1.1619344,0.27641436,1.4216269,0.10016964,0.46972734,0.8180701,-1.6710591,-0.076198936,0.76410824,1.0928717,-0.54776365,0.11138506,0.3448317,-1.109259,1.3513471,-0.39296886,0.78659976,-0.6319871,-0.50918984,-0.12750846,0.8733353,-0.5643313,0.5918573,0.21062773,1.3885463,0.105887085,63.124535,0
156995.47,0.94028944,-1.2473174,-0.67727417,0.9955393,-0.40125495,-0.284099,0.06810097,-1.3976638,0.6996733,0.3231976,0.24535495,0.7836051,-0.19252656,-0.7451975,0.5932194,0.9769827,1.3494202,0.99283886,-0.19889253,-0.9593747,0.49174818,0.7876693,0.1969798,-0.56701696,0.8752374,0.36346248,1.4512867,0.13356891,6.9160333,1
157351.0,0.86596864,1.1208407,-0.8016188,-0.1297362,-0.7507246,1.9250128,1.480453,-0.9624726,-0.95357084,0.4837014,0.6110612,1.4194635,-0.0909649,1.1735623,0.76848376,-0.08877368,-1.1740084,0.21487617,-1.4551975,-0.46110958,1.982597,0.79405844,1.5605752,1.5230949,-1.5535573,0.57552886,-0.12559965,-1.6548431,0.8692717,0
158279.52,0.21160974,-0.664626,-1.2746184,0.07011316,1.6426603,1.9822603,0.11518088,0.33314252,0.37060812,-0.005767546,-1.839655,0.6086824,-0.8306977,-0.86155885,-0.08974114,-0.98699135,-2.5214584,-0.09968953,0.5689556,0.62001723,-1.9445906,0.47191,0.7509563,-1.4090866,0.05790191,1.495966,0.38787946,-0.8999067,2.9286697,0
158337.61,0.88639396,0.36059168,0.09482686,0.5711741,1.26516,0.04651317,-0.3043406,-2.1582496,-0.52162033,-1.329891,-1.4835666,0.16765146,-2.0230854,-0.42415527,0.5286167,1.3363848,-0.07222162,-1.4330448,-0.8090055,1.715257,2.274185,-2.2923014,0.5239648,0.48536617,-0.26845136,0.413889,0.77456516,1.0959523,5.8476396,0
158699.4,0.4907667,-1.3906854,-1.2279155,-0.9716188,0.024448723,0.06397771,-0.8378233,-0.037160784,-0.26441872,0.7277861,0.66321546,1.2391721,-0.560929,0.52489036,0.7456286,1.463279,1.1224244,-1.1427084,-1.3242618,-1.7253464,-0.23307516,-0.9825605,1.8826491,1.7313244,-0.08722068,0.02289846,-1.1491418,-2.0753422,9.14466,0
159136.33,1.2003063,1.4387054,-2.1803663,0.7396925,-0.2934031,-0.37344298,0.70302546,-1.0202633,-0.75690985,-0.052958664,-2.7786696,-0.09089614,0.35982567,-1.1136029,0.20056914,0.26374698,1.591262,-1.27841,-1.0222434,-1.2877346,0.3478087,1.3841058,-0.097145595,0.6855219,-0.21178164,1.1479676,-1.1269732,1.3429927,25.143747,0
159799.5,0.28935915,-0.14402767,-0.37967646,0.8193431,-0.13210121,1.1060063,1.2370505,0.10130706,-0.16122943,1.1617348,1.2246294,0.033246517,0.1362583,-0.10948091,-0.14265811,0.7087936,-0.87082726,1.3068513,0.28333238,-0.79144627,-1.4148321,-1.2559458,0.06307568,-1.331097,-0.6604482,2.2427406,-1.2993116,0.4996645,5.4972463,0
159805.28,-0.35569832,0.2900404,-1.8028562,2.6036263,0.2271628,-0.32891986,-0.0505874,-1.0777364,1.8893795,-0.70773876,-1.8233172,1.7215769,1.1995544,1.0891372,-1.445295,0.7674492,1.7519791,0.5305631,-0.0965188,0.7657419,0.9968716,0.88246113,-0.011464422,-1.2815806,-3.0177906,0.9150708,-0.10810009,-0.74752134,4.695851,0
159853.36,0.33584127,2.3257797,-0.75216085,-0.37610418,1.6000472,-0.42133728,1.3079156,0.42424813,1.3850596,-1.6022748,0.84334487,1.6219242,1.9554865,0.21111074,0.59917414,1.3957721,-2.2279325,-0.8616205,-2.132683,-0.20494744,0.041472536,0.70645267,1.5437868,-0.75162536,1.161829,0.20620613,-0.33331707,-0.83204895,6.584136,0
160137.58,-2.9305944,1.5164402,-0.9091029,-0.4580818,0.4224674,0.9785929,-1.970015,0.019327424,0.35447896,-0.034026004,-0.8885846,-0.008175807,0.7593338,1.2474264,0.0421737,0.72806853,-0.3680506,-0.56437165,-0.38365594,-0.72410923,-0.061467413,-0.72575235,0.0025153165,0.15790792,0.32999018,0.43253055,-1.4356706,1.8959553,5.265706,0
160275.39,0.38288572,-0.3065656,-0.87121606,0.7689659,0.72602904,-0.5382991,-0.055453375,1.400366,-0.025294265,1.2959527,1.0489037,-0.4535516,1.3825207,1.1336024,-0.41361585,-1.3276883,-0.41721067,-0.8252902,1.1692312,0.716733,-1.9373851,-1.9952316,-0.6482774,0.2259427,-1.4842898,0.25604376,0.14935823,1.4114058,10.325406,0
160315.62,-3.648413,-0.5932202,2.0009632,0.8191042,1.1692702,-0.037755035,-0.040094912,0.006734534,0.8442012,0.16094214,3.2081609,1.4631735,0.7667743,0.0077383346,1.2777663,2.0098078,1.1523371,-0.8858612,-0.45129567,0.95639026,0.073796816,-0.5689126,0.5876755,-1.2716966,0.47313166,0.018518414,-0.09561892,-0.11944077,9.808557,0
160910.17,-1.7234634,-0.325545,0.056411568,-0.53508717,-1.169676,-1.5813107,-0.7269944,-0.7686428,1.1299704,-0.1996698,-2.2731776,0.8004184,1.7098993,-2.3367414,-1.4278337,1.0656569,1.2983024,0.46030104,-0.16547656,-0.01875996,0.8458283,2.078015,-0.8162598,-0.87275743,-0.44730482,2.165171,1.1822401,0.13459173,45.918503,0
161218.95,0.4517686,0.50989825,0.24537101,-0.4031627,0.7548619,0.7041904,2.383861,-0.24688585,-0.82981837,-0.870347,0.6953772,0.31558126,1.8508537,-1.1057723,1.6440363,-0.5095242,0.95422363,-0.28753623,1.0429914,-0.8162192,-0.23627864,-0.8632773,0.5334715,-0.8114825,-0.4189723,-0.74905336,2.012979,-0.64618134,6.126139,0
161722.9,0.47752935,-0.10522413,-1.7763983,0.54113084,-0.29456875,1.940867,-0.066192634,-1.3442364,-0.07743887,1.7577665,-1.8081627,-0.3218727,0.9511652,0.7633341,-0.022273278,-1.029625,-1.35055,2.0811677,0.79548925,0.27027956,1.1741993,-0.79425734,0.41384092,-0.18074681,-0.7684146,1.1549058,0.45645034,0.13478398,13.07738,0
161740.84,-1.1624287,-0.39524415,-0.65396315,-0.82758427,-2.5160952,0.7212254,-0.40773076,0.40613726,-1.8219582,-1.0296026,0.42676893,0.33169657,0.7063801,-1.5502514,0.31751817,0.50481343,0.86261904,1.2503598,1.021751,-0.2332682,1.1328952,-0.99758244,-0.18940267,1.9846954,0.5369305,-0.12585694,-0.69663054,-0.6739037,10.443427,0
161755.34,-0.71210206,1.4671812,0.21530263,-0.410534,-2.1281695,1.4617991,0.025962114,0.58985025,1.1231021,-0.72539425,-0.20677216,-0.02170846,-0.20523217,-0.32669258,-0.39504412,-0.27826005,0.50904197,1.3094803,-2.7725537,-0.24101324,-0.6410954,1.2147845,0.5658116,-0.93318707,-0.7998236,-1.4804192,0.6467244,-0.07854302,53.019615,0
161757.5,1.370541,-0.11420989,-1.0245289,0.08959277,-1.0181177,-0.8461021,-2.0028138,2.469196,2.0650244,0.5700342,0.12978232,-0.6643382,-0.04133728,0.33848062,-1.6670729,0.32999536,-1.6712344,0.671357,1.733523,-0.5124002,1.5951139,-0.2429157,-1.48779,-0.97695786,-1.0968347,-0.18831775,0.009302923,1.8103294,16.69092,0
161873.81,-0.48403013,2.2995892,0.9080628,0.99593866,0.53122324,0.23632428,-0.7598679,-0.621836,0.080082625,-1.8560207,-0.9116863,0.12904233,-0.33783734,1.4695706,-0.1396099,0.74340683,-2.0670137,-0.42265907,0.63640046,0.92498326,0.045294963,-0.6259062,0.16296212,-1.1331403,1.1317449,-0.5467758,-0.24012525,-0.095614046,70.86921,0
162048.9,2.2429204,0.090742566,-1.2026966,-0.60459864,0.113799565,-0.94315994,0.98323995,-0.26779458,-2.12501,1.2745906,0.7805411,0.26542404,0.6212516,-0.5750197,0.3347449,-0.5664419,1.0379893,0.5977909,2.4614763,0.24988022,0.04974525,1.413474,-0.4627654,0.6355446,-0.1788814,0.5775773,-0.8616011,-1.0480219,5.0387387,0
162527.19,-0.0019198532,1.7853184,-0.28636613,-1.8423845,0.1843667,-0.22776555,-0.62894535,-0.5757585,0.60889053,0.62419313,-1.4483578,-0.37539506,-0.72034806,-0.6434877,0.6762254,-1.116108,-0.1800993,-0.3488327,-0.78232604,1.0357009,0.098981224,0.57949406,2.8622637,-0.041341595,-0.14748639,0.09130022,-0.46422005,-1.366372,18.93023,0
163465.45,0.40803617,0.3573194,-0.58605164,-1.9165975,1.9509435,0.7722115,-0.8288752,0.21211371,-0.90408915,0.8992311,1.2416372,0.9038257,-0.19110622,-0.052445766,-0.1980332,0.38581848,-1.2851821,1.6302761,-1.7634506,1.3363261,0.069315754,-0.91929024,0.15582506,-0.8962265,0.6924641,-1.0220269,-0.17779101,0.12711775,10.063659,1
163465.9,1.6168745,0.9629606,0.16432066,-1.2594131,-1.2690896,0.10182061,1.3095256,0.38169053,-0.66334945,0.55811703,-0.40925032,1.2888324,-2.3551698,0.35091296,-2.19254,-0.53338784,-0.20817193,0.40427938,0.007218457,0.45898077,-2.6301334,-1.2235839,-0.59639204,-0.3627956,-0.6675867,1.471008,0.8040964,-0.76089513,4.6123834,0
163955.06,0.13102712,-0.72461104,-0.64049006,-1.3131677,-0.027433354,-1.412641,1.3402544,-0.053374846,0.62657636,-0.16112351,-1.4026906,0.9698977,1.7230899,-0.15424682,-1.5416614,0.14609578,0.3640411,0.26236036,-0.27537233,-0.5064771,-0.1855064,1.15817,-1.3783017,-0.7915103,-0.46815318,1.090134,0.5110256,0.24660315,18.52251,0
164358.83,-1.002344,-0.8537592,-0.27089363,-0.15461075,0.30443552,-1.3150291,0.5169905,1.0863259,0.25455412,-1.0631487,1.5949368,-0.2762484,-0.22047459,1.0492684,2.0520196,-1.3433264,-0.08285113,0.12707266,0.653664,1.0403262,-1.3639464,0.016788164,1.3054062,0.29589128,0.30571526,1.5860555,1.8255762,-1.6195031,160.69583,0
164653.39,-0.10972745,0.45970595,-0.23613009,-1.1888802,-0.7362731,-1.381164,-0.45511734,-0.6169795,-0.48810878,-0.14007545,-0.067342654,0.7558215,0.45558044,-0.79914385,-1.092536,-0.25218272,-1.5519861,1.7402664,1.0749284,0.4656647,1.6263357,-1.549064,-0.35003272,2.6843767,-1.5413775,0.23696466,0.6743381,0.69025016,7.217506,0
165124.05,-0.035610735,0.9885532,-0.73438776,-0.702755,0.028326744,0.4914526,-0.23947106,0.98617405,-0.64960563,-0.9752363,1.9076359,0.0779614,1.4577867,0.12016093,1.4270495,0.7149519,1.8855569,-1.4337504,-0.08729415,2.6033678,1.5860829,-1.7831157,-0.7913521,0.5508644,0.22109905,-0.035733066,0.42429492,-1.0601649,17.236927,0
165631.36,-1.3647417,0.0402565,0.48509386,-0.7740859,-1.5999494,2.0638945,-0.80415,0.53849787,0.12583606,0.4861553,1.2213562,-1.235746,0.30029345,0.44521272,-0.93408674,0.60593253,1.004218,1.8382878,-0.24070805,0.31010288,0.8519383,-1.1160387,0.3362992,-0.09298851,-0.75571144,0.7035605,-0.30623037,0.04629726,4.1591973,0
165686.83,-0.25583208,-1.2863933,0.23838837,-0.44050786,1.4099063,1.3624582,-0.9947731,-0.01202992,-0.40946555,0.8067798,-0.7981457,0.6727294,1.4443437,-0.40023282,-0.18245591,-0.788358,-0.33537745,-0.18615381,0.5227198,0.69768804,-0.23846744,-1.2394845,0.6497188,-0.66497546,0.85547256,-0.577475,-1.037463,-0.3383032,3.4865987,0
166208.22,-0.7421921,-1.3602583,-0.08861394,1.3225043,-0.6816146,-1.8959852,-1.0444165,-0.31493664,-1.1092371,1.4768087,-0.0849898,0.14613163,-1.2417378,0.83970994,0.62520826,-1.1682644,-0.29509467,-1.406149,-0.25632867,0.2904239,-1.0080149,-2.046077,0.6339529,-1.3434001,0.54666334,0.13005956,-0.5698934,1.7183889,7.8091583,0
166957.14,0.9243578,-1.4271364,-0.43045834,0.6619476,2.0314002,1.4210759,-0.6180544,2.4266677,-0.3325632,0.37176764,0.12103794,2.593548,2.3973765,0.14895853,-0.8201944,0.015763689,0.35948738,-0.7522097,-0.3399821,-0.09909859,-0.657581,-1.099507,0.019750424,0.7336897,0.41454837,-0.1756779,-0.69983864,0.17148918,11.70505,0
167177.94,0.034611873,-1.7676221,0.796544,0.016129415,-0.032474324,0.9364004,-1.034721,-0.8170087,0.33959264,0.9245753,1.5263032,1.4572709,1.0871102,0.7888457,1.5922152,0.5610328,-1.1296214,-1.6508073,1.0371349,-0.25879154,1.9426419,-0.91908056,0.15919013,0.6793542,-1.6069586,-1.4610343,-2.560907,1.945472,12.345608,0
167465.92,-0.28279576,0.10948536,-0.23583424,-0.46102628,1.0280535,-1.5452999,-1.5637051,0.2979332,-0.17810346,-0.29714474,0.4375177,0.71115017,0.2092025,0.1941041,0.07572836,0.40517515,0.32267645,0.6536567,1.2597779,0.29424384,-0.6921974,-0.4626813,0.23203708,-0.466101,-0.103395395,0.1274555,-1.0086318,0.5607424,15.314039,0
167728.86,-0.10618193,1.1250439,-0.30669728,-0.43323267,-0.05330287,-0.30320162,0.21940267,-0.75021905,-1.4135087,-0.47827715,0.17629263,0.2491705,1.4250793,0.37640458,0.46085083,-0.5121598,-1.3307325,-1.038293,1.0839663,0.52117574,-2.3555954,1.6929101,0.33639628,1.213334,-1.1772666,-0.4409669,1.6022098,1.425406,2.778749,0
167923.83,0.22312202,-0.013415787,0.10469003,0.32774648,-0.030743832,1.0955224,0.23459558,1.7856207,0.98906463,0.47367188,-0.19987959,0.16372226,-1.1686349,-0.63239175,-0.267607,0.29782444,-0.070534214,0.16866766,-0.16822971,1.154388,1.0301656,-0.26684326,0.42488518,0.02110694,-0.036863904,-0.24255216,0.36860022,-0.2087982,9.476969,0
168579.73,0.6168142,-2.2604148,1.6965867,0.5841691,-0.5840293,0.5504335,1.7007928,0.88682634,-2.7388115,-0.38647288,-0.050557036,-1.0036894,-0.28861487,-0.6307717,0.6587203,1.5023555,-1.1685715,1.134217,-2.139789,0.30885056,1.5005031,-0.16757484,1.0944527,0.7747607,-2.3152797,0.36378494,-0.37652385,0.34550306,36.675545,0
169261.98,-0.9997122,-0.19076046,-1.3403562,-0.9076175,0.11912393,-1.309095,-0.66833836,-0.67834985,-0.44636515,0.26918578,1.3045921,-1.7389872,1.4442503,1.2243965,1.5787927,0.20514469,-1.118084,-0.6720169,-0.14820608,-0.46288916,1.6592157,0.50925535,0.05641486,0.296197,-1.5408323,1.2725332,0.39847982,1.2186435,3.9357674,0
169340.86,-1.0415876,-0.162799,0.76985687,0.036480755,0.3179987,0.61074215,0.2961006,0.512595,-0.6201984,-1.0611922,0.0037053507,-0.87255913,-1.8670602,0.63551044,-0.13128594,-1.633148,1.6457226,-0.2681037,-0.75798,-0.326854,1.038348,-0.23731807,-0.8168033,-0.17713588,1.1890336,-0.8487701,-1.9534045,0.90496,13.115899,0
169371.55,1.1046792,2.0959988,-1.8931712,-2.0316195,-0.7842585,-2.1375005,0.31271258,0.25769573,0.14817888,-0.8816277,-0.39499727,-0.04771702,0.56045777,-1.0229652,1.7297128,0.20320034,0.059225895,-1.3033667,-0.12972502,-1.3229369,1.2015197,0.40015295,-0.1442917,-0.9548846,0.36905318,-0.33655822,0.28209773,0.5309933,28.543022,0
170482.03,-0.4123369,-1.457138,0.21727316,0.21171379,-0.12504442,-0.22282217,-0.25383756,-0.51662475,0.5616618,0.6354093,-0.5645072,-2.1055393,0.53217614,0.18086343,-0.6115958,2.043957,0.20740649,-0.3883571,-0.6710909,1.6612139,0.052934073,0.28061488,0.75378084,-0.14553659,-0.35381585,-0.7650827,1.2774923,-0.32793483,7.8560166,0
171474.56,-1.4168421,-0.3906776,1.5750828,0.7621492,-0.61009884,1.1379567,0.74433357,0.7581642,1.1267648,0.8866901,-0.5537652,-0.5443218,1.9692258,-2.373776,0.764096,-1.2873908,-2.01138,2.5740237,-0.020739855,-0.54117364,-2.0762956,0.12258857,-1.786528,0.8420507,-0.9087433,-0.8301806,-0.121115945,-0.15877649,30.260078,0
172279.61,0.4438127,1.7058526,0.48866853,-0.28006864,2.299664,0.018394215,0.7752292,0.38930538,-0.71240485,-0.98565614,-1.402096,-0.24761303,-1.5829554,-0.57394016,0.48911434,0.029724661,-0.59700173,0.7779332,-1.0392756,0.9674405,0.027881041,2.7664661,-1.7807522,-0.50813514,-1.0842539,-0.59456897,-1.7719896,1.1376619,3.2370048,0
172637.3,0.46336982,0.44997835,0.17062508,1.816527,-0.08973077,-0.49893755,0.3274111,0.21569872,0.58658236,0.6706143,-0.75037533,-0.21542655,1.6096311,0.9610277,-1.068582,-0.22633544,0.46121213,-0.26473042,-1.2807175,0.27655086,0.6215728,0.91112584,0.91827613,0.4397414,0.20015575,-0.19645028,-0.41394055,1.3459113,58.331337,1
