metric,value
test_mse,871925340.9720303
test_rmse,29528.38195655208
test_mae,21618.696631506522
test_r2,0.9417444368333825
test_mape,8.714022366475323
